movie_id,title,metacritic_url,production_budget,box_office,runtime_minutes
1,!Women Art Revolution,https://www.metacritic.com/movie/!women-art-revolution,,,83
2,10 Cloverfield Lane,https://www.metacritic.com/movie/10-cloverfield-lane,15000000.0,108286422.0,104
3,10 Items or Less,https://www.metacritic.com/movie/10-items-or-less,,,82
4,10 Years,https://www.metacritic.com/movie/10-years,,987640.0,100
5,100 Bloody Acres,https://www.metacritic.com/movie/100-bloody-acres,,,91
6,100 Streets,https://www.metacritic.com/movie/100-streets,,307.0,93
7,"1,000 Times Good Night",https://www.metacritic.com/movie/1000-times-good-night,,,117
8,"10,000 BC",https://www.metacritic.com/movie/10000-bc,105000000.0,269065678.0,109
9,"10,000 km",https://www.metacritic.com/movie/10000-km,,20452.0,99
10,1001 Grams,https://www.metacritic.com/movie/1001-grams,,47019.0,93
11,Reykjavík,https://www.metacritic.com/movie/101-reykjavik,,,88
12,102 Dalmatians,https://www.metacritic.com/movie/102-dalmatians,85000000.0,,100
13,10th & Wolf,https://www.metacritic.com/movie/10th-wolf,8000000.0,143782.0,107
14,11 Flowers,https://www.metacritic.com/movie/11-flowers,,,110
15,11 Minutes,https://www.metacritic.com/movie/11-minutes,,,81
16,11/8/16,https://www.metacritic.com/movie/11816,,,104
17,12,https://www.metacritic.com/movie/12,,4581361.0,159
18,12-12-12,https://www.metacritic.com/movie/12-12-12,,,105
19,12 Hour Shift,https://www.metacritic.com/movie/12-hour-shift,,,87
20,12 Mighty Orphans,https://www.metacritic.com/movie/12-mighty-orphans,,3712409.0,118
21,12 O'Clock Boys,https://www.metacritic.com/movie/12-oclock-boys,,,76
22,12 Rounds,https://www.metacritic.com/movie/12-rounds,20000000.0,17306648.0,108
23,12 Strong,https://www.metacritic.com/movie/12-strong,35000000.0,71118378.0,130
24,12 Years a Slave,https://www.metacritic.com/movie/12-years-a-slave,20000000.0,180765061.0,134
25,12:08 East of Bucharest,https://www.metacritic.com/movie/1208-east-of-bucharest,,,89
26,127 Hours,https://www.metacritic.com/movie/127-hours,18000000.0,60217171.0,94
27,13,https://www.metacritic.com/movie/13,,3317662.0,97
28,13 Assassins,https://www.metacritic.com/movie/13-assassins,,,141
29,13 Going on 30,https://www.metacritic.com/movie/13-going-on-30,37000000.0,97658712.0,98
30,13 Hours: The Secret Soldiers of Benghazi,https://www.metacritic.com/movie/13-hours-the-secret-soldiers-of-benghazi,50000000.0,69411370.0,144
31,13 Minutes,https://www.metacritic.com/movie/13-minutes,,,114
32,13 Sins,https://www.metacritic.com/movie/13-sins,4000000.0,47552.0,88
33,13 Tzameti,https://www.metacritic.com/movie/13-tzameti,,,93
34,13th,https://www.metacritic.com/movie/13th,,566.0,100
35,14 Blades,https://www.metacritic.com/movie/14-blades,,,114
36,1408,https://www.metacritic.com/movie/1408,22500000.0,131263370.0,104
37,15 Minutes,https://www.metacritic.com/movie/15-minutes,42000000.0,56331864.0,120
38,16 Blocks,https://www.metacritic.com/movie/16-blocks,45000000.0,65595141.0,105
39,16 Years of Alcohol,https://www.metacritic.com/movie/16-years-of-alcohol,,,102
40,17 Again,https://www.metacritic.com/movie/17-again,40000000.0,139474906.0,102
41,17 Blocks,https://www.metacritic.com/movie/17-blocks,,,96
42,17 Girls,https://www.metacritic.com/movie/17-girls,,,86
43,1911,https://www.metacritic.com/movie/1911,,,125
44,1917,https://www.metacritic.com/movie/1917,100000000.0,370603379.0,119
45,1922,https://www.metacritic.com/movie/1922,,,102
46,1945,https://www.metacritic.com/movie/1945,,1102854.0,91
47,1971,https://www.metacritic.com/movie/1971,,,79
48,1985,https://www.metacritic.com/movie/1985,,34710.0,85
49,1BR,https://www.metacritic.com/movie/1br,,,90
50,"2 Autumns, 3 Winters",https://www.metacritic.com/movie/2-autumns-3-winters,,,91
51,2 Days in New York,https://www.metacritic.com/movie/2-days-in-new-york,,7418672.0,96
52,2 Days in Paris,https://www.metacritic.com/movie/2-days-in-paris,,,96
53,2 Fast 2 Furious,https://www.metacritic.com/movie/2-fast-2-furious,76000000.0,236410607.0,107
54,2 Guns,https://www.metacritic.com/movie/2-guns,61000000.0,132493015.0,109
55,2 Jacks,https://www.metacritic.com/movie/2-jacks,,,90
56,2 or 3 Things I Know About Him,https://www.metacritic.com/movie/2-or-3-things-i-know-about-him,,,85
57,20 Centimeters,https://www.metacritic.com/movie/20-centimeters,,,112
58,20 Feet from Stardom,https://www.metacritic.com/movie/20-feet-from-stardom,1000000.0,5892466.0,91
59,"20,000 Days on Earth",https://www.metacritic.com/movie/20000-days-on-earth,,1980839.0,97
60,2012,https://www.metacritic.com/movie/2012,200000000.0,757677748.0,158
61,2016: Obama's America,https://www.metacritic.com/movie/2016-obamas-america,2500000.0,,87
62,2046,https://www.metacritic.com/movie/2046,12000000.0,19278598.0,129
63,2067,https://www.metacritic.com/movie/2067,,2674.0,114
64,20th Century Women,https://www.metacritic.com/movie/20th-century-women,7000000.0,9353729.0,119
65,21,https://www.metacritic.com/movie/21,35000000.0,159846429.0,123
66,21 and Over,https://www.metacritic.com/movie/21-and-over,13000000.0,42195766.0,93
67,21 Bridges,https://www.metacritic.com/movie/21-bridges,33000000.0,42663460.0,99
68,21 Grams,https://www.metacritic.com/movie/21-grams,20000000.0,59667625.0,124
69,21 Jump Street,https://www.metacritic.com/movie/21-jump-street,42000000.0,202812429.0,109
70,21 Years: Richard Linklater,https://www.metacritic.com/movie/21-years-richard-linklater,,,78
71,211,https://www.metacritic.com/movie/211,,937961.0,86
72,22 July,https://www.metacritic.com/movie/22-july,,,143
73,22 Jump Street,https://www.metacritic.com/movie/22-jump-street,50000000.0,331333876.0,112
74,23 Blast,https://www.metacritic.com/movie/23-blast,1000000.0,,98
75,24 City,https://www.metacritic.com/movie/24-city,,42629.0,112
76,24 Days,https://www.metacritic.com/movie/24-days,,,108
77,24 Exposures,https://www.metacritic.com/movie/24-exposures,,,80
78,24 Frames,https://www.metacritic.com/movie/24-frames,,,114
79,24 Hour Party People,https://www.metacritic.com/movie/24-hour-party-people,,3604965.0,117
80,24 Hours on Craigslist,https://www.metacritic.com/movie/24-hours-on-craigslist,,,82
81,25th Hour,https://www.metacritic.com/movie/25th-hour,4500000.0,25344490.0,135
82,27 Dresses,https://www.metacritic.com/movie/27-dresses,30000000.0,160247805.0,111
83,28 Days,https://www.metacritic.com/movie/28-days,43000000.0,62063972.0,103
84,28 Days Later...,https://www.metacritic.com/movie/28-days-later,8000000.0,82955633.0,113
85,28 Hotel Rooms,https://www.metacritic.com/movie/28-hotel-rooms,,,82
86,28 Weeks Later,https://www.metacritic.com/movie/28-weeks-later,15000000.0,64232714.0,99
87,3,https://www.metacritic.com/movie/3,7200000.0,295492.0,119
88,"3 1/2 Minutes, 10 Bullets",https://www.metacritic.com/movie/3-12-minutes-10-bullets,,,98
89,"3, 2, 1... Frankie Go Boom",https://www.metacritic.com/movie/3-2-1-frankie-go-boom,,,89
90,3 Backyards,https://www.metacritic.com/movie/3-backyards,300000.0,,88
91,3-D Sex and Zen: Extreme Ecstasy,https://www.metacritic.com/movie/3-d-sex-and-zen-extreme-ecstasy,,5610901.0,129
92,3 Dancing Slaves,https://www.metacritic.com/movie/3-dancing-slaves,,,90
93,3 Days to Kill,https://www.metacritic.com/movie/3-days-to-kill,28000000.0,38959900.0,117
94,3 Faces,https://www.metacritic.com/movie/3-faces,,,100
95,3 Generations,https://www.metacritic.com/movie/3-generations,,,92
96,3 Hearts,https://www.metacritic.com/movie/3-hearts,,,106
97,3-Iron,https://www.metacritic.com/movie/3-iron,,,88
98,3 Needles,https://www.metacritic.com/movie/3-needles,,,127
99,3 Strikes,https://www.metacritic.com/movie/3-strikes,4000000.0,,82
100,30 Beats,https://www.metacritic.com/movie/30-beats,,52781.0,
101,30 Days of Night,https://www.metacritic.com/movie/30-days-of-night,30000000.0,80276156.0,113
102,30 Minutes or Less,https://www.metacritic.com/movie/30-minutes-or-less,28000000.0,41146935.0,83
103,300,https://www.metacritic.com/movie/300,60000000.0,454161935.0,117
104,300: Rise of an Empire,https://www.metacritic.com/movie/300-rise-of-an-empire,110000000.0,330780051.0,102
105,3000 Miles to Graceland,https://www.metacritic.com/movie/3000-miles-to-graceland,62000000.0,18708848.0,125
106,306 Hollywood,https://www.metacritic.com/movie/306-hollywood,,,94
107,31,https://www.metacritic.com/movie/31,1500000.0,922727.0,102
108,3:10 to Yuma,https://www.metacritic.com/movie/310-to-yuma,48000000.0,71171825.0,122
109,33 Postcards,https://www.metacritic.com/movie/33-postcards,,,97
110,35 Shots of Rum,https://www.metacritic.com/movie/35-shots-of-rum,,,100
111,360,https://www.metacritic.com/movie/360,,4141251.0,110
112,39 Pounds of Love,https://www.metacritic.com/movie/39-pounds-of-love,,30260.0,70
113,4,https://www.metacritic.com/movie/4,,,126
114,4 Days in France,https://www.metacritic.com/movie/4-days-in-france,,,137
115,"4 Months, 3 Weeks and 2 Days",https://www.metacritic.com/movie/4-months-3-weeks-and-2-days,,,113
116,40 Days and 40 Nights,https://www.metacritic.com/movie/40-days-and-40-nights,17000000.0,95092667.0,96
117,40 Years in the Making: The Magic Music Movie,https://www.metacritic.com/movie/40-years-in-the-making-the-magic-music-movie,,,99
118,42,https://www.metacritic.com/movie/42,31000000.0,97470701.0,128
119,44 Inch Chest,https://www.metacritic.com/movie/44-inch-chest,,,95
120,4:44 Last Day on Earth,https://www.metacritic.com/movie/444-last-day-on-earth,,36906.0,85
121,45 Years,https://www.metacritic.com/movie/45-years,,14275594.0,95
122,45365,https://www.metacritic.com/movie/45365,,,90
123,47 Meters Down,https://www.metacritic.com/movie/47-meters-down,5300000.0,62633705.0,89
124,47 Meters Down: Uncaged,https://www.metacritic.com/movie/47-meters-down-uncaged,12000000.0,47582563.0,90
125,47 Ronin,https://www.metacritic.com/movie/47-ronin,175000000.0,151716815.0,118
126,49 Up,https://www.metacritic.com/movie/49-up,,,
127,4th Man Out,https://www.metacritic.com/movie/4th-man-out,,,86
128,5 Broken Cameras,https://www.metacritic.com/movie/5-broken-cameras,,283292.0,90
129,5 Days of War,https://www.metacritic.com/movie/5-days-of-war,12000000.0,87793.0,120
130,5 Flights Up,https://www.metacritic.com/movie/5-flights-up,,4392594.0,92
131,5 Star Day,https://www.metacritic.com/movie/5-star-day,,,97
132,5 to 7,https://www.metacritic.com/movie/5-to-7,,588342.0,95
133,50 First Dates,https://www.metacritic.com/movie/50-first-dates,75000000.0,196320329.0,99
134,(500) Days of Summer,https://www.metacritic.com/movie/500-days-of-summer,,,95
135,50/50,https://www.metacritic.com/movie/5050,8000000.0,41334735.0,99
136,51 Birch Street,https://www.metacritic.com/movie/51-birch-street,350000.0,,90
137,52 Tuesdays,https://www.metacritic.com/movie/52-tuesdays,,24271.0,109
138,56 Up,https://www.metacritic.com/movie/56-up,,,144
139,5x2,https://www.metacritic.com/movie/5x2,,,90
140,6 Balloons,https://www.metacritic.com/movie/6-balloons,,,74
141,6 Days,https://www.metacritic.com/movie/6-days,,317072.0,94
142,6 Month Rule,https://www.metacritic.com/movie/6-month-rule,,,
143,6 Souls,https://www.metacritic.com/movie/6-souls,,708753.0,112
144,6 Underground,https://www.metacritic.com/movie/6-underground,,,128
145,63 Up,https://www.metacritic.com/movie/63-up,,,180
146,69: The Saga of Danny Hernandez,https://www.metacritic.com/movie/69-the-saga-of-danny-hernandez,,,102
147,6ixtynin9,https://www.metacritic.com/movie/6ixtynin9,,,118
148,7 Boxes,https://www.metacritic.com/movie/7-boxes,,,100
149,7 Chinese Brothers,https://www.metacritic.com/movie/7-chinese-brothers,,,76
150,7 Days in Entebbe,https://www.metacritic.com/movie/7-days-in-entebbe,,9596449.0,107
151,7 Days in September,https://www.metacritic.com/movie/7-days-in-september,,,94
152,7 Minutes,https://www.metacritic.com/movie/7-minutes,,,92
153,7 Prisoners,https://www.metacritic.com/movie/7-prisoners,,,93
154,'71,https://www.metacritic.com/movie/71,,4377258.0,99
155,71 Fragments of a Chronology of Chance,https://www.metacritic.com/movie/71-fragments-of-a-chronology-of-chance,,,100
156,7500,https://www.metacritic.com/movie/7500-2020,,,93
157,76 Days,https://www.metacritic.com/movie/76-days,,,93
158,78/52: Hitchcock’s Shower Scene,https://www.metacritic.com/movie/7852-hitchcocks-shower-scene,,46830.0,91
159,8 Mile,https://www.metacritic.com/movie/8-mile,41000000.0,245768384.0,110
160,8: The Mormon Proposition,https://www.metacritic.com/movie/8-the-mormon-proposition,2500000.0,,80
161,8 Women,https://www.metacritic.com/movie/8-women,,,111
162,8 ½ Women,https://www.metacritic.com/movie/8-women-2000,,,118
163,800 Bullets,https://www.metacritic.com/movie/800-bullets,,,124
164,88 Minutes,https://www.metacritic.com/movie/88-minutes,30000000.0,32955399.0,108
165,9,https://www.metacritic.com/movie/9,30000000.0,48559999.0,79
166,9 Dead Gay Guys,https://www.metacritic.com/movie/9-dead-gay-guys,,,83
167,9 Songs,https://www.metacritic.com/movie/9-songs,,315305.0,71
168,90 Minutes in Heaven,https://www.metacritic.com/movie/90-minutes-in-heaven,5000000.0,,121
169,95 Miles to Go,https://www.metacritic.com/movie/95-miles-to-go,,,81
170,96 Minutes,https://www.metacritic.com/movie/96-minutes,,,93
171,99 Homes,https://www.metacritic.com/movie/99-homes,,1989627.0,112
172,99%: The Occupy Wall Street Collaborative Film,https://www.metacritic.com/movie/99-the-occupy-wall-street-collaborative-film,,,
173,$9.99,https://www.metacritic.com/movie/999,,,78
174,A Bad Moms Christmas,https://www.metacritic.com/movie/a-bad-moms-christmas,28000000.0,127710550.0,104
175,A Bag of Hammers,https://www.metacritic.com/movie/a-bag-of-hammers,,,85
176,A Bag of Marbles,https://www.metacritic.com/movie/a-bag-of-marbles,,,110
177,A Band Called Death,https://www.metacritic.com/movie/a-band-called-death,,,96
178,A Beautiful Day in the Neighborhood,https://www.metacritic.com/movie/a-beautiful-day-in-the-neighborhood,45000000.0,68550222.0,109
179,A Beautiful Life,https://www.metacritic.com/movie/a-beautiful-life,,,81
180,A Beautiful Mind,https://www.metacritic.com/movie/a-beautiful-mind,78000000.0,317668058.0,135
181,A Better Life,https://www.metacritic.com/movie/a-better-life,10000000.0,1884251.0,98
182,A Bigger Splash,https://www.metacritic.com/movie/a-bigger-splash,,5731337.0,125
183,A Birder's Guide to Everything,https://www.metacritic.com/movie/a-birders-guide-to-everything,,,86
184,A Borrowed Identity,https://www.metacritic.com/movie/a-borrowed-identity,,967192.0,104
185,A Bottle in the Gaza Sea (Une bouteille à la mer),https://www.metacritic.com/movie/a-bottle-in-the-gaza-sea-une-bouteille-s-la-mer,,,100
186,A Boy Called Christmas,https://www.metacritic.com/movie/a-boy-called-christmas,,2542336.0,
187,A Brave Heart: The Lizzie Velasquez Story,https://www.metacritic.com/movie/a-brave-heart-the-lizzie-velasquez-story,,,78
188,A Bread Factory Part One: For the Sake of Gold,https://www.metacritic.com/movie/a-bread-factory-part-one-for-the-sake-of-gold,,575.0,122
189,A Bread Factory Part Two: Walk With Me a While,https://www.metacritic.com/movie/a-bread-factory-part-two-walk-with-me-a-while,,368.0,120
190,A Brilliant Young Mind,https://www.metacritic.com/movie/a-brilliant-young-mind,,,111
191,A Call to Spy,https://www.metacritic.com/movie/a-call-to-spy,,844254.0,123
192,A Case of You,https://www.metacritic.com/movie/a-case-of-you,,,89
193,A Cat in Paris,https://www.metacritic.com/movie/a-cat-in-paris,,,70
194,À cause d'un garçon,https://www.metacritic.com/movie/a-cause-dun-garcon,,,86
195,A Christmas Carol,https://www.metacritic.com/movie/a-christmas-carol,,,98
196,A Christmas Tale,https://www.metacritic.com/movie/a-christmas-tale,,,150
197,A Ciambra,https://www.metacritic.com/movie/a-ciambra,,,118
198,A Cinderella Story,https://www.metacritic.com/movie/a-cinderella-story,19000000.0,70112484.0,95
199,A Coffee In Berlin,https://www.metacritic.com/movie/a-coffee-in-berlin,,,83
200,A Common Thread,https://www.metacritic.com/movie/a-common-thread,,,89
201,A Cop Movie,https://www.metacritic.com/movie/a-cop-movie,,,107
202,A Country Called Home,https://www.metacritic.com/movie/a-country-called-home,,,90
203,A Crooked Somebody,https://www.metacritic.com/movie/a-crooked-somebody,,,102
204,A Cure for Wellness,https://www.metacritic.com/movie/a-cure-for-wellness,,24456980.0,146
205,A Dangerous Method,https://www.metacritic.com/movie/a-dangerous-method,20000000.0,14807531.0,99
206,A Dark Place,https://www.metacritic.com/movie/a-dark-place,,,89
207,A Day Without a Mexican,https://www.metacritic.com/movie/a-day-without-a-mexican,,10058001.0,100
208,A Decade Under the Influence,https://www.metacritic.com/movie/a-decade-under-the-influence,,,138
209,A Decent Factory,https://www.metacritic.com/movie/a-decent-factory,,,79
210,A Dirty Shame,https://www.metacritic.com/movie/a-dirty-shame,,,89
211,A Dog's Journey,https://www.metacritic.com/movie/a-dogs-journey,16000000.0,78870908.0,109
212,A Dog's Purpose,https://www.metacritic.com/movie/a-dogs-purpose,25000000.0,203055427.0,100
213,A Dog's Way Home,https://www.metacritic.com/movie/a-dogs-way-home,61000000.0,81152505.0,96
214,A Faithful Man,https://www.metacritic.com/movie/a-faithful-man,,,75
215,A Fall from Grace,https://www.metacritic.com/movie/a-fall-from-grace,,,120
216,A Family Affair,https://www.metacritic.com/movie/a-family-affair,,,107
217,A Family Affair,https://www.metacritic.com/movie/a-family-affair-2016,,61045.0,110
218,A Family Man,https://www.metacritic.com/movie/a-family-man,,2435792.0,108
219,A Fantastic Fear of Everything,https://www.metacritic.com/movie/a-fantastic-fear-of-everything,,,100
220,A Fantastic Woman,https://www.metacritic.com/movie/a-fantastic-woman,,,104
221,A Field in England,https://www.metacritic.com/movie/a-field-in-england,,,90
222,A Film Unfinished,https://www.metacritic.com/movie/a-film-unfinished,,,88
223,A Five Star Life,https://www.metacritic.com/movie/a-five-star-life,,,85
224,A Foreign Affair,https://www.metacritic.com/movie/a-foreign-affair,,,94
225,A Fragile Trust,https://www.metacritic.com/movie/a-fragile-trust,,,75
226,A Futile and Stupid Gesture,https://www.metacritic.com/movie/a-futile-and-stupid-gesture,,,101
227,A Gay Girl in Damascus: The Amina Profile,https://www.metacritic.com/movie/a-gay-girl-in-damascus-the-amina-profile,,,84
228,A Ghost Story,https://www.metacritic.com/movie/a-ghost-story,100000.0,2769782.0,92
229,A Girl Like Her,https://www.metacritic.com/movie/a-girl-like-her,,,91
230,A Girl Missing,https://www.metacritic.com/movie/a-girl-missing-2020,,,111
231,A Girl Walks Home Alone at Night,https://www.metacritic.com/movie/a-girl-walks-home-alone-at-night,,628020.0,99
232,A Glimpse Inside the Mind of Charles Swan III,https://www.metacritic.com/movie/a-glimpse-inside-the-mind-of-charles-swan-iii,,,86
233,A Glitch in the Matrix,https://www.metacritic.com/movie/a-glitch-in-the-matrix,,,108
234,A Good Baby,https://www.metacritic.com/movie/a-good-baby,,,87
235,A Good Day to Die Hard,https://www.metacritic.com/movie/a-good-day-to-die-hard,92000000.0,304249198.0,98
236,A Good Old Fashioned Orgy,https://www.metacritic.com/movie/a-good-old-fashioned-orgy,,,92
237,A Good Woman,https://www.metacritic.com/movie/a-good-woman,,,93
238,A Good Woman Is Hard to Find,https://www.metacritic.com/movie/a-good-woman-is-hard-to-find,,,97
239,A Good Year,https://www.metacritic.com/movie/a-good-year,35000000.0,42064105.0,118
240,A Gray State,https://www.metacritic.com/movie/a-gray-state,,,93
241,A Guide to Recognizing Your Saints,https://www.metacritic.com/movie/a-guide-to-recognizing-your-saints,,2127394.0,100
242,A Guy Thing,https://www.metacritic.com/movie/a-guy-thing,20000000.0,17430594.0,101
243,A Happening of Monumental Proportions,https://www.metacritic.com/movie/a-happening-of-monumental-proportions,,,81
244,A Hard Day,https://www.metacritic.com/movie/a-hard-day,,,111
245,A Haunted House,https://www.metacritic.com/movie/a-haunted-house,2500000.0,59922558.0,86
246,A Haunted House 2,https://www.metacritic.com/movie/a-haunted-house-2,4000000.0,21206861.0,86
247,A Hidden Life,https://www.metacritic.com/movie/a-hidden-life,,4290818.0,174
248,A Hijacking,https://www.metacritic.com/movie/a-hijacking,,,103
249,A History of Violence,https://www.metacritic.com/movie/a-history-of-violence,32000000.0,61477797.0,96
250,A Hole in My Heart,https://www.metacritic.com/movie/a-hole-in-my-heart,,,98
251,A Hole in One,https://www.metacritic.com/movie/a-hole-in-one,,,97
252,A Hologram for the King,https://www.metacritic.com/movie/a-hologram-for-the-king,35000000.0,11846010.0,98
253,A Home at the End of the World,https://www.metacritic.com/movie/a-home-at-the-end-of-the-world,6500000.0,1038228.0,97
254,A House on a Hill,https://www.metacritic.com/movie/a-house-on-a-hill,,,89
255,A Housekeeper,https://www.metacritic.com/movie/a-housekeeper,,,91
256,A Jihad for Love,https://www.metacritic.com/movie/a-jihad-for-love,,,81
257,A Journal for Jordan,https://www.metacritic.com/movie/a-journal-for-jordan,,6468531.0,131
258,A Kid Like Jake,https://www.metacritic.com/movie/a-kid-like-jake,,61869.0,92
259,A Kind of Murder,https://www.metacritic.com/movie/a-kind-of-murder,,91149.0,95
260,A Knight's Tale,https://www.metacritic.com/movie/a-knights-tale,41000000.0,100622586.0,132
261,A Land Imagined,https://www.metacritic.com/movie/a-land-imagined,,,95
262,A Late Quartet,https://www.metacritic.com/movie/a-late-quartet,,8038792.0,105
263,A League of Ordinary Gentlemen,https://www.metacritic.com/movie/a-league-of-ordinary-gentlemen,,,93
264,A LEGO Brickumentary,https://www.metacritic.com/movie/a-lego-brickumentary,,,93
265,A Letter to Momo,https://www.metacritic.com/movie/a-letter-to-momo,,,120
266,A Letter to True,https://www.metacritic.com/movie/a-letter-to-true,,,78
267,A Liar's Autobiography - The Untrue Story of Monty Python's Graham Chapman,https://www.metacritic.com/movie/a-liars-autobiography---the-untrue-story-of-monty-pythons-graham-chapman,,,85
268,A Little Bit of Heaven,https://www.metacritic.com/movie/a-little-bit-of-heaven,12500000.0,1100287.0,106
269,A Little Chaos,https://www.metacritic.com/movie/a-little-chaos,,10084623.0,117
270,A Little Help,https://www.metacritic.com/movie/a-little-help,,,105
271,A Long Way Down,https://www.metacritic.com/movie/a-long-way-down,,757280.0,96
272,A Lot Like Love,https://www.metacritic.com/movie/a-lot-like-love,25000000.0,41921590.0,107
273,A Love Affair of Sorts,https://www.metacritic.com/movie/a-love-affair-of-sorts,,,
274,A Love Divided,https://www.metacritic.com/movie/a-love-divided,,,98
275,A Love Song for Bobby Long,https://www.metacritic.com/movie/a-love-song-for-bobby-long,,983499.0,119
276,A Man Apart,https://www.metacritic.com/movie/a-man-apart,36000000.0,43797731.0,109
277,A Man Called Ove,https://www.metacritic.com/movie/a-man-called-ove,,,116
278,A Man Named Pearl,https://www.metacritic.com/movie/a-man-named-pearl,,,78
279,A Man's Gotta Do,https://www.metacritic.com/movie/a-mans-gotta-do,,,100
280,A Man's Story,https://www.metacritic.com/movie/a-mans-story,,,98
281,A Master Builder,https://www.metacritic.com/movie/a-master-builder,,,130
282,A Matter of Taste,https://www.metacritic.com/movie/a-matter-of-taste,,,90
283,A Merry Friggin' Christmas,https://www.metacritic.com/movie/a-merry-friggin-christmas,,,88
284,A Midsummer Night's Dream,https://www.metacritic.com/movie/a-midsummer-nights-dream-2018,,,105
285,A Mighty Heart,https://www.metacritic.com/movie/a-mighty-heart,15000000.0,19153568.0,108
286,A Mighty Wind,https://www.metacritic.com/movie/a-mighty-wind,6000000.0,18504539.0,91
287,A Million Little Pieces,https://www.metacritic.com/movie/a-million-little-pieces,,80971.0,113
288,A Million Ways to Die in the West,https://www.metacritic.com/movie/a-million-ways-to-die-in-the-west,40000000.0,86778557.0,116
289,A Monster Calls,https://www.metacritic.com/movie/a-monster-calls,43000000.0,46414530.0,108
290,A Monster with a Thousand Heads,https://www.metacritic.com/movie/a-monster-with-a-thousand-heads,,,74
291,A Most Violent Year,https://www.metacritic.com/movie/a-most-violent-year,20000000.0,8869722.0,125
292,A Most Wanted Man,https://www.metacritic.com/movie/a-most-wanted-man,15000000.0,36068890.0,122
293,A Mouthful of Air,https://www.metacritic.com/movie/a-mouthful-of-air,2300000.0,,105
294,A Murder in the Park,https://www.metacritic.com/movie/a-murder-in-the-park,,,91
295,A Night in Old Mexico,https://www.metacritic.com/movie/a-night-in-old-mexico,,,103
296,A Nightmare on Elm Street,https://www.metacritic.com/movie/a-nightmare-on-elm-street,35000000.0,117729621.0,95
297,A Perfect Day,https://www.metacritic.com/movie/a-perfect-day,,4011304.0,106
298,A Perfect Getaway,https://www.metacritic.com/movie/a-perfect-getaway,14000000.0,22815460.0,98
299,A Piece of Eden,https://www.metacritic.com/movie/a-piece-of-eden,,,106
300,A Pigeon Sat on a Branch Reflecting on Existence,https://www.metacritic.com/movie/a-pigeon-sat-on-a-branch-reflecting-on-existence,,,101
301,A Place at the Table,https://www.metacritic.com/movie/a-place-at-the-table,,,84
302,A Poem Is a Naked Person,https://www.metacritic.com/movie/a-poem-is-a-naked-person,,,90
303,A Prairie Home Companion,https://www.metacritic.com/movie/a-prairie-home-companion,10000000.0,26716191.0,105
304,A Prayer Before Dawn,https://www.metacritic.com/movie/a-prayer-before-dawn,,499527.0,116
305,A Previous Engagement,https://www.metacritic.com/movie/a-previous-engagement,,,
306,A Private War,https://www.metacritic.com/movie/a-private-war,,3944165.0,110
307,A Promise,https://www.metacritic.com/movie/a-promise,,1505231.0,98
308,A Prophet,https://www.metacritic.com/movie/a-prophet,,,155
309,A Quiet Passion,https://www.metacritic.com/movie/a-quiet-passion,,4131519.0,125
310,A Quiet Place,https://www.metacritic.com/movie/a-quiet-place,17000000.0,334876670.0,90
311,A Quiet Place Part II,https://www.metacritic.com/movie/a-quiet-place-part-ii,61000000.0,296667589.0,97
312,A Rainy Day in New York,https://www.metacritic.com/movie/a-rainy-day-in-new-york,,20253984.0,92
313,A Real Young Girl,https://www.metacritic.com/movie/a-real-young-girl,,,89
314,A River Below,https://www.metacritic.com/movie/a-river-below,,,86
315,A River Changes Course,https://www.metacritic.com/movie/a-river-changes-course,,,83
316,A Room for Romeo Brass,https://www.metacritic.com/movie/a-room-for-romeo-brass,5250000.0,,90
317,A Royal Affair,https://www.metacritic.com/movie/a-royal-affair,,,137
318,A Royal Night Out,https://www.metacritic.com/movie/a-royal-night-out,,5094646.0,97
319,A Rumor of Angels,https://www.metacritic.com/movie/a-rumor-of-angels,,,
320,A Scanner Darkly,https://www.metacritic.com/movie/a-scanner-darkly,20000000.0,7405084.0,100
321,A Screaming Man,https://www.metacritic.com/movie/a-screaming-man,,,92
322,A Secret,https://www.metacritic.com/movie/a-secret,,,105
323,A Secret Love,https://www.metacritic.com/movie/a-secret-love,,,81
324,A Separation,https://www.metacritic.com/movie/a-separation,,,123
325,A Serious Man,https://www.metacritic.com/movie/a-serious-man,7000000.0,30360570.0,106
326,A Shaun the Sheep Movie: Farmageddon,https://www.metacritic.com/movie/a-shaun-the-sheep-movie-farmageddon,,,86
327,A Short History of Decay,https://www.metacritic.com/movie/a-short-history-of-decay,,,94
328,A Shot at Glory,https://www.metacritic.com/movie/a-shot-at-glory,,,114
329,A Sidewalk Astronomer,https://www.metacritic.com/movie/a-sidewalk-astronomer,,,79
330,A Silent Love,https://www.metacritic.com/movie/a-silent-love,,,100
331,A Silent Voice,https://www.metacritic.com/movie/a-silent-voice,,,130
332,A Simple Favor,https://www.metacritic.com/movie/a-simple-favor,20000000.0,97628717.0,117
333,A Simple Life,https://www.metacritic.com/movie/a-simple-life,,,118
334,"A Woman, a Gun and a Noodle Shop",https://www.metacritic.com/movie/a-simple-noodle-story,,,95
335,A Single Man,https://www.metacritic.com/movie/a-single-man,7000000.0,28142379.0,99
336,A Single Shot,https://www.metacritic.com/movie/a-single-shot,,,116
337,A Sinner in Mecca,https://www.metacritic.com/movie/a-sinner-in-mecca,,,79
338,A Skin So Soft,https://www.metacritic.com/movie/a-skin-so-soft,,,93
339,A Slipping-Down Life,https://www.metacritic.com/movie/a-slipping-down-life,,,109
340,A Somewhat Gentle Man,https://www.metacritic.com/movie/a-somewhat-gentle-man,,,105
341,A Song for Martin,https://www.metacritic.com/movie/a-song-for-martin,,,117
342,A Sound of Thunder,https://www.metacritic.com/movie/a-sound-of-thunder,80000000.0,6300451.0,110
343,A Space Program,https://www.metacritic.com/movie/a-space-program,,,72
344,A Star Is Born,https://www.metacritic.com/movie/a-star-is-born,36000000.0,431870523.0,136
345,A State of Mind,https://www.metacritic.com/movie/a-state-of-mind,,,93
346,A Street Cat Named Bob,https://www.metacritic.com/movie/a-street-cat-named-bob,8000000.0,17382693.0,103
347,A Tale of Love and Darkness,https://www.metacritic.com/movie/a-tale-of-love-and-darkness,,717165.0,95
348,A Tale of Two Sisters,https://www.metacritic.com/movie/a-tale-of-two-sisters,,,115
349,A Talking Picture,https://www.metacritic.com/movie/a-talking-picture,,,96
350,A Taxi Driver,https://www.metacritic.com/movie/a-taxi-driver,,,137
351,A Teacher,https://www.metacritic.com/movie/a-teacher,,,75
352,A Thousand Cuts,https://www.metacritic.com/movie/a-thousand-cuts,,,110
353,A Thousand Peace Clouds Encircle the Sky,https://www.metacritic.com/movie/a-thousand-peace-clouds-encircle-the-sky,,,80
354,A Thousand Words,https://www.metacritic.com/movie/a-thousand-words,40000000.0,20790486.0,91
355,A Thousand Years of Good Prayers,https://www.metacritic.com/movie/a-thousand-years-of-good-prayers,,,83
356,A Time for Drunken Horses,https://www.metacritic.com/movie/a-time-for-drunken-horses,,,80
357,A Touch of Sin,https://www.metacritic.com/movie/a-touch-of-sin,,,133
358,A Town Called Panic,https://www.metacritic.com/movie/a-town-called-panic,,,75
359,A United Kingdom,https://www.metacritic.com/movie/a-united-kingdom,,11096020.0,111
360,A Very British Gangster,https://www.metacritic.com/movie/a-very-british-gangster,,,97
361,A Very Harold & Kumar Christmas,https://www.metacritic.com/movie/a-very-harold-kumar-christmas,,,90
362,A Very Long Engagement,https://www.metacritic.com/movie/a-very-long-engagement,,,133
363,A Vigilante,https://www.metacritic.com/movie/a-vigilante,,43366.0,91
364,A Walk Among the Tombstones,https://www.metacritic.com/movie/a-walk-among-the-tombstones,28000000.0,62108587.0,114
365,A Walk in the Woods,https://www.metacritic.com/movie/a-walk-in-the-woods,8000000.0,37119358.0,104
366,A Walk to Remember,https://www.metacritic.com/movie/a-walk-to-remember,11000000.0,46060861.0,101
367,A War,https://www.metacritic.com/movie/a-war,,,115
368,A Warrior's Heart,https://www.metacritic.com/movie/a-warriors-heart,,,86
369,A Week Away,https://www.metacritic.com/movie/a-week-away,,,90
370,A Whale of a Tale,https://www.metacritic.com/movie/a-whale-of-a-tale,,,97
371,"A White, White Day",https://www.metacritic.com/movie/a-white-white-day,,,109
372,A Wolf at the Door,https://www.metacritic.com/movie/a-wolf-at-the-door,,,100
373,"A Woman, a Part",https://www.metacritic.com/movie/a-woman-a-part,,,97
374,A Woman in Berlin,https://www.metacritic.com/movie/a-woman-in-berlin,,,131
375,A Woman Is a Woman,https://www.metacritic.com/movie/a-woman-is-a-woman,,,84
376,A Woman's Life,https://www.metacritic.com/movie/a-womans-life,,,119
377,A Wrinkle in Time,https://www.metacritic.com/movie/a-wrinkle-in-time,103000000.0,133214549.0,109
378,A Year Without Love,https://www.metacritic.com/movie/a-year-without-love,,,95
379,Aardvark,https://www.metacritic.com/movie/aardvark,,,89
380,Abacus: Small Enough to Jail,https://www.metacritic.com/movie/abacus-small-enough-to-jail,650000.0,,88
381,Abandon,https://www.metacritic.com/movie/abandon,25000000.0,12219367.0,99
382,Abattoir,https://www.metacritic.com/movie/abattoir,,581142.0,98
383,ABC Africa,https://www.metacritic.com/movie/abc-africa,,,83
384,ABCD,https://www.metacritic.com/movie/abcd,,,105
385,ABCs of Death 2,https://www.metacritic.com/movie/abcs-of-death-2,,,125
386,Abduction,https://www.metacritic.com/movie/abduction,35000000.0,86648359.0,106
387,Abduction: The Megumi Yokota Story,https://www.metacritic.com/movie/abduction-the-megumi-yokota-story,,,85
388,Abe,https://www.metacritic.com/movie/abe,,,85
389,Aberdeen,https://www.metacritic.com/movie/aberdeen,6500000.0,,106
390,Abigail Harm,https://www.metacritic.com/movie/abigail-harm,,,80
391,Abominable,https://www.metacritic.com/movie/abominable-2019,75000000.0,188659191.0,97
392,Abortion: Stories Women Tell,https://www.metacritic.com/movie/abortion-stories-women-tell,,,92
393,About a Boy,https://www.metacritic.com/movie/about-a-boy,27000000.0,130759651.0,101
394,About Adam,https://www.metacritic.com/movie/about-adam,,,105
395,About Alex,https://www.metacritic.com/movie/about-alex,,,96
396,About Cherry,https://www.metacritic.com/movie/about-cherry,,,102
397,About Elly (2009),https://www.metacritic.com/movie/about-elly-2009,,,119
398,About Endlessness,https://www.metacritic.com/movie/about-endlessness,,,78
399,About Last Night,https://www.metacritic.com/movie/about-last-night,13000000.0,50445860.0,100
400,About Schmidt,https://www.metacritic.com/movie/about-schmidt,30000000.0,107054484.0,125
401,About Time,https://www.metacritic.com/movie/about-time,12000000.0,87009638.0,123
402,Above and Beyond,https://www.metacritic.com/movie/above-and-beyond,1300000.0,,90
403,Above Suspicion,https://www.metacritic.com/movie/above-suspicion,,3684.0,104
404,Abraham Lincoln: Vampire Hunter,https://www.metacritic.com/movie/abraham-lincoln-vampire-hunter,67500000.0,137489730.0,105
405,Absolute Wilson,https://www.metacritic.com/movie/absolute-wilson,,,105
406,Absolutely Anything,https://www.metacritic.com/movie/absolutely-anything,,7167019.0,85
407,Absolutely Fabulous: The Movie,https://www.metacritic.com/movie/absolutely-fabulous-the-movie,,35672155.0,91
408,Abundant Acreage Available,https://www.metacritic.com/movie/abundant-acreage-available,,,80
409,Abuse of Weakness,https://www.metacritic.com/movie/abuse-of-weakness,,,105
410,"Acasă, My Home",https://www.metacritic.com/movie/acas-my-home,,,86
411,Accepted,https://www.metacritic.com/movie/accepted,,38314803.0,90
412,"Accidental Courtesy: Daryl Davis, Race & America",https://www.metacritic.com/movie/accidental-courtesy-daryl-davis-race-america,,,96
413,Accidental Love,https://www.metacritic.com/movie/accidental-love,,,100
414,A.C.O.D.,https://www.metacritic.com/movie/acod,,,88
415,Across the Universe,https://www.metacritic.com/movie/across-the-universe,45000000.0,29367143.0,133
416,Act of Valor,https://www.metacritic.com/movie/act-of-valor,12000000.0,82497035.0,101
417,Action Point,https://www.metacritic.com/movie/action-point,19000000.0,5103675.0,85
418,Active Measures,https://www.metacritic.com/movie/active-measures,,,109
419,Actor Martinez,https://www.metacritic.com/movie/actor-martinez,,,75
420,Actress,https://www.metacritic.com/movie/actress,,,86
421,Acts of Worship,https://www.metacritic.com/movie/acts-of-worship,,,94
422,Ad Astra,https://www.metacritic.com/movie/ad-astra,80000000.0,135432019.0,123
423,Adam,https://www.metacritic.com/movie/adam,3200000.0,2834485.0,99
424,Adam,https://www.metacritic.com/movie/adam-2019,,103252.0,95
425,Adam Resurrected,https://www.metacritic.com/movie/adam-resurrected,,,106
426,Adam & Steve,https://www.metacritic.com/movie/adam-steve,,,99
427,Adam's Apples,https://www.metacritic.com/movie/adams-apples,,,94
428,Adanggaman,https://www.metacritic.com/movie/adanggaman,,,90
429,Adaptation.,https://www.metacritic.com/movie/adaptation,18500000.0,32531759.0,114
430,Addicted,https://www.metacritic.com/movie/addicted,5000000.0,17499242.0,106
431,Addicted to Fresno,https://www.metacritic.com/movie/addicted-to-fresno,,,85
432,Addiction Incorporated,https://www.metacritic.com/movie/addiction-incorporated,,,102
433,Admission,https://www.metacritic.com/movie/admission,13000000.0,18733666.0,107
434,Adopt a Highway,https://www.metacritic.com/movie/adopt-a-highway,,,78
435,Adoration,https://www.metacritic.com/movie/adoration,4000000.0,384244.0,100
436,Adore,https://www.metacritic.com/movie/adore,,837034.0,100
437,Adored,https://www.metacritic.com/movie/adored,,,101
438,Adorenarin doraibu,https://www.metacritic.com/movie/adorenarin-doraibu,,,112
439,Adrift,https://www.metacritic.com/movie/adrift-2018,35000000.0,57897191.0,96
440,Adult Beginners,https://www.metacritic.com/movie/adult-beginners,,,92
441,Adult Life Skills,https://www.metacritic.com/movie/adult-life-skills,,103702.0,96
442,Adult World,https://www.metacritic.com/movie/adult-world,,,97
443,Advanced Style,https://www.metacritic.com/movie/advanced-style,,226903.0,72
444,Advantageous,https://www.metacritic.com/movie/advantageous,,,90
445,Adventureland,https://www.metacritic.com/movie/adventureland,9800000.0,17553055.0,107
446,Adventures of Power,https://www.metacritic.com/movie/adventures-of-power,,,89
447,Ae Fond Kiss...,https://www.metacritic.com/movie/ae-fond-kiss,,,104
448,Aferim!,https://www.metacritic.com/movie/aferim!,,,108
449,Affluenza,https://www.metacritic.com/movie/affluenza,,,85
450,Afghan Star,https://www.metacritic.com/movie/afghan-star,,112922.0,87
451,African Cats,https://www.metacritic.com/movie/african-cats,,22946607.0,89
452,After,https://www.metacritic.com/movie/after,,34358.0,99
453,After,https://www.metacritic.com/movie/after-2019,14000000.0,58090525.0,105
454,After Auschwitz,https://www.metacritic.com/movie/after-auschwitz,,,83
455,After Earth,https://www.metacritic.com/movie/after-earth,130000000.0,251499665.0,100
456,After Everything,https://www.metacritic.com/movie/after-everything,,2220.0,95
457,"After Fall, Winter",https://www.metacritic.com/movie/after-fall-winter,,,120
458,After Innocence,https://www.metacritic.com/movie/after-innocence,,,95
459,After Love,https://www.metacritic.com/movie/after-love,,,100
460,After Midnight,https://www.metacritic.com/movie/after-midnight,,,92
461,After Parkland,https://www.metacritic.com/movie/after-parkland,,,92
462,After the Cup: Sons of Sakhnin United,https://www.metacritic.com/movie/after-the-cup-sons-of-sakhnin-united,,,84
463,After the Dark,https://www.metacritic.com/movie/after-the-dark,,,107
464,After The Fall,https://www.metacritic.com/movie/after-the-fall,,,110
465,After the Life,https://www.metacritic.com/movie/after-the-life,,,124
466,After the Storm,https://www.metacritic.com/movie/after-the-storm-2016,,,117
467,After the Sunset,https://www.metacritic.com/movie/after-the-sunset,57000000.0,38329114.0,97
468,After the Wedding,https://www.metacritic.com/movie/after-the-wedding,,,120
469,After the Wedding,https://www.metacritic.com/movie/after-the-wedding-2019,,2940227.0,112
470,After Tiller,https://www.metacritic.com/movie/after-tiller,,,85
471,After Words,https://www.metacritic.com/movie/after-words,,,91
472,Afterimage,https://www.metacritic.com/movie/afterimage,,,98
473,After.Life,https://www.metacritic.com/movie/afterlife,4500000.0,2481925.0,104
474,Aftermath,https://www.metacritic.com/movie/aftermath,,,107
475,Aftermath,https://www.metacritic.com/movie/aftermath-2014,,,92
476,Aftermath,https://www.metacritic.com/movie/aftermath-2017,,434353.0,94
477,Afternoon Delight,https://www.metacritic.com/movie/afternoon-delight,,,
478,Afternoon of a Faun: Tanaquil Le Clercq,https://www.metacritic.com/movie/afternoon-of-a-faun-tanaquil-le-clercq,,,91
479,Afterschool,https://www.metacritic.com/movie/afterschool,,,120
480,Aftershock,https://www.metacritic.com/movie/aftershock,,,89
481,Against the Ropes,https://www.metacritic.com/movie/against-the-ropes,39000000.0,6429865.0,111
482,Age of Uprising: The Legend of Michael Kohlhaas,https://www.metacritic.com/movie/age-of-uprising-the-legend-of-michael-kohlhaas,,,122
483,Agent Cody Banks,https://www.metacritic.com/movie/agent-cody-banks,25000000.0,58240458.0,102
484,Agent Cody Banks 2: Destination London,https://www.metacritic.com/movie/agent-cody-banks-2-destination-london,26000000.0,28703083.0,100
485,Agnes,https://www.metacritic.com/movie/agnes,,334066.0,93
486,Agnes and His Brothers,https://www.metacritic.com/movie/agnes-and-his-brothers,,,115
487,Agora,https://www.metacritic.com/movie/agora,70000000.0,38992292.0,127
488,Ahead of Time,https://www.metacritic.com/movie/ahead-of-time,,,73
489,A.I. Artificial Intelligence,https://www.metacritic.com/movie/ai-artificial-intelligence,,,146
490,Ai Weiwei: Never Sorry,https://www.metacritic.com/movie/ai-weiwei-never-sorry,,807756.0,91
491,Ai Weiwei: The Fake Case,https://www.metacritic.com/movie/ai-weiwei-the-fake-case,,,86
492,Aileen: Life and Death of a Serial Killer,https://www.metacritic.com/movie/aileen-life-and-death-of-a-serial-killer,,118973.0,90
493,Ailey,https://www.metacritic.com/movie/ailey,,213981.0,82
494,Aimee & Jaguar,https://www.metacritic.com/movie/aimee-jaguar,,,125
495,Ain't in It for My Health: A Film About Levon Helm,https://www.metacritic.com/movie/aint-in-it-for-my-health-a-film-about-levon-helm,,,
496,Ain't Them Bodies Saints,https://www.metacritic.com/movie/aint-them-bodies-saints,5000000.0,1075009.0,96
497,Air Guitar Nation,https://www.metacritic.com/movie/air-guitar-nation,,83650.0,81
498,Ajami,https://www.metacritic.com/movie/ajami,1000000.0,2721096.0,120
499,AKA,https://www.metacritic.com/movie/aka,,,123
500,A/k/a Tommy Chong,https://www.metacritic.com/movie/aka-tommy-chong,,,80
501,Akeelah and the Bee,https://www.metacritic.com/movie/akeelah-and-the-bee,8000000.0,18959424.0,112
502,Akilla's Escape,https://www.metacritic.com/movie/akillas-escape,,,90
503,Al Franken: God Spoke,https://www.metacritic.com/movie/al-franken-god-spoke,,,90
504,Aladdin,https://www.metacritic.com/movie/aladdin-2019,182000000.0,1046649706.0,128
505,Alan Partridge,https://www.metacritic.com/movie/alan-partridge,,8253426.0,90
506,Albatross,https://www.metacritic.com/movie/albatross,,,90
507,Albert Nobbs,https://www.metacritic.com/movie/albert-nobbs,7500000.0,8539003.0,113
508,Alex Cross,https://www.metacritic.com/movie/alex-cross,35000000.0,35426759.0,101
509,Alex & Emma,https://www.metacritic.com/movie/alex-emma,30000000.0,15358583.0,96
510,Alex of Venice,https://www.metacritic.com/movie/alex-of-venice,,588.0,86
511,Alex Rider: Operation Stormbreaker,https://www.metacritic.com/movie/alex-rider-operation-stormbreaker,40000000.0,20722450.0,93
512,Alex Strangelove,https://www.metacritic.com/movie/alex-strangelove,,,99
513,Alexander,https://www.metacritic.com/movie/alexander,155000000.0,167297191.0,175
514,"Alexander and the Terrible, Horrible, No Good, Very Bad Day",https://www.metacritic.com/movie/alexander-and-the-terrible-horrible-no-good-very-bad-day,28000000.0,101379287.0,81
515,Alexandra,https://www.metacritic.com/movie/alexandra,,,95
516,Alfie,https://www.metacritic.com/movie/alfie,40000000.0,35195939.0,103
517,Ali,https://www.metacritic.com/movie/ali,109000000.0,87683966.0,157
518,Ali G Indahouse,https://www.metacritic.com/movie/ali-g-indahouse,,,85
519,Alias Betty,https://www.metacritic.com/movie/alias-betty,,,103
520,Alice,https://www.metacritic.com/movie/alice-2019,,9194.0,103
521,Alice et Martin,https://www.metacritic.com/movie/alice-et-martin,,,120
522,Alice in Wonderland,https://www.metacritic.com/movie/alice-in-wonderland,200000000.0,1025491110.0,108
523,Alice Neel,https://www.metacritic.com/movie/alice-neel,,,81
524,Alice Through the Looking Glass,https://www.metacritic.com/movie/alice-through-the-looking-glass,170000000.0,276928112.0,113
525,Alice's House,https://www.metacritic.com/movie/alices-house,,,92
526,Alien Abduction,https://www.metacritic.com/movie/alien-abduction,,,85
527,Alien: Covenant,https://www.metacritic.com/movie/alien-covenant,97000000.0,238521247.0,122
528,Alien Girl,https://www.metacritic.com/movie/alien-girl,,,
529,Alien Outpost,https://www.metacritic.com/movie/alien-outpost,,45769.0,90
530,Alien Trespass,https://www.metacritic.com/movie/alien-trespass,,,90
531,Aliens in the Attic,https://www.metacritic.com/movie/aliens-in-the-attic,45000000.0,59551283.0,86
532,Aliens of the Deep,https://www.metacritic.com/movie/aliens-of-the-deep,,12765684.0,47
533,Alila,https://www.metacritic.com/movie/alila,,,123
534,Alita: Battle Angel,https://www.metacritic.com/movie/alita-battle-angel,170000000.0,401900040.0,122
535,Alive Inside,https://www.metacritic.com/movie/alive-inside-2014,,,78
536,Aliyah,https://www.metacritic.com/movie/aliyah,,,90
537,All About Lily Chou-Chou,https://www.metacritic.com/movie/all-about-lily-chou-chou,,,146
538,All About Nina,https://www.metacritic.com/movie/all-about-nina,,,97
539,All About Steve,https://www.metacritic.com/movie/all-about-steve,15000000.0,40127259.0,99
540,All About the Benjamins,https://www.metacritic.com/movie/all-about-the-benjamins,14000000.0,25873145.0,95
541,All Access: Front Row. Backstage. Live!,https://www.metacritic.com/movie/all-access-front-row-backstage-live!,,,
542,All Cheerleaders Die,https://www.metacritic.com/movie/all-cheerleaders-die,,,89
543,All Day and a Night,https://www.metacritic.com/movie/all-day-and-a-night,,,121
544,All Eyez on Me,https://www.metacritic.com/movie/all-eyez-on-me,45000000.0,57697426.0,139
545,All Good Things,https://www.metacritic.com/movie/all-good-things,20000000.0,873617.0,120
546,All I Can Say,https://www.metacritic.com/movie/all-i-can-say,,,102
547,All I See Is You,https://www.metacritic.com/movie/all-i-see-is-you,,646946.0,109
548,All I Wish,https://www.metacritic.com/movie/all-i-wish,,,94
549,All In: The Fight for Democracy,https://www.metacritic.com/movie/all-in-the-fight-for-democracy,,,102
550,All In: The Poker Movie,https://www.metacritic.com/movie/all-in-the-poker-movie,,,100
551,All Is Bright,https://www.metacritic.com/movie/all-is-bright,,,107
552,All Is Forgiven (2007),https://www.metacritic.com/movie/all-is-forgiven-2007,,,105
553,All Is Lost,https://www.metacritic.com/movie/all-is-lost,8500000.0,10386814.0,106
554,All Is True,https://www.metacritic.com/movie/all-is-true,,3017698.0,101
555,All Is Well,https://www.metacritic.com/movie/all-is-well,,,90
556,"All Light, Everywhere",https://www.metacritic.com/movie/all-light-everywhere,,,105
557,All My Life,https://www.metacritic.com/movie/all-my-life,25000000.0,2015472.0,91
558,All My Loved Ones,https://www.metacritic.com/movie/all-my-loved-ones,,,91
559,All or Nothing,https://www.metacritic.com/movie/all-or-nothing,9000000.0,186240.0,128
560,All Over the Guy,https://www.metacritic.com/movie/all-over-the-guy,,,95
561,All Relative,https://www.metacritic.com/movie/all-relative,,,85
562,All Saints,https://www.metacritic.com/movie/all-saints,2000000.0,5946247.0,108
563,All the Boys Love Mandy Lane,https://www.metacritic.com/movie/all-the-boys-love-mandy-lane,750000.0,1960521.0,90
564,All the Bright Places,https://www.metacritic.com/movie/all-the-bright-places,,,107
565,All the King's Men,https://www.metacritic.com/movie/all-the-kings-men,55000000.0,9521458.0,128
566,All the Light in the Sky,https://www.metacritic.com/movie/all-the-light-in-the-sky,,,79
567,All the Money in the World,https://www.metacritic.com/movie/all-the-money-in-the-world,50000000.0,56890649.0,132
568,All the Pretty Horses,https://www.metacritic.com/movie/all-the-pretty-horses,45000000.0,18120267.0,116
569,All the Queen's Men,https://www.metacritic.com/movie/all-the-queens-men,15000000.0,,99
570,All the Rage,https://www.metacritic.com/movie/all-the-rage,,,99
571,All the Real Girls,https://www.metacritic.com/movie/all-the-real-girls,1000000.0,703020.0,108
572,All the Wilderness,https://www.metacritic.com/movie/all-the-wilderness,,,85
573,All These Sleepless Nights,https://www.metacritic.com/movie/all-these-sleepless-nights,,,100
574,All These Small Moments,https://www.metacritic.com/movie/all-these-small-moments,,,100
575,All Things Must Pass,https://www.metacritic.com/movie/all-things-must-pass,,,94
576,All This Panic,https://www.metacritic.com/movie/all-this-panic,,11909.0,79
577,All Together,https://www.metacritic.com/movie/all-together,,,96
578,All Together Now,https://www.metacritic.com/movie/all-together-now-2020,,,92
579,All We Had,https://www.metacritic.com/movie/all-we-had,,,105
580,Allah Made Me Funny: Live in Concert,https://www.metacritic.com/movie/allah-made-me-funny-live-in-concert,,,83
581,Allegiance,https://www.metacritic.com/movie/allegiance,,,
582,Alléluia,https://www.metacritic.com/movie/alleluia,,,93
583,Allied,https://www.metacritic.com/movie/allied,106000000.0,119266661.0,124
584,All's Faire in Love,https://www.metacritic.com/movie/alls-faire-in-love,,,104
585,Allure,https://www.metacritic.com/movie/allure-2018,,39.0,105
586,Almost Christmas,https://www.metacritic.com/movie/almost-christmas,17000000.0,42493506.0,111
587,Almost Famous,https://www.metacritic.com/movie/almost-famous,60000000.0,47371191.0,122
588,Almost Holy,https://www.metacritic.com/movie/almost-holy,,,96
589,Almost Love,https://www.metacritic.com/movie/almost-love,,,94
590,Almost Peaceful,https://www.metacritic.com/movie/almost-peaceful,,,94
591,Almost There,https://www.metacritic.com/movie/almost-there,,,93
592,Aloft,https://www.metacritic.com/movie/aloft,8000000.0,531139.0,112
593,Aloha,https://www.metacritic.com/movie/aloha,37000000.0,25387091.0,105
594,Alone,https://www.metacritic.com/movie/alone,,599759.0,98
595,Alone in Berlin,https://www.metacritic.com/movie/alone-in-berlin,,1724705.0,103
596,Alone in the Dark,https://www.metacritic.com/movie/alone-in-the-dark,20000000.0,10588079.0,96
597,Alone with Her,https://www.metacritic.com/movie/alone-with-her,1000000.0,844377.0,78
598,Along Came a Spider,https://www.metacritic.com/movie/along-came-a-spider,28000000.0,105159085.0,104
599,Along Came Polly,https://www.metacritic.com/movie/along-came-polly,42000000.0,173044410.0,90
600,Alpha,https://www.metacritic.com/movie/alpha,51000000.0,99624873.0,96
601,Alpha and Omega,https://www.metacritic.com/movie/alpha-and-omega,20000000.0,48958353.0,88
602,Alpha Dog,https://www.metacritic.com/movie/alpha-dog,,32514319.0,122
603,Alps,https://www.metacritic.com/movie/alps,,,93
604,Already Tomorrow in Hong Kong,https://www.metacritic.com/movie/already-tomorrow-in-hong-kong,,,78
605,Alvin and the Chipmunks,https://www.metacritic.com/movie/alvin-and-the-chipmunks,55000000.0,362605033.0,92
606,Alvin and the Chipmunks: Chipwrecked,https://www.metacritic.com/movie/alvin-and-the-chipmunks-chipwrecked,80000000.0,349088523.0,87
607,Alvin and the Chipmunks: The Road Chip,https://www.metacritic.com/movie/alvin-and-the-chipmunks-the-road-chip,90000000.0,249517956.0,92
608,Alvin and the Chipmunks: The Squeakquel,https://www.metacritic.com/movie/alvin-and-the-chipmunks-the-squeakquel,70000000.0,443483213.0,88
609,Always at The Carlyle,https://www.metacritic.com/movie/always-at-the-carlyle,,,92
610,Always Be My Maybe,https://www.metacritic.com/movie/always-be-my-maybe,,,101
611,Always in Season,https://www.metacritic.com/movie/always-in-season,,,89
612,Always Shine,https://www.metacritic.com/movie/always-shine,,,85
613,Always Woodstock,https://www.metacritic.com/movie/always-woodstock,2400000.0,,97
614,Amanda Knox,https://www.metacritic.com/movie/amanda-knox,,398.0,92
615,Amandla! A Revolution in Four Part Harmony,https://www.metacritic.com/movie/amandla!-a-revolution-in-four-part-harmony,,475923.0,108
616,Amazing Grace,https://www.metacritic.com/movie/amazing-grace,,32183710.0,111
617,Amazing Grace,https://www.metacritic.com/movie/amazing-grace-1972,,9797314.0,87
618,Amelia,https://www.metacritic.com/movie/amelia,40000000.0,19756077.0,111
619,Amélie,https://www.metacritic.com/movie/amelie,,,122
620,Amen.,https://www.metacritic.com/movie/amen,14000000.0,,132
621,Amer,https://www.metacritic.com/movie/amer,,,90
622,America: Freedom to Fascism,https://www.metacritic.com/movie/america-freedom-to-fascism,,,95
623,America: Imagine a World Without Her,https://www.metacritic.com/movie/america-imagine-a-world-without-her,,,105
624,America the Beautiful,https://www.metacritic.com/movie/america-the-beautiful,,,105
625,America: The Motion Picture,https://www.metacritic.com/movie/america-the-motion-picture,,,98
626,American Adobo,https://www.metacritic.com/movie/american-adobo,,,104
627,American Animal,https://www.metacritic.com/movie/american-animal,,,95
628,American Animals,https://www.metacritic.com/movie/american-animals,,4535409.0,116
629,American Assassin,https://www.metacritic.com/movie/american-assassin,63000000.0,68310140.0,112
630,American Blackout,https://www.metacritic.com/movie/american-blackout,,,92
631,American Cannibal: The Road to Reality,https://www.metacritic.com/movie/american-cannibal-the-road-to-reality,,,87
632,American Casino,https://www.metacritic.com/movie/american-casino,,,89
633,American Chai,https://www.metacritic.com/movie/american-chai,,,92
634,American Chaos,https://www.metacritic.com/movie/american-chaos,,,90
635,American Desi,https://www.metacritic.com/movie/american-desi,250000.0,1366235.0,100
636,American Dharma,https://www.metacritic.com/movie/american-dharma,,,95
637,American Dreamz,https://www.metacritic.com/movie/american-dreamz,17000000.0,16510971.0,107
638,American Fable,https://www.metacritic.com/movie/american-fable,,,96
639,American Factory,https://www.metacritic.com/movie/american-factory,,,115
640,American Folk,https://www.metacritic.com/movie/american-folk,,92242.0,99
641,American Gangster,https://www.metacritic.com/movie/american-gangster,100000000.0,267985456.0,157
642,American Gun,https://www.metacritic.com/movie/american-gun,,,95
643,American Hardcore,https://www.metacritic.com/movie/american-hardcore,,287987.0,100
644,American Honey,https://www.metacritic.com/movie/american-honey,3500000.0,2611750.0,163
645,American Hustle,https://www.metacritic.com/movie/american-hustle,40000000.0,257858943.0,138
646,American Made,https://www.metacritic.com/movie/american-made,50000000.0,135569212.0,115
647,American Made Movie,https://www.metacritic.com/movie/american-made-movie,,,82
648,American Mary,https://www.metacritic.com/movie/american-mary,,,103
649,American Outlaws,https://www.metacritic.com/movie/american-outlaws,35000000.0,13601109.0,94
650,American Pastoral,https://www.metacritic.com/movie/american-pastoral,,1892175.0,108
651,American Pie 2,https://www.metacritic.com/movie/american-pie-2,30000000.0,286500000.0,108
652,American Pimp,https://www.metacritic.com/movie/american-pimp,,,87
653,American Promise,https://www.metacritic.com/movie/american-promise,,,135
654,American Psycho,https://www.metacritic.com/movie/american-psycho,8000000.0,34270285.0,102
655,American Renegades,https://www.metacritic.com/movie/american-renegades,,,106
656,American Reunion,https://www.metacritic.com/movie/american-reunion,50000000.0,236799211.0,113
657,American Skin,https://www.metacritic.com/movie/american-skin,,,
658,American Sniper,https://www.metacritic.com/movie/american-sniper,58000000.0,547326372.0,132
659,American Son,https://www.metacritic.com/movie/american-son,,,90
660,American Splendor,https://www.metacritic.com/movie/american-splendor,2000000.0,8685632.0,101
661,American Swing,https://www.metacritic.com/movie/american-swing,,,81
662,American Teacher,https://www.metacritic.com/movie/american-teacher,,,81
663,American Teen,https://www.metacritic.com/movie/american-teen,5000000.0,989319.0,95
664,American: The Bill Hicks Story,https://www.metacritic.com/movie/american-the-bill-hicks-story,,,102
665,American Ultra,https://www.metacritic.com/movie/american-ultra,28000000.0,30295028.0,96
666,American Underdog,https://www.metacritic.com/movie/american-underdog,,,112
667,American Violet,https://www.metacritic.com/movie/american-violet,,,103
668,American Virgin,https://www.metacritic.com/movie/american-virgin,,,88
669,American Wedding,https://www.metacritic.com/movie/american-wedding,55000000.0,232354205.0,96
670,American Woman,https://www.metacritic.com/movie/american-woman-2019,,245436.0,111
671,Americano,https://www.metacritic.com/movie/americano-2012,,,90
672,America's Heart and Soul,https://www.metacritic.com/movie/americas-heart-and-soul,,,84
673,America's Sweethearts,https://www.metacritic.com/movie/americas-sweethearts,46000000.0,160648493.0,102
674,Amigo,https://www.metacritic.com/movie/amigo,1500000.0,,128
675,Amira & Sam,https://www.metacritic.com/movie/amira-sam,,,90
676,Ammonite,https://www.metacritic.com/movie/ammonite,,1130100.0,120
677,Amnesia,https://www.metacritic.com/movie/amnesia-2015,,179265.0,96
678,Amnesiac,https://www.metacritic.com/movie/amnesiac,3000000.0,,90
679,Among Ravens,https://www.metacritic.com/movie/among-ravens,,,103
680,Among the Believers,https://www.metacritic.com/movie/among-the-believers,,,84
681,Amores Perros,https://www.metacritic.com/movie/amores-perros,2000000.0,20883834.0,154
682,Amour,https://www.metacritic.com/movie/amour,9700000.0,36787044.0,127
683,Amour Fou,https://www.metacritic.com/movie/amour-fou,,,96
684,Amreeka,https://www.metacritic.com/movie/amreeka,,,96
685,Amu,https://www.metacritic.com/movie/amu,,,102
686,Amulet,https://www.metacritic.com/movie/amulet,,32845.0,99
687,Amy,https://www.metacritic.com/movie/amy,,6483425.0,104
688,Amy,https://www.metacritic.com/movie/amy-2015,,23778585.0,128
689,Amy's Orgasm,https://www.metacritic.com/movie/amys-orgasm,,,87
690,An Acceptable Loss,https://www.metacritic.com/movie/an-acceptable-loss,,,102
691,An Adolescent,https://www.metacritic.com/movie/an-adolescent,,,132
692,An Affair of Love,https://www.metacritic.com/movie/an-affair-of-love,,,80
693,An Amazing Couple,https://www.metacritic.com/movie/an-amazing-couple,,,97
694,An American Affair,https://www.metacritic.com/movie/an-american-affair,,,93
695,An American Carol,https://www.metacritic.com/movie/an-american-carol,20000000.0,7022183.0,83
696,An American Haunting,https://www.metacritic.com/movie/an-american-haunting,14000000.0,30443277.0,83
697,An American Pickle,https://www.metacritic.com/movie/an-american-pickle,,,88
698,An American Rhapsody,https://www.metacritic.com/movie/an-american-rhapsody,,,106
699,An Easy Girl,https://www.metacritic.com/movie/an-easy-girl,,,92
700,An Education,https://www.metacritic.com/movie/an-education,7500000.0,29652736.0,100
701,An Elephant Sitting Still,https://www.metacritic.com/movie/an-elephant-sitting-still,,,230
702,An Evening with Beverly Luff Linn,https://www.metacritic.com/movie/an-evening-with-beverly-luff-linn,,15885.0,108
703,An Everlasting Piece,https://www.metacritic.com/movie/an-everlasting-piece,4000000.0,,103
704,An Eye for Beauty,https://www.metacritic.com/movie/an-eye-for-beauty,,,102
705,An Honest Liar,https://www.metacritic.com/movie/an-honest-liar,,,90
706,An Inconvenient Sequel: Truth to Power,https://www.metacritic.com/movie/an-inconvenient-sequel-truth-to-power,,,98
707,An Inconvenient Truth,https://www.metacritic.com/movie/an-inconvenient-truth,1000000.0,53365925.0,100
708,An Invisible Sign,https://www.metacritic.com/movie/an-invisible-sign,,,96
709,An Open Secret,https://www.metacritic.com/movie/an-open-secret,,,99
710,An Ordinary Man,https://www.metacritic.com/movie/an-ordinary-man,,,90
711,An Oversimplification of Her Beauty,https://www.metacritic.com/movie/an-oversimplification-of-her-beauty,,,93
712,An Unfinished Life,https://www.metacritic.com/movie/an-unfinished-life,30000000.0,18535575.0,108
713,An Unreasonable Man,https://www.metacritic.com/movie/an-unreasonable-man,,,122
714,Ana Maria in Novela Land,https://www.metacritic.com/movie/ana-maria-in-novela-land,,,89
715,Anacondas: The Hunt for the Blood Orchid,https://www.metacritic.com/movie/anacondas-the-hunt-for-the-blood-orchid,25000000.0,70326393.0,97
716,Analyze That,https://www.metacritic.com/movie/analyze-that,60000000.0,54994757.0,96
717,Anamorph,https://www.metacritic.com/movie/anamorph,,,107
718,Anatomy of Hell,https://www.metacritic.com/movie/anatomy-of-hell,,,77
719,Anchor and Hope,https://www.metacritic.com/movie/anchor-and-hope,,,113
720,Anchorman 2: The Legend Continues,https://www.metacritic.com/movie/anchorman-2-the-legend-continues,50000000.0,172246223.0,119
721,Anchorman: The Legend of Ron Burgundy,https://www.metacritic.com/movie/anchorman-the-legend-of-ron-burgundy,25000000.0,89476265.0,94
722,And Everything Is Going Fine,https://www.metacritic.com/movie/and-everything-is-going-fine,,,
723,And Now a Word from Our Sponsor,https://www.metacritic.com/movie/and-now-a-word-from-our-sponsor,,,87
724,And Now... Ladies and Gentlemen...,https://www.metacritic.com/movie/and-now-ladies-and-gentlemen,,,
725,And So It Goes,https://www.metacritic.com/movie/and-so-it-goes,18000000.0,17920013.0,94
726,And Then We Danced,https://www.metacritic.com/movie/and-then-we-danced,,625887.0,113
727,...And They Lived Happily Ever After,https://www.metacritic.com/movie/and-they-lived-happily-ever-after,,,100
728,And While We Were Here,https://www.metacritic.com/movie/and-while-we-were-here,,,83
729,Andre Gregory: Before and After Dinner,https://www.metacritic.com/movie/andre-gregory-before-and-after-dinner,,,108
730,Andy Warhol: A Documentary Film,https://www.metacritic.com/movie/andy-warhol-a-documentary-film,,,240
731,Anesthesia,https://www.metacritic.com/movie/anesthesia,,61920.0,90
732,Angel-A,https://www.metacritic.com/movie/angel-a,,,91
733,Angel Eyes,https://www.metacritic.com/movie/angel-eyes,38000000.0,29544532.0,102
734,Angel Has Fallen,https://www.metacritic.com/movie/angel-has-fallen,40000000.0,133365452.0,121
735,Angel of Mine,https://www.metacritic.com/movie/angel-of-mine,,161290.0,98
736,Angels Are Made of Light,https://www.metacritic.com/movie/angels-are-made-of-light,,,117
737,Angels Crest,https://www.metacritic.com/movie/angels-crest,,2037.0,92
738,Angels & Demons,https://www.metacritic.com/movie/angels-demons,150000000.0,490875846.0,138
739,Angels Sing,https://www.metacritic.com/movie/angels-sing,,,87
740,Angels Wear White,https://www.metacritic.com/movie/angels-wear-white,,,107
741,Anger Management,https://www.metacritic.com/movie/anger-management,56000000.0,195484552.0,106
742,Aniara,https://www.metacritic.com/movie/aniara,,,106
743,Animal Factory,https://www.metacritic.com/movie/animal-factory,,132680.0,94
744,Animal Kingdom,https://www.metacritic.com/movie/animal-kingdom,4200000.0,8078683.0,113
745,Animals,https://www.metacritic.com/movie/animals,,,90
746,Anita,https://www.metacritic.com/movie/anita,,,95
747,Anita O'Day: The Life of a Jazz Singer,https://www.metacritic.com/movie/anita-oday-the-life-of-a-jazz-singer,,,90
748,Anna,https://www.metacritic.com/movie/anna,4357373.0,1200000.0,99
749,Anna,https://www.metacritic.com/movie/anna-2019,30000000.0,32825218.0,119
750,Anna and the Apocalypse,https://www.metacritic.com/movie/anna-and-the-apocalypse,,847527.0,93
751,Anna Karenina,https://www.metacritic.com/movie/anna-karenina,49000000.0,71004627.0,129
752,Annabelle,https://www.metacritic.com/movie/annabelle,6500000.0,256862920.0,99
753,Annabelle Comes Home,https://www.metacritic.com/movie/annabelle-comes-home,27000000.0,231252591.0,106
754,Annabelle: Creation,https://www.metacritic.com/movie/annabelle-creation,15000000.0,305384865.0,109
755,Annapolis,https://www.metacritic.com/movie/annapolis,,17224992.0,108
756,"Anne at 13,000 ft",https://www.metacritic.com/movie/anne-at-13000-ft,,,75
757,Annette,https://www.metacritic.com/movie/annette,15500000.0,3348707.0,141
758,Annie,https://www.metacritic.com/movie/annie-2014,65000000.0,139829625.0,118
759,Annihilation,https://www.metacritic.com/movie/annihilation,55000000.0,43070915.0,115
760,Anomalisa,https://www.metacritic.com/movie/anomalisa,8000000.0,5706168.0,90
761,Anon,https://www.metacritic.com/movie/anon,,657829.0,100
762,Anonymous,https://www.metacritic.com/movie/anonymous-2011,27500000.0,15815509.0,130
763,Another Earth,https://www.metacritic.com/movie/another-earth,175000.0,2102779.0,92
764,Another Evil,https://www.metacritic.com/movie/another-evil,,,90
765,Another Gay Movie,https://www.metacritic.com/movie/another-gay-movie,,,92
766,Another Happy Day,https://www.metacritic.com/movie/another-happy-day,4000000.0,978527.0,119
767,Another Road Home,https://www.metacritic.com/movie/another-road-home,,,79
768,Another Round,https://www.metacritic.com/movie/another-round,,,115
769,Another Year,https://www.metacritic.com/movie/another-year,8000000.0,20005613.0,129
770,Answers to Nothing,https://www.metacritic.com/movie/answers-to-nothing,,,123
771,Ant-Man,https://www.metacritic.com/movie/ant-man,130000000.0,518858449.0,117
772,Ant-Man and the Wasp,https://www.metacritic.com/movie/ant-man-and-the-wasp,130000000.0,623144660.0,118
773,Antarctica: A Year on Ice,https://www.metacritic.com/movie/antarctica-a-year-on-ice,1000000.0,,91
774,Antarctica: Ice and Sky,https://www.metacritic.com/movie/antarctica-ice-and-sky,,,89
775,Antebellum,https://www.metacritic.com/movie/antebellum,,7021017.0,105
776,Anthropocene: The Human Epoch,https://www.metacritic.com/movie/anthropocene-the-human-epoch,,776717.0,87
777,Anthropoid,https://www.metacritic.com/movie/anthropoid,,5264706.0,120
778,Antibirth,https://www.metacritic.com/movie/antibirth,2500000.0,,94
779,Antibodies,https://www.metacritic.com/movie/antibodies,,,127
780,Antichrist,https://www.metacritic.com/movie/antichrist,,2492704.0,108
781,Antitrust,https://www.metacritic.com/movie/antitrust,30000000.0,17865209.0,109
782,Antiviral,https://www.metacritic.com/movie/antiviral,3100000.0,123407.0,108
783,Antlers,https://www.metacritic.com/movie/antlers,,35685582.0,99
784,Anton Chekhov's The Duel,https://www.metacritic.com/movie/anton-chekhovs-the-duel,,,95
785,Antwone Fisher,https://www.metacritic.com/movie/antwone-fisher,12500000.0,23367586.0,120
786,Anvil! The Story of Anvil,https://www.metacritic.com/movie/anvil!-the-story-of-anvil,,1085868.0,80
787,Any Day Now,https://www.metacritic.com/movie/any-day-now,,257900.0,97
788,Anything,https://www.metacritic.com/movie/anything,,,94
789,Anything But Love,https://www.metacritic.com/movie/anything-but-love,,,102
790,Anything Else,https://www.metacritic.com/movie/anything-else,18000000.0,13203044.0,108
791,Æon Flux,https://www.metacritic.com/movie/aon-flux,,,93
792,Apocalypse Now: Final Cut,https://www.metacritic.com/movie/apocalypse-now-final-cut,,,182
793,Apocalypse Now Redux,https://www.metacritic.com/movie/apocalypse-now-redux,,,153
794,Apocalypto,https://www.metacritic.com/movie/apocalypto,40000000.0,121032272.0,139
795,Apollo 11,https://www.metacritic.com/movie/apollo-11,,12125518.0,93
796,Apollo 18,https://www.metacritic.com/movie/apollo-18,5000000.0,26517819.0,90
797,Apostle,https://www.metacritic.com/movie/apostle,,,130
798,Appaloosa,https://www.metacritic.com/movie/appaloosa,20000000.0,27911453.0,115
799,Applause,https://www.metacritic.com/movie/applause,,,85
800,Appleseed,https://www.metacritic.com/movie/appleseed,,,105
801,Apprentice,https://www.metacritic.com/movie/apprentice,,57155.0,115
802,Approaching the Elephant,https://www.metacritic.com/movie/approaching-the-elephant,,,89
803,Approaching the Unknown,https://www.metacritic.com/movie/approaching-the-unknown,,,90
804,Appropriate Behavior,https://www.metacritic.com/movie/appropriate-behavior,,109097.0,86
805,Apres Vous (After You),https://www.metacritic.com/movie/apres-vous-after-you,,,110
806,April and the Extraordinary World,https://www.metacritic.com/movie/april-and-the-extraordinary-world,,,105
807,April's Shower,https://www.metacritic.com/movie/aprils-shower,,,98
808,Aquí y Allá (Here and There),https://www.metacritic.com/movie/aqu-y-all-here-and-there,,,110
809,Aqua Teen Hunger Force Colon Movie Film for Theaters,https://www.metacritic.com/movie/aqua-teen-hunger-force-colon-movie-film-for-theaters,750000.0,,86
810,Aquaman,https://www.metacritic.com/movie/aquaman,160000000.0,1143758700.0,143
811,Aquamarine,https://www.metacritic.com/movie/aquamarine,12000000.0,22978953.0,104
812,Aquarela,https://www.metacritic.com/movie/aquarela,,686652.0,89
813,Aquarius,https://www.metacritic.com/movie/aquarius,,2671506.0,142
814,"Arabian Nights: Volume 1, The Restless One",https://www.metacritic.com/movie/arabian-nights-volume-1-the-restless-one,,,125
815,"Arabian Nights: Volume 2, The Desolate One",https://www.metacritic.com/movie/arabian-nights-volume-2-the-desolate-one,,,131
816,"Arabian Nights: Volume 3, The Enchanted One",https://www.metacritic.com/movie/arabian-nights-volume-3-the-enchanted-one,,,125
817,Araby,https://www.metacritic.com/movie/araby,,,97
818,Arakimentari,https://www.metacritic.com/movie/arakimentari,,,85
819,Ararat,https://www.metacritic.com/movie/ararat,15500000.0,1757694.0,115
820,Araya,https://www.metacritic.com/movie/araya,,,90
821,Arbitrage,https://www.metacritic.com/movie/arbitrage,12000000.0,35830713.0,107
822,Archenemy,https://www.metacritic.com/movie/archenemy,,122534.0,90
823,Archipelago,https://www.metacritic.com/movie/archipelago,,10380.0,114
824,Arctic,https://www.metacritic.com/movie/arctic,,3805492.0,98
825,Arctic Tale,https://www.metacritic.com/movie/arctic-tale,,1027622.0,96
826,Ardor,https://www.metacritic.com/movie/ardor,,,101
827,Are We Done Yet?,https://www.metacritic.com/movie/are-we-done-yet,,58388068.0,92
828,Are We There Yet?,https://www.metacritic.com/movie/are-we-there-yet,20000000.0,98114471.0,95
829,Are You Here,https://www.metacritic.com/movie/are-you-here,,978503.0,114
830,Argento's Dracula 3D,https://www.metacritic.com/movie/argentos-dracula-3d,,577948.0,106
831,Argo,https://www.metacritic.com/movie/argo,44500000.0,227140757.0,120
832,Aristide and the Endless Revolution,https://www.metacritic.com/movie/aristide-and-the-endless-revolution,,,82
833,Arizona,https://www.metacritic.com/movie/arizona,,,85
834,Arkansas,https://www.metacritic.com/movie/arkansas,,,117
835,Armadillo,https://www.metacritic.com/movie/armadillo,,2690879.0,100
836,Armored,https://www.metacritic.com/movie/armored,20000000.0,23661038.0,88
837,Armstrong,https://www.metacritic.com/movie/armstrong,,62987.0,100
838,Army of One,https://www.metacritic.com/movie/army-of-one,,,69
839,Army of the Dead,https://www.metacritic.com/movie/army-of-the-dead,90000000.0,,148
840,Army of Thieves,https://www.metacritic.com/movie/army-of-thieves,,,
841,Arna's Children,https://www.metacritic.com/movie/arnas-children,,,84
842,Around the Bend,https://www.metacritic.com/movie/around-the-bend,,,85
843,Around the World in 80 Days,https://www.metacritic.com/movie/around-the-world-in-80-days,110000000.0,72004159.0,120
844,Arrebato (1979),https://www.metacritic.com/movie/arrebato-1979,,,105
845,Arrival,https://www.metacritic.com/movie/arrival,47000000.0,202863303.0,116
846,Arsenal,https://www.metacritic.com/movie/arsenal,,,93
847,Art and Craft,https://www.metacritic.com/movie/art-and-craft,,,89
848,Art Bastard,https://www.metacritic.com/movie/art-bastard,,,82
849,Art & Copy,https://www.metacritic.com/movie/art-copy,,,89
850,Art School Confidential,https://www.metacritic.com/movie/art-school-confidential,,,102
851,Artemis Fowl,https://www.metacritic.com/movie/artemis-fowl,,,95
852,Arthur,https://www.metacritic.com/movie/arthur,40000000.0,47787943.0,
853,Arthur and the Invisibles,https://www.metacritic.com/movie/arthur-and-the-invisibles,,,94
854,Arthur Christmas,https://www.metacritic.com/movie/arthur-christmas,85000000.0,148168160.0,100
855,Arthur Newman,https://www.metacritic.com/movie/arthur-newman,,,101
856,"As Above, So Below",https://www.metacritic.com/movie/as-above-so-below,5000000.0,41824066.0,93
857,As I Lay Dying,https://www.metacritic.com/movie/as-i-lay-dying,,,110
858,As I Open My Eyes,https://www.metacritic.com/movie/as-i-open-my-eyes,,,102
859,As You Are,https://www.metacritic.com/movie/as-you-are,,,110
860,Asako I & II,https://www.metacritic.com/movie/asako-i-ii,,,119
861,Ascension,https://www.metacritic.com/movie/ascension,,,97
862,Ash Is Purest White,https://www.metacritic.com/movie/ash-is-purest-white,,,136
863,Ash Wednesday,https://www.metacritic.com/movie/ash-wednesday,,152399.0,99
864,Ashby,https://www.metacritic.com/movie/ashby,,118224.0,100
865,Ashes in the Snow,https://www.metacritic.com/movie/ashes-in-the-snow,,1558395.0,98
866,Asia,https://www.metacritic.com/movie/asia,,2170.0,85
867,Ask Dr. Ruth,https://www.metacritic.com/movie/ask-dr-ruth,,319284.0,100
868,Ask the Dust,https://www.metacritic.com/movie/ask-the-dust,,,117
869,Asphalt Zahov,https://www.metacritic.com/movie/asphalt-zahov,,,
870,Ass Backwards,https://www.metacritic.com/movie/ass-backwards,,,90
871,Assassination Nation,https://www.metacritic.com/movie/assassination-nation,7000000.0,2852759.0,108
872,Assassination Tango,https://www.metacritic.com/movie/assassination-tango,,1282877.0,114
873,Assassins,https://www.metacritic.com/movie/assassins,,67840.0,104
874,Assassin's Bullet,https://www.metacritic.com/movie/assassins-bullet,,,89
875,Assassin's Creed,https://www.metacritic.com/movie/assassins-creed,125000000.0,240759682.0,115
876,Assault on Precinct 13,https://www.metacritic.com/movie/assault-on-precinct-13,30000000.0,36040895.0,109
877,Assisted Living,https://www.metacritic.com/movie/assisted-living,,,78
878,Astro Boy,https://www.metacritic.com/movie/astro-boy,65000000.0,41636243.0,94
879,Astronaut,https://www.metacritic.com/movie/astronaut,,,97
880,Asylum,https://www.metacritic.com/movie/asylum,,547807.0,99
881,At Any Price,https://www.metacritic.com/movie/at-any-price,,380301.0,105
882,At Berkeley,https://www.metacritic.com/movie/at-berkeley,,,244
883,At Eternity's Gate,https://www.metacritic.com/movie/at-eternitys-gate,,10894584.0,111
884,At Middleton,https://www.metacritic.com/movie/at-middleton,,82993.0,99
885,At the Devil's Door,https://www.metacritic.com/movie/at-the-devils-door,,31396.0,91
886,At the Edge of the World,https://www.metacritic.com/movie/at-the-edge-of-the-world,,,90
887,At the Height of Summer,https://www.metacritic.com/movie/at-the-height-of-summer,,,112
888,At the Ready,https://www.metacritic.com/movie/at-the-ready,,,96
889,At War,https://www.metacritic.com/movie/at-war,,,113
890,Atanarjuat: The Fast Runner,https://www.metacritic.com/movie/atanarjuat-the-fast-runner,,,172
891,Athlete A,https://www.metacritic.com/movie/athlete-a,,,103
892,ATL,https://www.metacritic.com/movie/atl,17000000.0,,105
893,Atlantics,https://www.metacritic.com/movie/atlantics,,,104
894,Atlantis,https://www.metacritic.com/movie/atlantis,,,108
895,Atlantis: The Lost Empire,https://www.metacritic.com/movie/atlantis-the-lost-empire,90000000.0,186049020.0,95
896,Atlas Shrugged II: The Strike,https://www.metacritic.com/movie/atlas-shrugged-ii-the-strike,,,111
897,Atlas Shrugged III: Who Is John Galt?,https://www.metacritic.com/movie/atlas-shrugged-iii-who-is-john-galt,,,
898,Atlas Shrugged: Part I,https://www.metacritic.com/movie/atlas-shrugged-part-i,,,97
899,ATM,https://www.metacritic.com/movie/atm,,1038306.0,90
900,Atomic Blonde,https://www.metacritic.com/movie/atomic-blonde,30000000.0,98345423.0,115
901,Atonement,https://www.metacritic.com/movie/atonement,30000000.0,129779728.0,123
902,Attack the Block,https://www.metacritic.com/movie/attack-the-block,13000000.0,6459183.0,88
903,Attenberg,https://www.metacritic.com/movie/attenberg,,,95
904,Attica,https://www.metacritic.com/movie/attica,,,118
905,Audition,https://www.metacritic.com/movie/audition,,,115
906,Audrie & Daisy,https://www.metacritic.com/movie/audrie-daisy,,,95
907,Auggie Rose,https://www.metacritic.com/movie/auggie-rose,,,109
908,August,https://www.metacritic.com/movie/august,3400000.0,,88
909,August Evening,https://www.metacritic.com/movie/august-evening,,,128
910,August: Osage County,https://www.metacritic.com/movie/august-osage-county,25000000.0,50738810.0,121
911,August Rush,https://www.metacritic.com/movie/august-rush,25000000.0,64605762.0,114
912,Augustine,https://www.metacritic.com/movie/augustine,,,102
913,Aurora,https://www.metacritic.com/movie/aurora,,6908.0,181
914,Aurora Borealis,https://www.metacritic.com/movie/aurora-borealis,,,110
915,Austenland,https://www.metacritic.com/movie/austenland,,2213406.0,97
916,Austin Powers in Goldmember,https://www.metacritic.com/movie/austin-powers-in-goldmember,63000000.0,296338663.0,94
917,Australia,https://www.metacritic.com/movie/australia,130000000.0,215080810.0,165
918,Author: The JT LeRoy Story,https://www.metacritic.com/movie/author-the-jt-leroy-story,,96604.0,110
919,Authors Anonymous,https://www.metacritic.com/movie/authors-anonymous,,,92
920,Auto Focus,https://www.metacritic.com/movie/auto-focus,7000000.0,2703821.0,105
921,Autómata,https://www.metacritic.com/movie/automata,15000000.0,6775458.0,109
922,Automatons,https://www.metacritic.com/movie/automatons,,,83
923,Autumn,https://www.metacritic.com/movie/autumn,,,110
924,Autumn in New York,https://www.metacritic.com/movie/autumn-in-new-york,40000000.0,90717684.0,103
925,Ava,https://www.metacritic.com/movie/ava-2017,,,102
926,Ava,https://www.metacritic.com/movie/ava-2020,,2392437.0,96
927,Ava's Possessions,https://www.metacritic.com/movie/avas-possessions,,,89
928,Avatar,https://www.metacritic.com/movie/avatar,237000000.0,2845899541.0,162
929,Avengers: Age of Ultron,https://www.metacritic.com/movie/avengers-age-of-ultron,365000000.0,1395316979.0,141
930,Avengers: Endgame,https://www.metacritic.com/movie/avengers-endgame,400000000.0,2797800564.0,181
931,Avengers: Infinity War,https://www.metacritic.com/movie/avengers-infinity-war,300000000.0,2048359754.0,149
932,Avenue Montaigne,https://www.metacritic.com/movie/avenue-montaigne,,,106
933,Aviva,https://www.metacritic.com/movie/aviva,,,116
934,AVP: Alien vs. Predator,https://www.metacritic.com/movie/avp-alien-vs-predator,70000000.0,172543519.0,100
935,AVPR: Aliens vs Predator - Requiem,https://www.metacritic.com/movie/avpr-aliens-vs-predator---requiem,,,94
936,Awake,https://www.metacritic.com/movie/awake,8600000.0,32968648.0,84
937,Awake,https://www.metacritic.com/movie/awake-2021,,,96
938,Away from Her,https://www.metacritic.com/movie/away-from-her,,10787490.0,110
939,Away We Go,https://www.metacritic.com/movie/away-we-go,21000000.0,10108016.0,98
940,Awesome; I Fuckin' Shot That!,https://www.metacritic.com/movie/awesome-i-fuckin-shot-that!,,,90
941,A.X.L.,https://www.metacritic.com/movie/axl,10000000.0,8259753.0,98
942,Azor,https://www.metacritic.com/movie/azor,,74696.0,100
943,Azumi,https://www.metacritic.com/movie/azumi,,66342.0,128
944,Baadasssss!,https://www.metacritic.com/movie/baadasssss!,,,
945,Babel,https://www.metacritic.com/movie/babel,20000000.0,132121212.0,143
946,Babí léto,https://www.metacritic.com/movie/babi-leto,,,95
947,Babies,https://www.metacritic.com/movie/babies,,12146819.0,79
948,Baby Boy,https://www.metacritic.com/movie/baby-boy,16000000.0,,130
949,Baby Driver,https://www.metacritic.com/movie/baby-driver,34000000.0,227250102.0,112
950,Baby Mama,https://www.metacritic.com/movie/baby-mama,30000000.0,64170447.0,99
951,Babylon,https://www.metacritic.com/movie/babylon,,,95
952,Babylon A.D.,https://www.metacritic.com/movie/babylon-ad,45000000.0,70216497.0,90
953,Babyteeth,https://www.metacritic.com/movie/babyteeth,,1155873.0,118
954,Bachelorette,https://www.metacritic.com/movie/bachelorette,3000000.0,12577401.0,87
955,Back Roads,https://www.metacritic.com/movie/back-roads,,,101
956,Back to Burgundy,https://www.metacritic.com/movie/back-to-burgundy,,,113
957,Backcountry,https://www.metacritic.com/movie/backcountry,,,92
958,Backseat,https://www.metacritic.com/movie/backseat,,,80
959,Backstabbing for Beginners,https://www.metacritic.com/movie/backstabbing-for-beginners,8000000.0,343773.0,108
960,Backstage,https://www.metacritic.com/movie/backstage,,,112
961,Backstage,https://www.metacritic.com/movie/backstage-2000,,,86
962,Backtrack,https://www.metacritic.com/movie/backtrack,,905669.0,90
963,Backwards,https://www.metacritic.com/movie/backwards,,,89
964,Bacurau,https://www.metacritic.com/movie/bacurau,,3594286.0,131
965,Bad 25,https://www.metacritic.com/movie/bad-25,,,129
966,Bad Boys for Life,https://www.metacritic.com/movie/bad-boys-for-life,90000000.0,424536881.0,124
967,Bad Boys II,https://www.metacritic.com/movie/bad-boys-ii,130000000.0,273271982.0,147
968,Bad Company,https://www.metacritic.com/movie/bad-company,70000000.0,69157016.0,116
969,Bad Company,https://www.metacritic.com/movie/bad-company-2001,,,98
970,Bad Education,https://www.metacritic.com/movie/bad-education,,,106
971,Bad Education,https://www.metacritic.com/movie/bad-education-2019,,,108
972,Bad Hair,https://www.metacritic.com/movie/bad-hair,,,93
973,Bad Hair,https://www.metacritic.com/movie/bad-hair-2020,,,102
974,Bad Johnson,https://www.metacritic.com/movie/bad-johnson,,3361.0,88
975,Bad Luck Banging or Loony Porn,https://www.metacritic.com/movie/bad-luck-banging-or-loony-porn,,,106
976,Bad Milo!,https://www.metacritic.com/movie/bad-milo!,,,85
977,Bad Moms,https://www.metacritic.com/movie/bad-moms,20000000.0,180485601.0,100
978,Bad News Bears,https://www.metacritic.com/movie/bad-news-bears,,,113
979,Bad Reputation,https://www.metacritic.com/movie/bad-reputation,,154187.0,93
980,Bad Samaritan,https://www.metacritic.com/movie/bad-samaritan,,4781638.0,110
981,Bad Santa,https://www.metacritic.com/movie/bad-santa,18000000.0,77147031.0,91
982,Bad Santa 2,https://www.metacritic.com/movie/bad-santa-2,26000000.0,23345113.0,92
983,Bad Tales,https://www.metacritic.com/movie/bad-tales,,,98
984,Bad Teacher,https://www.metacritic.com/movie/bad-teacher,19000000.0,215448997.0,92
985,Bad Times at the El Royale,https://www.metacritic.com/movie/bad-times-at-the-el-royale,32000000.0,31178942.0,141
986,Bad Trip,https://www.metacritic.com/movie/bad-trip,,,86
987,Bad Turn Worse,https://www.metacritic.com/movie/bad-turn-worse,,,92
988,Bad Words,https://www.metacritic.com/movie/bad-words,10000000.0,7843145.0,89
989,Baden Baden,https://www.metacritic.com/movie/baden-baden,,61388.0,96
990,Badland,https://www.metacritic.com/movie/badland,,,165
991,Baggage Claim,https://www.metacritic.com/movie/baggage-claim,8500000.0,22885836.0,96
992,Baghead,https://www.metacritic.com/movie/baghead,200000.0,,84
993,Bait,https://www.metacritic.com/movie/bait,35000000.0,15471969.0,119
994,Ballast,https://www.metacritic.com/movie/ballast,,,96
995,Ballet 422,https://www.metacritic.com/movie/ballet-422,,,75
996,Ballets Russes,https://www.metacritic.com/movie/ballets-russes,,1188468.0,118
997,Ballistic: Ecks vs. Sever,https://www.metacritic.com/movie/ballistic-ecks-vs-sever,70000000.0,,91
998,Balloon,https://www.metacritic.com/movie/balloon,,,125
999,Ballplayer: Pelotero,https://www.metacritic.com/movie/ballplayer-pelotero,,,77
1000,Balls of Fury,https://www.metacritic.com/movie/balls-of-fury,,41780026.0,90
1001,Balls Out,https://www.metacritic.com/movie/balls-out,,,100
1002,Balzac and the Little Chinese Seamstress,https://www.metacritic.com/movie/balzac-and-the-little-chinese-seamstress,,,110
1003,Bamako,https://www.metacritic.com/movie/bamako,,,115
1004,Bamboozled,https://www.metacritic.com/movie/bamboozled,10000000.0,2373937.0,135
1005,Banana Split,https://www.metacritic.com/movie/banana-split,,,88
1006,Band Aid,https://www.metacritic.com/movie/band-aid,,,91
1007,Band of Robbers,https://www.metacritic.com/movie/band-of-robbers,,,95
1008,Bandits,https://www.metacritic.com/movie/bandits,75000000.0,71523271.0,123
1009,Bandslam,https://www.metacritic.com/movie/bandslam,20000000.0,12967829.0,111
1010,Bang Gang (A Modern Love Story),https://www.metacritic.com/movie/bang-gang-a-modern-love-story,,,98
1011,Bang Rajan,https://www.metacritic.com/movie/bang-rajan,,,71
1012,Bangkok Dangerous,https://www.metacritic.com/movie/bangkok-dangerous,45000000.0,46598133.0,99
1013,Bangkok Dangerous,https://www.metacritic.com/movie/bangkok-dangerous-2001,,,105
1014,The Bank Job,https://www.metacritic.com/movie/bankjob,20000000.0,66143005.0,111
1015,Baran,https://www.metacritic.com/movie/baran,,,94
1016,Barb & Star Go to Vista Del Mar,https://www.metacritic.com/movie/barb-star-go-to-vista-del-mar,,,107
1017,Barbara,https://www.metacritic.com/movie/barbara,,5901752.0,105
1018,Barbershop,https://www.metacritic.com/movie/barbershop,12000000.0,77063461.0,102
1019,Barbershop 2: Back in Business,https://www.metacritic.com/movie/barbershop-2-back-in-business,18000000.0,65842412.0,106
1020,Barbershop: The Next Cut,https://www.metacritic.com/movie/barbershop-the-next-cut,20000000.0,54404202.0,111
1021,Barefoot,https://www.metacritic.com/movie/barefoot,,,90
1022,Barely Lethal,https://www.metacritic.com/movie/barely-lethal,,513303.0,96
1023,Barenaked in America,https://www.metacritic.com/movie/barenaked-in-america,,,89
1024,Barking Dogs Never Bite,https://www.metacritic.com/movie/barking-dogs-never-bite,,,110
1025,Barney Thomson,https://www.metacritic.com/movie/barney-thomson,,1335034.0,96
1026,Barney's Version,https://www.metacritic.com/movie/barneys-version,30000000.0,8845575.0,132
1027,Barnyard,https://www.metacritic.com/movie/barnyard,,,90
1028,Barracuda,https://www.metacritic.com/movie/barracuda,,,100
1029,Barry,https://www.metacritic.com/movie/barry,,,104
1030,Barrymore,https://www.metacritic.com/movie/barrymore,,,83
1031,Bart Got a Room,https://www.metacritic.com/movie/bart-got-a-room,,,80
1032,Bartleby,https://www.metacritic.com/movie/bartleby,,,83
1033,Basic,https://www.metacritic.com/movie/basic,50000000.0,42598498.0,98
1034,Basic Instinct 2,https://www.metacritic.com/movie/basic-instinct-2,70000000.0,35417162.0,114
1035,Baskin,https://www.metacritic.com/movie/baskin,,318156.0,97
1036,Basmati Blues,https://www.metacritic.com/movie/basmati-blues,,15651.0,106
1037,Bastards,https://www.metacritic.com/movie/bastards,,,100
1038,Bathtubs Over Broadway,https://www.metacritic.com/movie/bathtubs-over-broadway,,,87
1039,Batkid Begins,https://www.metacritic.com/movie/batkid-begins,,,87
1040,Batman Begins,https://www.metacritic.com/movie/batman-begins,150000000.0,358858124.0,140
1041,Batman v Superman: Dawn of Justice,https://www.metacritic.com/movie/batman-v-superman-dawn-of-justice,263000000.0,872395091.0,151
1042,Battle for Brooklyn,https://www.metacritic.com/movie/battle-for-brooklyn,,,93
1043,Battle for Haditha,https://www.metacritic.com/movie/battle-for-haditha,,,97
1044,Battle for Terra,https://www.metacritic.com/movie/battle-for-terra,,6387498.0,85
1045,Battle in Heaven,https://www.metacritic.com/movie/battle-in-heaven,,,98
1046,Battle in Seattle,https://www.metacritic.com/movie/battle-in-seattle,,873537.0,98
1047,Battle: Los Angeles,https://www.metacritic.com/movie/battle-los-angeles,70000000.0,213463976.0,112
1048,Battle of the Sexes,https://www.metacritic.com/movie/battle-of-the-sexes,25000000.0,18445379.0,121
1049,Battle of the Year,https://www.metacritic.com/movie/battle-of-the-year,20000000.0,16723377.0,110
1050,Battlefield America,https://www.metacritic.com/movie/battlefield-america,,80805.0,106
1051,Battlefield Earth: A Saga of the Year 3000,https://www.metacritic.com/movie/battlefield-earth-a-saga-of-the-year-3000,80000000.0,29725663.0,118
1052,Battleship,https://www.metacritic.com/movie/battleship,220000000.0,313477717.0,131
1053,Baywatch,https://www.metacritic.com/movie/baywatch,60000000.0,175863783.0,116
1054,Be Cool,https://www.metacritic.com/movie/be-cool,75000000.0,94944017.0,118
1055,Be Here to Love Me: A Film About Townes Van Zandt,https://www.metacritic.com/movie/be-here-to-love-me-a-film-about-townes-van-zandt,,138190.0,99
1056,Be Kind Rewind,https://www.metacritic.com/movie/be-kind-rewind,20000000.0,30894247.0,102
1057,Be Natural: The Untold Story of Alice Guy-Blaché,https://www.metacritic.com/movie/be-natural-the-untold-story-of-alice-guy-blache,,,103
1058,Be with Me,https://www.metacritic.com/movie/be-with-me,,,93
1059,Beach Rats,https://www.metacritic.com/movie/beach-rats,,576316.0,98
1060,Beanpole,https://www.metacritic.com/movie/beanpole,,,137
1061,Beans,https://www.metacritic.com/movie/beans,,,92
1062,Bears,https://www.metacritic.com/movie/bears,,18151746.0,78
1063,Beast,https://www.metacritic.com/movie/beast,,1745596.0,107
1064,Beast Beast,https://www.metacritic.com/movie/beast-beast,,,85
1065,Beastie Boys Story,https://www.metacritic.com/movie/beastie-boys-story,,,
1066,Beastly,https://www.metacritic.com/movie/beastly,17000000.0,38028230.0,95
1067,Beasts of No Nation,https://www.metacritic.com/movie/beasts-of-no-nation,6000000.0,,137
1068,Beasts of the Southern Wild,https://www.metacritic.com/movie/beasts-of-the-southern-wild,1800000.0,23265132.0,93
1069,Beatriz at Dinner,https://www.metacritic.com/movie/beatriz-at-dinner,,7294036.0,82
1070,Beats,https://www.metacritic.com/movie/beats-2019,,325605.0,101
1071,Beats Rhymes & Life: The Travels of a Tribe Called Quest,https://www.metacritic.com/movie/beats-rhymes-life-the-travels-of-a-tribe-called-quest,,,95
1072,Beau Travail,https://www.metacritic.com/movie/beau-travail,,,90
1073,Beautiful,https://www.metacritic.com/movie/beautiful,9000000.0,,112
1074,Beautiful Boxer,https://www.metacritic.com/movie/beautiful-boxer,,,118
1075,Beautiful Boy,https://www.metacritic.com/movie/beautiful-boy,,131223.0,100
1076,Beautiful Boy,https://www.metacritic.com/movie/beautiful-boy-2018,25000000.0,13314562.0,120
1077,Beautiful Creatures,https://www.metacritic.com/movie/beautiful-creatures,,468047.0,86
1078,Beautiful Creatures,https://www.metacritic.com/movie/beautiful-creatures-2012,50000000.0,60282876.0,124
1079,Beautiful Darling,https://www.metacritic.com/movie/beautiful-darling,,,85
1080,Beautiful Losers,https://www.metacritic.com/movie/beautiful-losers,,,90
1081,Beautiful People,https://www.metacritic.com/movie/beautiful-people,,,107
1082,Beauty and the Beast,https://www.metacritic.com/movie/beauty-and-the-beast-2014,,,112
1083,Beauty and the Beast,https://www.metacritic.com/movie/beauty-and-the-beast-2017,160000000.0,1273109220.0,129
1084,Beauty and the Dogs,https://www.metacritic.com/movie/beauty-and-the-dogs,,,100
1085,Beauty in Trouble,https://www.metacritic.com/movie/beauty-in-trouble,,,
1086,Beauty Is Embarrassing,https://www.metacritic.com/movie/beauty-is-embarrassing,,,
1087,Beauty Remains,https://www.metacritic.com/movie/beauty-remains,,,87
1088,Beauty Shop,https://www.metacritic.com/movie/beauty-shop,25000000.0,38351350.0,105
1089,Because I Said So,https://www.metacritic.com/movie/because-i-said-so,39000000.0,69538833.0,102
1090,Because of Winn-Dixie,https://www.metacritic.com/movie/because-of-winn-dixie,15000000.0,33508485.0,106
1091,Becket (re-release),https://www.metacritic.com/movie/becket-re-release,,,148
1092,Beckett,https://www.metacritic.com/movie/beckett,,,108
1093,Becks,https://www.metacritic.com/movie/becks,,,90
1094,Becky,https://www.metacritic.com/movie/becky,,1063197.0,100
1095,Becoming,https://www.metacritic.com/movie/becoming,,,89
1096,Becoming Astrid,https://www.metacritic.com/movie/becoming-astrid,,,123
1097,Becoming Cousteau,https://www.metacritic.com/movie/becoming-cousteau,,290847.0,93
1098,Becoming Jane,https://www.metacritic.com/movie/becoming-jane,16500000.0,39380831.0,120
1099,Becoming Traviata,https://www.metacritic.com/movie/becoming-traviata,,,120
1100,Bedazzled,https://www.metacritic.com/movie/bedazzled,48000000.0,90376224.0,93
1101,Bedtime Stories,https://www.metacritic.com/movie/bedtime-stories,80000000.0,221468935.0,99
1102,Bee Movie,https://www.metacritic.com/movie/bee-movie,150000000.0,287594577.0,91
1103,Bee Season,https://www.metacritic.com/movie/bee-season,,4773308.0,104
1104,Been Rich All My Life,https://www.metacritic.com/movie/been-rich-all-my-life,,,81
1105,Beerfest,https://www.metacritic.com/movie/beerfest,17500000.0,20159316.0,110
1106,Beeswax,https://www.metacritic.com/movie/beeswax,,,100
1107,Beetle Queen Conquers Tokyo,https://www.metacritic.com/movie/beetle-queen-conquers-tokyo,,,90
1108,Before I Disappear,https://www.metacritic.com/movie/before-i-disappear,,,93
1109,Before I Fall,https://www.metacritic.com/movie/before-i-fall,5000000.0,18945682.0,98
1110,Before I Forget,https://www.metacritic.com/movie/before-i-forget,,,108
1111,Before I Go to Sleep,https://www.metacritic.com/movie/before-i-go-to-sleep,22000000.0,19563579.0,92
1112,Before Midnight,https://www.metacritic.com/movie/before-midnight,3000000.0,23241189.0,109
1113,Before Night Falls,https://www.metacritic.com/movie/before-night-falls,,8503459.0,133
1114,Before Sunset,https://www.metacritic.com/movie/before-sunset,2000000.0,11217346.0,80
1115,Before the Devil Knows You're Dead,https://www.metacritic.com/movie/before-the-devil-knows-youre-dead,,24909088.0,117
1116,Before the Fall,https://www.metacritic.com/movie/before-the-fall,,,110
1117,Before the Flood,https://www.metacritic.com/movie/before-the-flood,,2825.0,96
1118,Before the Rains,https://www.metacritic.com/movie/before-the-rains,,1057128.0,98
1119,Before We Go,https://www.metacritic.com/movie/before-we-go,3000000.0,483938.0,95
1120,Before We Vanish,https://www.metacritic.com/movie/before-we-vanish,,,129
1121,Before You Know It,https://www.metacritic.com/movie/before-you-know-it-2019,,,98
1122,Begin Again,https://www.metacritic.com/movie/begin-again,8000000.0,67755598.0,104
1123,Beginners,https://www.metacritic.com/movie/beginners,3200000.0,14314407.0,105
1124,Beginning,https://www.metacritic.com/movie/beginning,,,130
1125,Behaving Badly,https://www.metacritic.com/movie/behaving-badly,,39952.0,97
1126,Behemoth,https://www.metacritic.com/movie/behemoth,,,95
1127,Behind Enemy Lines,https://www.metacritic.com/movie/behind-enemy-lines,40000000.0,,106
1128,Behind the Burly Q,https://www.metacritic.com/movie/behind-the-burly-q,,,97
1129,Behind the Mask: The Rise of Leslie Vernon,https://www.metacritic.com/movie/behind-the-mask-the-rise-of-leslie-vernon,,,92
1130,Behind the Sun,https://www.metacritic.com/movie/behind-the-sun,,,105
1131,Beijing Bicycle,https://www.metacritic.com/movie/beijing-bicycle,,,113
1132,Being 17,https://www.metacritic.com/movie/being-17,,,116
1133,Being Charlie,https://www.metacritic.com/movie/being-charlie,,,97
1134,Being Elmo: A Puppeteer's Journey,https://www.metacritic.com/movie/being-elmo-a-puppeteers-journey,,332435.0,80
1135,Being Evel,https://www.metacritic.com/movie/being-evel,,,99
1136,Being Flynn,https://www.metacritic.com/movie/being-flynn,,5059856.0,102
1137,Being Frank,https://www.metacritic.com/movie/being-frank,,,109
1138,Being Julia,https://www.metacritic.com/movie/being-julia,18000000.0,14451322.0,104
1139,Being the Ricardos,https://www.metacritic.com/movie/being-the-ricardos,,,131
1140,Beirut,https://www.metacritic.com/movie/beirut,,7760380.0,109
1141,Bel Ami,https://www.metacritic.com/movie/bel-ami,,6165119.0,102
1142,Bel Borba Aqui,https://www.metacritic.com/movie/bel-borba-aqui,,,95
1143,Bel Canto,https://www.metacritic.com/movie/bel-canto,,269437.0,100
1144,Belfast,https://www.metacritic.com/movie/belfast,,42403088.0,98
1145,Bella,https://www.metacritic.com/movie/bella,3300000.0,12405473.0,91
1146,Belle,https://www.metacritic.com/movie/belle,,16511348.0,104
1147,Bellflower,https://www.metacritic.com/movie/bellflower,,,106
1148,Beloved,https://www.metacritic.com/movie/beloved-2011,,,139
1149,Beloved Sisters,https://www.metacritic.com/movie/beloved-sisters,,,138
1150,Below,https://www.metacritic.com/movie/below,,,105
1151,Below Her Mouth,https://www.metacritic.com/movie/below-her-mouth,,35696.0,94
1152,Beltracchi: The Art of Forgery,https://www.metacritic.com/movie/beltracchi-the-art-of-forgery,,,93
1153,Belushi,https://www.metacritic.com/movie/belushi,,,108
1154,Ben-Hur,https://www.metacritic.com/movie/ben-hur,95000000.0,91669648.0,125
1155,Ben Is Back,https://www.metacritic.com/movie/ben-is-back,13000000.0,12616995.0,103
1156,Bend It Like Beckham,https://www.metacritic.com/movie/bend-it-like-beckham,5600000.0,74566042.0,112
1157,Benda Bilili!,https://www.metacritic.com/movie/benda-bilili!,,,85
1158,Bending the Arc,https://www.metacritic.com/movie/bending-the-arc,,48329.0,102
1159,Beneath,https://www.metacritic.com/movie/beneath,,,90
1160,Beneath,https://www.metacritic.com/movie/beneath-2014,,,89
1161,Beneath the Darkness,https://www.metacritic.com/movie/beneath-the-darkness,,,96
1162,Beneath the Harvest Sky,https://www.metacritic.com/movie/beneath-the-harvest-sky,,,116
1163,Benedetta,https://www.metacritic.com/movie/benedetta,,3943733.0,131
1164,Benjamin,https://www.metacritic.com/movie/benjamin,,,85
1165,Benjamin Smoke,https://www.metacritic.com/movie/benjamin-smoke,,,72
1166,Benji,https://www.metacritic.com/movie/benji,6000000.0,585333.0,87
1167,Benji: Off the Leash!,https://www.metacritic.com/movie/benji-off-the-leash!,,,97
1168,Beowulf,https://www.metacritic.com/movie/beowulf,150000000.0,195080579.0,115
1169,Beowulf & Grendel,https://www.metacritic.com/movie/beowulf-grendel,,,103
1170,Berberian Sound Studio,https://www.metacritic.com/movie/berberian-sound-studio,,279142.0,92
1171,Bergman Island,https://www.metacritic.com/movie/bergman-island,,741438.0,112
1172,Berlin,https://www.metacritic.com/movie/berlin,,,
1173,Berlin Babylon,https://www.metacritic.com/movie/berlin-babylon,,,
1174,"Berlin, I Love You",https://www.metacritic.com/movie/berlin-i-love-you,,116114.0,120
1175,Berlin Syndrome,https://www.metacritic.com/movie/berlin-syndrome,5500000.0,788191.0,116
1176,Bernard and Huey,https://www.metacritic.com/movie/bernard-and-huey,,,90
1177,Bernie,https://www.metacritic.com/movie/bernie,6000000.0,10106975.0,104
1178,Bert Stern: Original Madman,https://www.metacritic.com/movie/bert-stern-original-madman,,,
1179,Besotted,https://www.metacritic.com/movie/besotted,,,92
1180,Best and Most Beautiful Things,https://www.metacritic.com/movie/best-and-most-beautiful-things,,,90
1181,Best in Show,https://www.metacritic.com/movie/best-in-show,6000000.0,20695413.0,90
1182,Best Night Ever,https://www.metacritic.com/movie/best-night-ever,,18861.0,90
1183,Best of Enemies,https://www.metacritic.com/movie/best-of-enemies,750000.0,940936.0,87
1184,Best Sellers,https://www.metacritic.com/movie/best-sellers,,298815.0,102
1185,Best Worst Movie,https://www.metacritic.com/movie/best-worst-movie,,,93
1186,Best Worst Thing That Ever Could Have Happened,https://www.metacritic.com/movie/best-worst-thing-that-ever-could-have-happened,,,95
1187,Bestiaire,https://www.metacritic.com/movie/bestiary,,,72
1188,Bethlehem,https://www.metacritic.com/movie/bethlehem,,,99
1189,Better Housekeeping,https://www.metacritic.com/movie/better-housekeeping,,,90
1190,Better Living,https://www.metacritic.com/movie/better-living,,,95
1191,Better Living Through Chemistry,https://www.metacritic.com/movie/better-living-through-chemistry,,,91
1192,Better Living Through Circuitry,https://www.metacritic.com/movie/better-living-through-circuitry,,,85
1193,Better Luck Tomorrow,https://www.metacritic.com/movie/better-luck-tomorrow,250000.0,3809226.0,101
1194,Better Than Sex,https://www.metacritic.com/movie/better-than-sex,,,95
1195,Better Watch Out,https://www.metacritic.com/movie/better-watch-out,,188756.0,89
1196,Bettie Page Reveals All,https://www.metacritic.com/movie/bettie-page-reveals-all,,,101
1197,Betting on Zero,https://www.metacritic.com/movie/betting-on-zero,,,99
1198,Between Two Ferns: The Movie,https://www.metacritic.com/movie/between-two-ferns-the-movie,,,82
1199,Beuys,https://www.metacritic.com/movie/beuys,,78296.0,107
1200,Beverly Hills Chihuahua,https://www.metacritic.com/movie/beverly-hills-chihuahua,20000000.0,154218168.0,91
1201,Beware of Mr. Baker,https://www.metacritic.com/movie/beware-of-mr-baker,,,
1202,Bewitched,https://www.metacritic.com/movie/bewitched,80000000.0,131159306.0,102
1203,Beyond a Reasonable Doubt,https://www.metacritic.com/movie/beyond-a-reasonable-doubt,,1461624.0,106
1204,Beyond Borders,https://www.metacritic.com/movie/beyond-borders,60000000.0,11427090.0,127
1205,Beyond Honor,https://www.metacritic.com/movie/beyond-honor,,,
1206,Beyond Outrage,https://www.metacritic.com/movie/beyond-outrage,,,112
1207,Beyond Skyline,https://www.metacritic.com/movie/beyond-skyline,,617186.0,106
1208,Beyond the Black Rainbow,https://www.metacritic.com/movie/beyond-the-black-rainbow,1100000.0,,110
1209,Beyond the Gates,https://www.metacritic.com/movie/beyond-the-gates,,,115
1210,Beyond the Hills,https://www.metacritic.com/movie/beyond-the-hills,,,150
1211,Beyond the Lights,https://www.metacritic.com/movie/beyond-the-lights,7000000.0,,116
1212,Beyond the Mat,https://www.metacritic.com/movie/beyond-the-mat,,,102
1213,Beyond the Ocean,https://www.metacritic.com/movie/beyond-the-ocean,,,89
1214,Beyond the Reach,https://www.metacritic.com/movie/beyond-the-reach,,965230.0,91
1215,Beyond the Sea,https://www.metacritic.com/movie/beyond-the-sea,,,80
1216,Beyond the Sea,https://www.metacritic.com/movie/beyond-the-sea-2004,24000000.0,8292914.0,118
1217,Beyond The Visible: Hilma af Klint,https://www.metacritic.com/movie/beyond-the-visible-hilma-af-klint,,,94
1218,Bhopal: A Prayer for Rain,https://www.metacritic.com/movie/bhopal-a-prayer-for-rain,,,96
1219,Bhutto,https://www.metacritic.com/movie/bhutto,,104818.0,111
1220,"Biandan, guniang",https://www.metacritic.com/movie/biandan-guniang,,,
1221,Bicycling With Molière,https://www.metacritic.com/movie/bicycling-with-molicre,,,104
1222,Big Animal,https://www.metacritic.com/movie/big-animal,,,73
1223,Big Ass Spider!,https://www.metacritic.com/movie/big-ass-spider!,,,80
1224,Big Bad Love,https://www.metacritic.com/movie/big-bad-love,,,111
1225,Big Bad Wolves,https://www.metacritic.com/movie/big-bad-wolves,,290835.0,110
1226,Big Eden,https://www.metacritic.com/movie/big-eden,,,118
1227,Big Eyes,https://www.metacritic.com/movie/big-eyes,10000000.0,27317872.0,106
1228,Big Fan,https://www.metacritic.com/movie/big-fan,,,88
1229,Big Fat Liar,https://www.metacritic.com/movie/big-fat-liar,15000000.0,52461017.0,88
1230,Big Fish,https://www.metacritic.com/movie/big-fish,70000000.0,123954323.0,125
1231,Big Fish & Begonia,https://www.metacritic.com/movie/big-fish-begonia,,,100
1232,Big Game,https://www.metacritic.com/movie/big-game,,3620329.0,110
1233,Big Hero 6,https://www.metacritic.com/movie/big-hero-6,165000000.0,649657407.0,102
1234,Big Man Japan,https://www.metacritic.com/movie/big-man-japan,,,113
1235,Big Men,https://www.metacritic.com/movie/big-men,,,99
1236,Big Miracle,https://www.metacritic.com/movie/big-miracle,40000000.0,25268680.0,107
1237,Big Momma's House,https://www.metacritic.com/movie/big-mommas-house,33000000.0,173559438.0,98
1238,Big Momma's House 2,https://www.metacritic.com/movie/big-mommas-house-2,40000000.0,137047376.0,99
1239,"Big Mommas: Like Father, Like Son",https://www.metacritic.com/movie/big-mommas-like-father-like-son,32000000.0,82332450.0,107
1240,Big River Man,https://www.metacritic.com/movie/big-river-man,,,100
1241,Big Significant Things,https://www.metacritic.com/movie/big-significant-things,,,85
1242,Big Sky,https://www.metacritic.com/movie/big-sky,,,90
1243,Big Sonia,https://www.metacritic.com/movie/big-sonia,,,93
1244,Big Star: Nothing Can Hurt Me,https://www.metacritic.com/movie/big-star-nothing-can-hurt-me,,,113
1245,Big Stone Gap,https://www.metacritic.com/movie/big-stone-gap,,1013487.0,103
1246,Big Sur,https://www.metacritic.com/movie/big-sur,,,81
1247,Big Time Adolescence,https://www.metacritic.com/movie/big-time-adolescence,,,91
1248,Big Trouble,https://www.metacritic.com/movie/big-trouble,45000000.0,8488871.0,85
1249,Bigger Stronger Faster*,https://www.metacritic.com/movie/bigger-stronger-faster,,308693.0,105
1250,Bigger Than the Sky,https://www.metacritic.com/movie/bigger-than-the-sky,,,106
1251,Biggie and Tupac,https://www.metacritic.com/movie/biggie-and-tupac,,,108
1252,Biggie: I Got a Story to Tell,https://www.metacritic.com/movie/biggie-i-got-a-story-to-tell,,,97
1253,Biker Boyz,https://www.metacritic.com/movie/biker-boyz,,22105310.0,110
1254,Bilal: A New Breed of Hero,https://www.metacritic.com/movie/bilal-a-new-breed-of-hero,,,105
1255,Bill Cunningham New York,https://www.metacritic.com/movie/bill-cunningham-new-york,,2254254.0,84
1256,Bill Nye: Science Guy,https://www.metacritic.com/movie/bill-nye-science-guy,,,101
1257,Bill & Ted Face the Music,https://www.metacritic.com/movie/bill-ted-face-the-music,25000000.0,6266609.0,91
1258,Bill Traylor: Chasing Ghosts,https://www.metacritic.com/movie/bill-traylor-chasing-ghosts,,,75
1259,Bill W.,https://www.metacritic.com/movie/bill-w,,,104
1260,Billabong Odyssey,https://www.metacritic.com/movie/billabong-odyssey,,239380.0,88
1261,Billie,https://www.metacritic.com/movie/billie,,117741.0,98
1262,Billie Eilish: The World's a Little Blurry,https://www.metacritic.com/movie/billie-eilish-the-worlds-a-little-blurry,,139.0,
1263,Billy Elliot,https://www.metacritic.com/movie/billy-elliot,5000000.0,109252972.0,110
1264,Billy Lynn's Long Halftime Walk,https://www.metacritic.com/movie/billy-lynns-long-halftime-walk,40000000.0,30230402.0,113
1265,Billy the Kid,https://www.metacritic.com/movie/billy-the-kid,,,84
1266,Bingo Hell,https://www.metacritic.com/movie/bingo-hell,,,85
1267,Bird Box,https://www.metacritic.com/movie/bird-box,19800000.0,,124
1268,Bird People,https://www.metacritic.com/movie/bird-people,,144035.0,127
1269,Birdboy: The Forgotten Children,https://www.metacritic.com/movie/birdboy-the-forgotten-children,,,76
1270,Birders: The Central Park Effect,https://www.metacritic.com/movie/birders-the-central-park-effect,,,
1271,Birdman or (The Unexpected Virtue of Ignorance),https://www.metacritic.com/movie/birdman-or-the-unexpected-virtue-of-ignorance,,,119
1272,Birds of Paradise,https://www.metacritic.com/movie/birds-of-paradise,,,113
1273,Birds of Passage,https://www.metacritic.com/movie/birds-of-passage,,,125
1274,Birds of Prey (And the Fantabulous Emancipation of One Harley Quinn),https://www.metacritic.com/movie/birds-of-prey-and-the-fantabulous-emancipation-of-one-harley-quinn,,,109
1275,Birth,https://www.metacritic.com/movie/birth,20000000.0,14603001.0,100
1276,Birth of the Dragon,https://www.metacritic.com/movie/birth-of-the-dragon,31000000.0,7220490.0,95
1277,Birth of the Living Dead,https://www.metacritic.com/movie/birth-of-the-living-dead,,,76
1278,Birthday Girl,https://www.metacritic.com/movie/birthday-girl,13000000.0,8130727.0,93
1279,Bisbee '17,https://www.metacritic.com/movie/bisbee-17,,,112
1280,Bitch,https://www.metacritic.com/movie/bitch,,689.0,93
1281,Bitter Harvest,https://www.metacritic.com/movie/bitter-harvest,21000000.0,606162.0,103
1282,Bittersweet Motel,https://www.metacritic.com/movie/bittersweet-motel,,,82
1283,Biutiful,https://www.metacritic.com/movie/biutiful,,,147
1284,Black '47,https://www.metacritic.com/movie/black-47,,2048950.0,100
1285,Black and Blue,https://www.metacritic.com/movie/black-and-blue,12000000.0,22730144.0,108
1286,Black and White,https://www.metacritic.com/movie/black-and-white,10000000.0,,98
1287,Black as Night,https://www.metacritic.com/movie/black-as-night,,,
1288,Black Bear,https://www.metacritic.com/movie/black-bear,,,104
1289,Black Beauty,https://www.metacritic.com/movie/black-beauty,,,110
1290,Black Book,https://www.metacritic.com/movie/black-book,,,145
1291,Black Box,https://www.metacritic.com/movie/black-box,,,
1292,Black Butterflies,https://www.metacritic.com/movie/black-butterflies,,116670.0,100
1293,Black Butterfly,https://www.metacritic.com/movie/black-butterfly,,359182.0,93
1294,Black Christmas,https://www.metacritic.com/movie/black-christmas,,,84
1295,Black Christmas,https://www.metacritic.com/movie/black-christmas-2019,5000000.0,18528789.0,92
1296,Black Death,https://www.metacritic.com/movie/black-death,,,102
1297,Black Dynamite,https://www.metacritic.com/movie/black-dynamite,,424053.0,84
1298,Black Gold,https://www.metacritic.com/movie/black-gold,,,78
1299,Black Hawk Down,https://www.metacritic.com/movie/black-hawk-down,95000000.0,159691085.0,144
1300,Black Is King,https://www.metacritic.com/movie/black-is-king,,,85
1301,Black Knight,https://www.metacritic.com/movie/black-knight,35000000.0,,95
1302,Black Mass,https://www.metacritic.com/movie/black-mass,53000000.0,98837872.0,122
1303,Black Mother,https://www.metacritic.com/movie/black-mother,,7157.0,77
1304,Black Nativity,https://www.metacritic.com/movie/black-nativity,17500000.0,7454184.0,93
1305,Black or White,https://www.metacritic.com/movie/black-or-white,9000000.0,21971021.0,121
1306,Black Orpheus,https://www.metacritic.com/movie/black-orpheus,,,100
1307,Black Out,https://www.metacritic.com/movie/black-out,,,92
1308,Black Panther,https://www.metacritic.com/movie/black-panther,200000000.0,1336494321.0,134
1309,Black Rock,https://www.metacritic.com/movie/black-rock,,,83
1310,Black Sea,https://www.metacritic.com/movie/black-sea,,3332071.0,114
1311,Black Sheep,https://www.metacritic.com/movie/black-sheep,,5063452.0,87
1312,Black Snake Moan,https://www.metacritic.com/movie/black-snake-moan,15000000.0,10951153.0,116
1313,Black Souls,https://www.metacritic.com/movie/black-souls,,,103
1314,Black Swan,https://www.metacritic.com/movie/black-swan,13000000.0,331266710.0,108
1315,Black Water: Abyss,https://www.metacritic.com/movie/black-water-abyss,,491840.0,98
1316,Black Widow,https://www.metacritic.com/movie/black-widow,200000000.0,379751655.0,134
1317,Blackballed: The Bobby Dukes Story,https://www.metacritic.com/movie/blackballed-the-bobby-dukes-story,,,91
1318,Blackbird,https://www.metacritic.com/movie/blackbird-2019,,,97
1319,Blackboards,https://www.metacritic.com/movie/blackboards,,,
1320,Blackfish,https://www.metacritic.com/movie/blackfish,,2354875.0,83
1321,Blackhat,https://www.metacritic.com/movie/blackhat,70000000.0,19665004.0,133
1322,BlacKkKlansman,https://www.metacritic.com/movie/blackkklansman,15000000.0,93411426.0,135
1323,Blackthorn,https://www.metacritic.com/movie/blackthorn,4500000.0,1217307.0,98
1324,Blackwoods,https://www.metacritic.com/movie/blackwoods,,,90
1325,Blade II,https://www.metacritic.com/movie/blade-ii,,,117
1326,Blade of the Immortal,https://www.metacritic.com/movie/blade-of-the-immortal,,,140
1327,Blade Runner 2049,https://www.metacritic.com/movie/blade-runner-2049,185000000.0,258829058.0,164
1328,Blade: Trinity,https://www.metacritic.com/movie/blade-trinity,65000000.0,131353165.0,113
1329,Blades of Glory,https://www.metacritic.com/movie/blades-of-glory,61000000.0,145594548.0,93
1330,Blair Witch,https://www.metacritic.com/movie/blair-witch,10000000.0,38985577.0,89
1331,Blame,https://www.metacritic.com/movie/blame,,,100
1332,Blancanieves,https://www.metacritic.com/movie/blancanieves,,,104
1333,Blank City,https://www.metacritic.com/movie/blank-city,,,94
1334,Blaze,https://www.metacritic.com/movie/blaze-2018,,747793.0,129
1335,Bleak Street,https://www.metacritic.com/movie/bleak-street,,,99
1336,Bleed for This,https://www.metacritic.com/movie/bleed-for-this,16000000.0,7171320.0,117
1337,Bleeding Steel,https://www.metacritic.com/movie/bleeding-steel,,,109
1338,Blended,https://www.metacritic.com/movie/blended,45000000.0,127990741.0,117
1339,"Bless Me, Ultima",https://www.metacritic.com/movie/bless-me-ultima,,,106
1340,Bless the Child,https://www.metacritic.com/movie/bless-the-child,40000000.0,40435694.0,107
1341,Blessed Is the Match: The Life and Death of Hannah Senesh,https://www.metacritic.com/movie/blessed-is-the-match-the-life-and-death-of-hannah-senesh,,,86
1342,Blind,https://www.metacritic.com/movie/blind,,37838.0,96
1343,Blind,https://www.metacritic.com/movie/blind-2017,,,98
1344,Blind Date,https://www.metacritic.com/movie/blind-date,,,80
1345,Blind Mountain,https://www.metacritic.com/movie/blind-mountain,,,95
1346,Blind Shaft,https://www.metacritic.com/movie/blind-shaft,,,92
1347,Blind Spot. Hitler's Secretary,https://www.metacritic.com/movie/blind-spot-hitlers-secretary,,,90
1348,Blinded by the Light,https://www.metacritic.com/movie/blinded-by-the-light,15000000.0,18144644.0,118
1349,Blindness,https://www.metacritic.com/movie/blindness,25000000.0,20052958.0,121
1350,Blindsight,https://www.metacritic.com/movie/blindsight,,,104
1351,Blindspotting,https://www.metacritic.com/movie/blindspotting,,4985354.0,95
1352,Bliss,https://www.metacritic.com/movie/bliss,,,105
1353,Bliss,https://www.metacritic.com/movie/bliss-2021,,,
1354,Blissfully Yours,https://www.metacritic.com/movie/blissfully-yours,,,125
1355,Blithe Spirit,https://www.metacritic.com/movie/blithe-spirit,,806948.0,95
1356,Blizzard of Souls,https://www.metacritic.com/movie/blizzard-of-souls,,,104
1357,Blockers,https://www.metacritic.com/movie/blockers,21000000.0,94523781.0,102
1358,Blood,https://www.metacritic.com/movie/blood,,,92
1359,Blood and Chocolate,https://www.metacritic.com/movie/blood-and-chocolate,15000000.0,6551310.0,98
1360,Blood and Money,https://www.metacritic.com/movie/blood-and-money,,,89
1361,Blood Brother,https://www.metacritic.com/movie/blood-brother,,,92
1362,Blood Diamond,https://www.metacritic.com/movie/blood-diamond,100000000.0,171377916.0,143
1363,Blood Done Sign My Name,https://www.metacritic.com/movie/blood-done-sign-my-name,10000000.0,,128
1364,Blood Father,https://www.metacritic.com/movie/blood-father,,6820000.0,88
1365,Blood Glacier,https://www.metacritic.com/movie/blood-glacier,,,98
1366,Blood on Her Name,https://www.metacritic.com/movie/blood-on-her-name,,,85
1367,Blood Quantum,https://www.metacritic.com/movie/blood-quantum,,,98
1368,Blood: The Last Vampire,https://www.metacritic.com/movie/blood-the-last-vampire,,5683954.0,91
1369,Blood Ties,https://www.metacritic.com/movie/blood-ties,26000000.0,2923959.0,127
1370,Blood Work,https://www.metacritic.com/movie/blood-work,50000000.0,,110
1371,BloodRayne,https://www.metacritic.com/movie/bloodrayne,25000000.0,3711633.0,95
1372,Bloodshot,https://www.metacritic.com/movie/bloodshot,45000000.0,37321081.0,109
1373,Bloodsucking Bastards,https://www.metacritic.com/movie/bloodsucking-bastards,,,86
1374,Bloody Hell,https://www.metacritic.com/movie/bloody-hell,,107942.0,93
1375,"Bloody Nose, Empty Pockets",https://www.metacritic.com/movie/bloody-nose-empty-pockets,,,98
1376,Bloody Sunday,https://www.metacritic.com/movie/bloody-sunday,,,107
1377,Blossoms of Fire,https://www.metacritic.com/movie/blossoms-of-fire,,,75
1378,Blow,https://www.metacritic.com/movie/blow,30000000.0,83282296.0,124
1379,Blow Dry,https://www.metacritic.com/movie/blow-dry,,,94
1380,Blow the Man Down,https://www.metacritic.com/movie/blow-the-man-down,,,91
1381,Blue Bayou,https://www.metacritic.com/movie/blue-bayou,,951011.0,119
1382,Blue Beard,https://www.metacritic.com/movie/blue-beard,,,80
1383,Blue Caprice,https://www.metacritic.com/movie/blue-caprice,,,93
1384,Blue Car,https://www.metacritic.com/movie/blue-car,1000000.0,475367.0,96
1385,Blue Crush,https://www.metacritic.com/movie/blue-crush,30000000.0,51618420.0,104
1386,Blue Gate Crossing,https://www.metacritic.com/movie/blue-gate-crossing,,,85
1387,Blue Iguana,https://www.metacritic.com/movie/blue-iguana,,33626.0,100
1388,Blue Is the Warmest Color,https://www.metacritic.com/movie/blue-is-the-warmest-color,,,179
1389,Blue Jasmine,https://www.metacritic.com/movie/blue-jasmine,18000000.0,102912961.0,98
1390,Blue Jay,https://www.metacritic.com/movie/blue-jay,,,80
1391,Blue Like Jazz,https://www.metacritic.com/movie/blue-like-jazz,1200000.0,,
1392,Blue Miracle,https://www.metacritic.com/movie/blue-miracle,,,95
1393,Blue Moon,https://www.metacritic.com/movie/blue-moon,,,89
1394,Blue Note Records: Beyond the Notes,https://www.metacritic.com/movie/blue-note-records-beyond-the-notes,,47883.0,85
1395,Blue Ruin,https://www.metacritic.com/movie/blue-ruin,420000.0,437002.0,90
1396,Blue Story,https://www.metacritic.com/movie/blue-story,,,91
1397,Blue Valentine,https://www.metacritic.com/movie/blue-valentine,1000000.0,16566240.0,120
1398,Bluebird,https://www.metacritic.com/movie/bluebird,,,90
1399,Blumenthal,https://www.metacritic.com/movie/blumenthal,,,86
1400,Blumhouse's Fantasy Island,https://www.metacritic.com/movie/blumhouses-fantasy-island,,,109
1401,Blumhouse's Truth or Dare,https://www.metacritic.com/movie/blumhouses-truth-or-dare,,,100
1402,Boarding Gate,https://www.metacritic.com/movie/boarding-gate,,,106
1403,Boat Trip,https://www.metacritic.com/movie/boat-trip,15000000.0,14933713.0,94
1404,"Bob Ross: Happy Accidents, Betrayal & Greed",https://www.metacritic.com/movie/bob-ross-happy-accidents-betrayal-greed,,,92
1405,Bobbi Jene,https://www.metacritic.com/movie/bobbi-jene,,,95
1406,Bobby,https://www.metacritic.com/movie/bobby,14000000.0,20597806.0,120
1407,Bobby Fischer Against the World,https://www.metacritic.com/movie/bobby-fischer-against-the-world,,,93
1408,Bobby G. Can't Swim,https://www.metacritic.com/movie/bobby-g-cant-swim,,,89
1409,Bobby Jones: Stroke of Genius,https://www.metacritic.com/movie/bobby-jones-stroke-of-genius,17000000.0,,120
1410,Bobby Sands: 66 Days,https://www.metacritic.com/movie/bobby-sands-66-days,,289938.0,105
1411,Bodied,https://www.metacritic.com/movie/bodied,,,120
1412,Body,https://www.metacritic.com/movie/body,,,75
1413,Body at Brighton Rock,https://www.metacritic.com/movie/body-at-brighton-rock,,,87
1414,Body of Lies,https://www.metacritic.com/movie/body-of-lies,67500000.0,118556530.0,128
1415,Body of War,https://www.metacritic.com/movie/body-of-war,,,
1416,Boesman and Lena,https://www.metacritic.com/movie/boesman-and-lena,,,90
1417,Bohemian Rhapsody,https://www.metacritic.com/movie/bohemian-rhapsody,55000000.0,886918326.0,134
1418,Boiler Room,https://www.metacritic.com/movie/boiler-room,9000000.0,28773637.0,120
1419,Boiling Point,https://www.metacritic.com/movie/boiling-point-2021,,704046.0,95
1420,Bokeh,https://www.metacritic.com/movie/bokeh,,,92
1421,Bolivia,https://www.metacritic.com/movie/bolivia,,,75
1422,Bollywood/Hollywood,https://www.metacritic.com/movie/bollywoodhollywood,,,105
1423,Bolt,https://www.metacritic.com/movie/bolt,150000000.0,328015029.0,96
1424,Bomb the System,https://www.metacritic.com/movie/bomb-the-system,,,91
1425,Bombay Beach,https://www.metacritic.com/movie/bombay-beach,,,80
1426,Bombay Eunuch,https://www.metacritic.com/movie/bombay-eunuch,,,71
1427,Bombay Rose,https://www.metacritic.com/movie/bombay-rose,,,97
1428,Bombshell,https://www.metacritic.com/movie/bombshell,32000000.0,61404394.0,109
1429,Bombshell: The Hedy Lamarr Story,https://www.metacritic.com/movie/bombshell-the-hedy-lamarr-story,,1034817.0,88
1430,Bon voyage,https://www.metacritic.com/movie/bon-voyage,20000000.0,8359720.0,114
1431,Bone Tomahawk,https://www.metacritic.com/movie/bone-tomahawk,2000000.0,475846.0,132
1432,Bones,https://www.metacritic.com/movie/bones,10000000.0,8378853.0,96
1433,Bones Brigade: An Autobiography,https://www.metacritic.com/movie/bones-brigade-an-autobiography,,,
1434,Bonjour Monsieur Shlomi,https://www.metacritic.com/movie/bonjour-monsieur-shlomi,,,94
1435,Bonneville,https://www.metacritic.com/movie/bonneville,,,93
1436,Bonsái,https://www.metacritic.com/movie/bonsai,,,95
1437,Boo! A Madea Halloween,https://www.metacritic.com/movie/boo!-a-madea-halloween,,,103
1438,Boogeyman,https://www.metacritic.com/movie/boogeyman,20000000.0,67192859.0,89
1439,Boogie,https://www.metacritic.com/movie/boogie,,4191023.0,89
1440,Boogie Man: The Lee Atwater Story,https://www.metacritic.com/movie/boogie-man-the-lee-atwater-story,,,86
1441,Book Club,https://www.metacritic.com/movie/book-club,10000000.0,91328463.0,104
1442,Book of Shadows: Blair Witch 2,https://www.metacritic.com/movie/book-of-shadows-blair-witch-2,15000000.0,47721314.0,90
1443,Booker's Place: A Mississippi Story,https://www.metacritic.com/movie/bookers-place-a-mississippi-story,,,90
1444,Books of Blood,https://www.metacritic.com/movie/books-of-blood,,,107
1445,Booksmart,https://www.metacritic.com/movie/booksmart,6000000.0,24949770.0,102
1446,Boom for Real: The Late Teenage Years of Jean-Michel Basquiat,https://www.metacritic.com/movie/boom-for-real-the-late-teenage-years-of-jean-michel-basquiat,,193520.0,78
1447,Bootmen,https://www.metacritic.com/movie/bootmen,,,95
1448,"Booye kafoor, atre yas",https://www.metacritic.com/movie/booye-kafoor-atre-yas,,,93
1449,Borat: Cultural Learnings of America for Make Benefit Glorious Nation of Kazakhstan,https://www.metacritic.com/movie/borat-cultural-learnings-of-america-for-make-benefit-glorious-nation-of-kazakhstan,,,84
1450,Borat Subsequent Moviefilm,https://www.metacritic.com/movie/borat-subsequent-moviefilm-delivery-of-prodigious-bribe-to-american-regime-for-make-benefit-once-glo,,,95
1451,Border,https://www.metacritic.com/movie/border,,,110
1452,Borg vs. McEnroe,https://www.metacritic.com/movie/borg-vs-mcenroe,,,107
1453,Borgman,https://www.metacritic.com/movie/borgman,,138368.0,113
1454,Boris Without Béatrice,https://www.metacritic.com/movie/boris-without-beatrice,,,93
1455,Born in China,https://www.metacritic.com/movie/born-in-china,,25037743.0,79
1456,Born Into Brothels: Calcutta's Red Light Kids,https://www.metacritic.com/movie/born-into-brothels-calcuttas-red-light-kids,,3735969.0,85
1457,Born Romantic,https://www.metacritic.com/movie/born-romantic,,,96
1458,Born to be Blue,https://www.metacritic.com/movie/born-to-be-blue,,2145764.0,97
1459,Born to Be Wild,https://www.metacritic.com/movie/born-to-be-wild,,,100
1460,Born to Fly,https://www.metacritic.com/movie/born-to-fly,,,82
1461,Borstal Boy,https://www.metacritic.com/movie/borstal-boy,,,93
1462,Boss Level,https://www.metacritic.com/movie/boss-level,,1988846.0,94
1463,Bossa Nova,https://www.metacritic.com/movie/bossa-nova,,,95
1464,Bottle Shock,https://www.metacritic.com/movie/bottle-shock,5000000.0,4815890.0,110
1465,Bottom of the 9th,https://www.metacritic.com/movie/bottom-of-the-9th,,,111
1466,Boulevard,https://www.metacritic.com/movie/boulevard,,320417.0,88
1467,Bounce,https://www.metacritic.com/movie/bounce,35000000.0,53425292.0,106
1468,Boundaries,https://www.metacritic.com/movie/boundaries,,755235.0,104
1469,Bounty Killer,https://www.metacritic.com/movie/bounty-killer,,210.0,92
1470,Bowling for Columbine,https://www.metacritic.com/movie/bowling-for-columbine,3000000.0,58240487.0,120
1471,Boxing Gym,https://www.metacritic.com/movie/boxing-gym,,,91
1472,Boy,https://www.metacritic.com/movie/boy,,8661393.0,87
1473,Boy A,https://www.metacritic.com/movie/boy-a,,1760943.0,106
1474,Boy and the World,https://www.metacritic.com/movie/boy-and-the-world,,,
1475,Boy Culture,https://www.metacritic.com/movie/boy-culture,,,88
1476,Boy Erased,https://www.metacritic.com/movie/boy-erased,11000000.0,11862650.0,115
1477,Boychoir,https://www.metacritic.com/movie/boychoir,,3765773.0,103
1478,Boyhood,https://www.metacritic.com/movie/boyhood,4000000.0,57273049.0,165
1479,Boynton Beach Club,https://www.metacritic.com/movie/boynton-beach-club,2900000.0,,105
1480,Boys and Girls,https://www.metacritic.com/movie/boys-and-girls,16000000.0,,94
1481,Boys Life 3,https://www.metacritic.com/movie/boys-life-3,,,79
1482,Boys State,https://www.metacritic.com/movie/boys-state,,,105
1483,BPM (Beats Per Minute),https://www.metacritic.com/movie/bpm-beats-per-minute,,,140
1484,Bra Boys,https://www.metacritic.com/movie/bra-boys,,,90
1485,Brad's Status,https://www.metacritic.com/movie/brads-status,,3221533.0,102
1486,Brahms: The Boy II,https://www.metacritic.com/movie/brahms-the-boy-ii,10000000.0,18976477.0,86
1487,Brake,https://www.metacritic.com/movie/brake,,102819.0,92
1488,Bran Nue Dae,https://www.metacritic.com/movie/bran-nue-dae,6750000.0,6812530.0,85
1489,Brand: A Second Coming,https://www.metacritic.com/movie/brand-a-second-coming,,1563.0,100
1490,Brand Upon the Brain!,https://www.metacritic.com/movie/brand-upon-the-brain!,,,95
1491,Bratz,https://www.metacritic.com/movie/bratz,,25747223.0,110
1492,Brave,https://www.metacritic.com/movie/brave,185000000.0,554606532.0,93
1493,Brave New Jersey,https://www.metacritic.com/movie/brave-new-jersey,,,86
1494,Braven,https://www.metacritic.com/movie/braven,,826472.0,94
1495,Bravetown,https://www.metacritic.com/movie/bravetown,,,112
1496,Brawl in Cell Block 99,https://www.metacritic.com/movie/brawl-in-cell-block-99,4000000.0,79208.0,132
1497,Breach,https://www.metacritic.com/movie/breach,,34458779.0,110
1498,Bread and Roses,https://www.metacritic.com/movie/bread-and-roses,,1282593.0,110
1499,Bread and Tulips,https://www.metacritic.com/movie/bread-and-tulips,,,114
1500,Break Point,https://www.metacritic.com/movie/break-point,,,90
1501,Breakfast on Pluto,https://www.metacritic.com/movie/breakfast-on-pluto,,,128
1502,Breakfast with Scot,https://www.metacritic.com/movie/breakfast-with-scot,,,95
1503,Breakin' All the Rules,https://www.metacritic.com/movie/breakin-all-the-rules,9000000.0,12512317.0,85
1504,Breaking a Monster,https://www.metacritic.com/movie/breaking-a-monster,,,92
1505,Breaking and Entering,https://www.metacritic.com/movie/breaking-and-entering,,,120
1506,Breaking In,https://www.metacritic.com/movie/breaking-in,6000000.0,51485382.0,88
1507,Breaking News in Yuba County,https://www.metacritic.com/movie/breaking-news-in-yuba-county,,122945.0,96
1508,Breaking Point,https://www.metacritic.com/movie/breaking-point,,,93
1509,Breaking the Girls,https://www.metacritic.com/movie/breaking-the-girls,,,83
1510,Breaking Upwards,https://www.metacritic.com/movie/breaking-upwards,15000.0,,88
1511,Breakthrough,https://www.metacritic.com/movie/breakthrough,14000000.0,49231674.0,116
1512,Breath,https://www.metacritic.com/movie/breath,,3243312.0,115
1513,Breathe,https://www.metacritic.com/movie/breathe,,,91
1514,Breathe,https://www.metacritic.com/movie/breathe-2017,,4868463.0,118
1515,Breathe In,https://www.metacritic.com/movie/breathe-in,,162339.0,98
1516,Breathing,https://www.metacritic.com/movie/breathing,,,94
1517,Brian Banks,https://www.metacritic.com/movie/brian-banks,10000000.0,,99
1518,Brian Wilson: Long Promised Road,https://www.metacritic.com/movie/brian-wilson-long-promised-road,,1627.0,93
1519,Brick,https://www.metacritic.com/movie/brick,450000.0,4243996.0,110
1520,Brick Lane,https://www.metacritic.com/movie/brick-lane,2500000.0,3838486.0,102
1521,Brick Mansions,https://www.metacritic.com/movie/brick-mansions,28000000.0,73421224.0,90
1522,Bride Flight,https://www.metacritic.com/movie/bride-flight,,4161287.0,130
1523,Bride of the Wind,https://www.metacritic.com/movie/bride-of-the-wind,,,99
1524,Bride & Prejudice,https://www.metacritic.com/movie/bride-prejudice,7000000.0,25269040.0,122
1525,Bride Wars,https://www.metacritic.com/movie/bride-wars,30000000.0,115150424.0,89
1526,Brideshead Revisited,https://www.metacritic.com/movie/brideshead-revisited,,13432256.0,133
1527,Bridesmaids,https://www.metacritic.com/movie/bridesmaids,32500000.0,289632023.0,125
1528,Bridge of Spies,https://www.metacritic.com/movie/bridge-of-spies,40000000.0,162498338.0,141
1529,Bridge to Terabithia,https://www.metacritic.com/movie/bridge-to-terabithia,25000000.0,137984788.0,96
1530,Bridgend,https://www.metacritic.com/movie/bridgend,,,95
1531,Bridget Jones: The Edge of Reason,https://www.metacritic.com/movie/bridget-jones-the-edge-of-reason,50000000.0,263894551.0,108
1532,Bridget Jones's Baby,https://www.metacritic.com/movie/bridget-joness-baby,35000000.0,207298383.0,123
1533,Bridget Jones's Diary,https://www.metacritic.com/movie/bridget-joness-diary,25000000.0,277902373.0,97
1534,Brief Interviews with Hideous Men,https://www.metacritic.com/movie/brief-interviews-with-hideous-men,,,80
1535,Brigham City,https://www.metacritic.com/movie/brigham-city,1000000.0,,119
1536,Bright,https://www.metacritic.com/movie/bright,90000000.0,,117
1537,Bright Days Ahead,https://www.metacritic.com/movie/bright-days-ahead,,,94
1538,Bright Future,https://www.metacritic.com/movie/bright-future,,,92
1539,Bright Leaves,https://www.metacritic.com/movie/bright-leaves,,,107
1540,Bright Star,https://www.metacritic.com/movie/bright-star,8500000.0,17220091.0,119
1541,Bright Young Things,https://www.metacritic.com/movie/bright-young-things,,2682600.0,106
1542,Brightburn,https://www.metacritic.com/movie/brightburn,7000000.0,33183642.0,90
1543,Brightest Star,https://www.metacritic.com/movie/brightest-star,,,80
1544,Brighton Rock,https://www.metacritic.com/movie/brighton-rock,11000000.0,,111
1545,Brigsby Bear,https://www.metacritic.com/movie/brigsby-bear,,665183.0,97
1546,Brimstone,https://www.metacritic.com/movie/brimstone,,2125810.0,148
1547,Brimstone & Glory,https://www.metacritic.com/movie/brimstone-glory,,,67
1548,Bring It On,https://www.metacritic.com/movie/bring-it-on,10000000.0,90453550.0,98
1549,Bringing Down the House,https://www.metacritic.com/movie/bringing-down-the-house,20000000.0,164675402.0,105
1550,Bringing Up Bobby,https://www.metacritic.com/movie/bringing-up-bobby,,,93
1551,Britney Vs. Spears,https://www.metacritic.com/movie/britney-vs-spears,,,
1552,Britt-Marie Was Here,https://www.metacritic.com/movie/britt-marie-was-here,,,94
1553,Brittany Runs A Marathon,https://www.metacritic.com/movie/brittany-runs-a-marathon,,7422058.0,104
1554,Broadway Idiot,https://www.metacritic.com/movie/broadway-idiot,,,80
1555,"Broadway: The Golden Age, by the Legends Who Were There",https://www.metacritic.com/movie/broadway-the-golden-age-by-the-legends-who-were-there,,391718.0,111
1556,Brokeback Mountain,https://www.metacritic.com/movie/brokeback-mountain,13900000.0,176980863.0,134
1557,Broken,https://www.metacritic.com/movie/broken,,1212304.0,91
1558,Broken Bridges,https://www.metacritic.com/movie/broken-bridges,,,105
1559,Broken City,https://www.metacritic.com/movie/broken-city,35000000.0,37114977.0,109
1560,Broken Embraces,https://www.metacritic.com/movie/broken-embraces,,,127
1561,Broken English,https://www.metacritic.com/movie/broken-english,,1944150.0,93
1562,Broken Flowers,https://www.metacritic.com/movie/broken-flowers,10000000.0,40744960.0,106
1563,Broken Horses,https://www.metacritic.com/movie/broken-horses,15000000.0,3471.0,101
1564,Broken Sky,https://www.metacritic.com/movie/broken-sky,,,140
1565,Bronson,https://www.metacritic.com/movie/bronson,230000.0,2703762.0,92
1566,Brooklyn,https://www.metacritic.com/movie/brooklyn,11000000.0,62076141.0,111
1567,Brooklyn Castle,https://www.metacritic.com/movie/brooklyn-castle,,,101
1568,Brooklyn Lobster,https://www.metacritic.com/movie/brooklyn-lobster,,,94
1569,Brooklyn Rules,https://www.metacritic.com/movie/brooklyn-rules,8000000.0,,99
1570,Brooklyn's Finest,https://www.metacritic.com/movie/brooklyns-finest,17000000.0,39233233.0,132
1571,Brother,https://www.metacritic.com/movie/brother,12000000.0,477693.0,114
1572,Brother Bear,https://www.metacritic.com/movie/brother-bear,,250397798.0,85
1573,Brother to Brother,https://www.metacritic.com/movie/brother-to-brother,,,
1574,Brotherhood of the Wolf,https://www.metacritic.com/movie/brotherhood-of-the-wolf,,,142
1575,Brothers,https://www.metacritic.com/movie/brothers,26000000.0,45043870.0,105
1576,Brothers,https://www.metacritic.com/movie/brothers-2005,,,117
1577,Brothers at War,https://www.metacritic.com/movie/brothers-at-war,,,110
1578,Brothers By Blood,https://www.metacritic.com/movie/brothers-by-blood,,104744.0,105
1579,Brothers in Arms,https://www.metacritic.com/movie/brothers-in-arms,,,68
1580,Brother's Justice,https://www.metacritic.com/movie/brothers-justice,,,80
1581,Brothers of the Head,https://www.metacritic.com/movie/brothers-of-the-head,,,93
1582,Brown Sugar,https://www.metacritic.com/movie/brown-sugar,8000000.0,28315272.0,109
1583,Bruce Almighty,https://www.metacritic.com/movie/bruce-almighty,81000000.0,484468608.0,101
1584,Bruce Springsteen's Letter to You,https://www.metacritic.com/movie/bruce-springsteens-letter-to-you,,,
1585,Bruised,https://www.metacritic.com/movie/bruised,,,129
1586,Bruno,https://www.metacritic.com/movie/bruno,,,81
1587,Bubba Ho-tep,https://www.metacritic.com/movie/bubba-ho-tep,1000000.0,1492895.0,92
1588,Bubble,https://www.metacritic.com/movie/bubble,1600000.0,,73
1589,Bubble Boy,https://www.metacritic.com/movie/bubble-boy,13000000.0,,84
1590,Bubot Niyar,https://www.metacritic.com/movie/bubot-niyar,,,80
1591,Buck,https://www.metacritic.com/movie/buck,,4523972.0,88
1592,Bucky Larson: Born to Be a Star,https://www.metacritic.com/movie/bucky-larson-born-to-be-a-star,10000000.0,,96
1593,Buddy Boy,https://www.metacritic.com/movie/buddy-boy,,,105
1594,Buena Vista Social Club: Adios,https://www.metacritic.com/movie/buena-vista-social-club-adios,,343483.0,110
1595,Buffalo Boys,https://www.metacritic.com/movie/buffalo-boys,,,102
1596,Buffalo Girls,https://www.metacritic.com/movie/buffalo-girls,,,
1597,Buffalo Soldiers,https://www.metacritic.com/movie/buffalo-soldiers,15000000.0,1768976.0,98
1598,Buffaloed,https://www.metacritic.com/movie/buffaloed,,,95
1599,Bug,https://www.metacritic.com/movie/bug,4000000.0,8302995.0,102
1600,Bugs!,https://www.metacritic.com/movie/bugs!,,29196944.0,40
1601,Bukowski: Born into This,https://www.metacritic.com/movie/bukowski-born-into-this,,328898.0,130
1602,Bulgarian Lovers,https://www.metacritic.com/movie/bulgarian-lovers,,,101
1603,Bull,https://www.metacritic.com/movie/bull,,,105
1604,Bullet Head,https://www.metacritic.com/movie/bullet-head,,153930.0,93
1605,Bullet to the Head,https://www.metacritic.com/movie/bullet-to-the-head,55000000.0,22597969.0,92
1606,Bulletproof Monk,https://www.metacritic.com/movie/bulletproof-monk,52000000.0,26922492.0,104
1607,Bullhead,https://www.metacritic.com/movie/bullhead,,,124
1608,Bully,https://www.metacritic.com/movie/bully,2100000.0,1381824.0,113
1609,Bully. Coward. Victim. The Story of Roy Cohn,https://www.metacritic.com/movie/bully-coward-victim-the-story-of-roy-cohn,,,94
1610,Bumblebee,https://www.metacritic.com/movie/bumblebee,102000000.0,465195589.0,114
1611,Bunraku,https://www.metacritic.com/movie/bunraku,,,118
1612,Buñuel in the Labyrinth of the Turtles,https://www.metacritic.com/movie/buouel-in-the-labyrinth-of-the-turtles,,,80
1613,Buoyancy,https://www.metacritic.com/movie/buoyancy,,53952.0,93
1614,Burden,https://www.metacritic.com/movie/burden,,20434.0,88
1615,Burden,https://www.metacritic.com/movie/burden-2018,,451010.0,117
1616,Buried,https://www.metacritic.com/movie/buried,1987650.0,21270290.0,95
1617,Burke and Hare,https://www.metacritic.com/movie/burke-and-hare,,,91
1618,Burlesque,https://www.metacritic.com/movie/burlesque,55000000.0,90552675.0,119
1619,Burma VJ: Reporter i et lukket land,https://www.metacritic.com/movie/burma-vj-reporter-i-et-lukket-land,,,84
1620,Burn After Reading,https://www.metacritic.com/movie/burn-after-reading,37000000.0,168167798.0,96
1621,Burn Country,https://www.metacritic.com/movie/burn-country,,,102
1622,Burn Your Maps,https://www.metacritic.com/movie/burn-your-maps,8000000.0,,102
1623,Burning,https://www.metacritic.com/movie/burning,,,148
1624,Burning Blue,https://www.metacritic.com/movie/burning-blue,,,96
1625,Burning Bush,https://www.metacritic.com/movie/burning-bush,,,231
1626,Burning Cane,https://www.metacritic.com/movie/burning-cane,,,77
1627,Burning Man: The Burning Sensation,https://www.metacritic.com/movie/burning-man-the-burning-sensation,,,75
1628,Burning Sands,https://www.metacritic.com/movie/burning-sands,,,96
1629,Burnt,https://www.metacritic.com/movie/burnt,20000000.0,36766293.0,101
1630,Burnt Money,https://www.metacritic.com/movie/burnt-money,,,125
1631,Burying the Ex,https://www.metacritic.com/movie/burying-the-ex,,,89
1632,Burzynski,https://www.metacritic.com/movie/burzynski,,,108
1633,Bus 174,https://www.metacritic.com/movie/bus-174,,,122
1634,Bush's Brain,https://www.metacritic.com/movie/bushs-brain,,,80
1635,Bushwick,https://www.metacritic.com/movie/bushwick,,42.0,94
1636,Buster's Mal Heart,https://www.metacritic.com/movie/busters-mal-heart,,,96
1637,Bustin' Down the Door,https://www.metacritic.com/movie/bustin-down-the-door,,,95
1638,But I'm a Cheerleader,https://www.metacritic.com/movie/but-im-a-cheerleader,1200000.0,2509344.0,85
1639,Butt Boy,https://www.metacritic.com/movie/butt-boy,,,99
1640,Butter,https://www.metacritic.com/movie/butter,,104706.0,90
1641,Butter on the Latch,https://www.metacritic.com/movie/butter-on-the-latch,,,72
1642,Butterfly Tongues,https://www.metacritic.com/movie/butterfly-tongues,,,96
1643,BuyBust,https://www.metacritic.com/movie/buybust,,,127
1644,Buzzard,https://www.metacritic.com/movie/buzzard,,,97
1645,By Hook or by Crook,https://www.metacritic.com/movie/by-hook-or-by-crook,,,98
1646,By Sidney Lumet,https://www.metacritic.com/movie/by-sidney-lumet,,,103
1647,By the Grace of God,https://www.metacritic.com/movie/by-the-grace-of-god,,,137
1648,By the Sea,https://www.metacritic.com/movie/by-the-sea,20000000.0,3727746.0,122
1649,Bye Bye Germany,https://www.metacritic.com/movie/bye-bye-germany,,,102
1650,Byzantium,https://www.metacritic.com/movie/byzantium,,92544.0,118
1651,Ça commence aujourd'hui,https://www.metacritic.com/movie/ca-commence-aujourdhui,,,117
1652,Cabin Fever,https://www.metacritic.com/movie/cabin-fever,1500000.0,30351664.0,93
1653,Cabin Fever,https://www.metacritic.com/movie/cabin-fever-2016,,53111.0,99
1654,Cabin Fever: Patient Zero,https://www.metacritic.com/movie/cabin-fever-patient-zero,,,91
1655,Caché (Hidden),https://www.metacritic.com/movie/cache-hidden,,,117
1656,Cachorro,https://www.metacritic.com/movie/cachorro,,,99
1657,Cadillac Records,https://www.metacritic.com/movie/cadillac-records,12000000.0,8942516.0,109
1658,Caesar Must Die,https://www.metacritic.com/movie/caesar-must-die,,,76
1659,Café de Flore,https://www.metacritic.com/movie/caf-de-flore,,,120
1660,Café Lumière,https://www.metacritic.com/movie/cafe-lumiere,,,103
1661,Café Society,https://www.metacritic.com/movie/cafe-society,30000000.0,44348292.0,96
1662,Cairo Time,https://www.metacritic.com/movie/cairo-time,,1861359.0,90
1663,Cake,https://www.metacritic.com/movie/cake,,2255399.0,102
1664,Calendar Girls,https://www.metacritic.com/movie/calendar-girls,10000000.0,93074616.0,108
1665,Calibre,https://www.metacritic.com/movie/calibre,,,101
1666,California Solo,https://www.metacritic.com/movie/california-solo,,,94
1667,California Typewriter,https://www.metacritic.com/movie/california-typewriter,,,103
1668,Call Me by Your Name,https://www.metacritic.com/movie/call-me-by-your-name,3500000.0,41708576.0,132
1669,Call Me Kuchu,https://www.metacritic.com/movie/call-me-kuchu,,11946.0,87
1670,Call Me Lucky,https://www.metacritic.com/movie/call-me-lucky,,,106
1671,Callas Forever,https://www.metacritic.com/movie/callas-forever,,5773130.0,111
1672,Calle 54,https://www.metacritic.com/movie/calle-54,,,105
1673,Calm with Horses (The Shadow of Violence),https://www.metacritic.com/movie/calm-with-horses-the-shadow-of-violence,,,100
1674,Calvary,https://www.metacritic.com/movie/calvary,,16887741.0,100
1675,Cam,https://www.metacritic.com/movie/cam,,,94
1676,Cam2Cam,https://www.metacritic.com/movie/cam2cam,,,91
1677,Camera Obscura,https://www.metacritic.com/movie/camera-obscura-2017,,,95
1678,Cameraman: The Life and Work of Jack Cardiff,https://www.metacritic.com/movie/cameraman-the-life-and-work-of-jack-cardiff,,,86
1679,Cameraperson,https://www.metacritic.com/movie/cameraperson,,110408.0,102
1680,Camille Claudel 1915,https://www.metacritic.com/movie/camille-claudel-1915,,,95
1681,Camp,https://www.metacritic.com/movie/camp,,2672087.0,114
1682,Camp X-Ray,https://www.metacritic.com/movie/camp-x-ray,1000000.0,101053.0,117
1683,Campfire,https://www.metacritic.com/movie/campfire,,,96
1684,Can Mr. Smith Get to Washington Anymore?,https://www.metacritic.com/movie/can-mr-smith-get-to-washington-anymore,,,82
1685,Can You Bring It: Bill T. Jones and D-Man in the Waters,https://www.metacritic.com/movie/can-you-bring-it-bill-t-jones-and-d-man-in-the-waters,,,94
1686,Can You Ever Forgive Me?,https://www.metacritic.com/movie/can-you-ever-forgive-me,10000000.0,12517379.0,106
1687,Candy,https://www.metacritic.com/movie/candy,,,108
1688,Candyman,https://www.metacritic.com/movie/candyman-2020,,77395789.0,91
1689,Cane River,https://www.metacritic.com/movie/cane-river,,,104
1690,Caniba,https://www.metacritic.com/movie/caniba,,,92
1691,Can't Stand Losing You: Surviving the Police,https://www.metacritic.com/movie/cant-stand-losing-you-surviving-the-police,,,79
1692,Canvas,https://www.metacritic.com/movie/canvas,,,101
1693,Cape of Good Hope,https://www.metacritic.com/movie/cape-of-good-hope,,,107
1694,Capernaum,https://www.metacritic.com/movie/capernaum,,,126
1695,Capital,https://www.metacritic.com/movie/capital,,,114
1696,Capital in the Twenty-First Century,https://www.metacritic.com/movie/capital-in-the-twenty-first-century,,357912.0,103
1697,Capitalism: A Love Story,https://www.metacritic.com/movie/capitalism-a-love-story,20000000.0,19121531.0,127
1698,Capone,https://www.metacritic.com/movie/capone,,,103
1699,Capote,https://www.metacritic.com/movie/capote,7000000.0,49924079.0,114
1700,Captain America: Civil War,https://www.metacritic.com/movie/captain-america-civil-war,250000000.0,1151918521.0,147
1701,Captain America: The First Avenger,https://www.metacritic.com/movie/captain-america-the-first-avenger,140000000.0,370569776.0,125
1702,Captain America: The Winter Soldier,https://www.metacritic.com/movie/captain-america-the-winter-soldier,170000000.0,714401889.0,136
1703,Captain Corelli's Mandolin,https://www.metacritic.com/movie/captain-corellis-mandolin,57000000.0,62097495.0,131
1704,Captain Fantastic,https://www.metacritic.com/movie/captain-fantastic,5000000.0,21340234.0,118
1705,Captain Marvel,https://www.metacritic.com/movie/captain-marvel,175000000.0,1129727388.0,123
1706,Captain Pantoja and the Special Services,https://www.metacritic.com/movie/captain-pantoja-and-the-special-services,,,137
1707,Captain Phillips,https://www.metacritic.com/movie/captain-phillips,55000000.0,220648184.0,134
1708,Captain Underpants: The First Epic Movie,https://www.metacritic.com/movie/captain-underpants-the-first-epic-movie,38000000.0,126422949.0,89
1709,Captive,https://www.metacritic.com/movie/captive,,,115
1710,Captive,https://www.metacritic.com/movie/captive-2015,2000000.0,2791973.0,97
1711,Captive State,https://www.metacritic.com/movie/captive-state,25000000.0,9363210.0,109
1712,Captivity,https://www.metacritic.com/movie/captivity,,9459740.0,96
1713,Capturing the Friedmans,https://www.metacritic.com/movie/capturing-the-friedmans,,4409434.0,107
1714,Caramel,https://www.metacritic.com/movie/caramel,,,95
1715,Carancho,https://www.metacritic.com/movie/carancho,,4959360.0,107
1716,Carandiru,https://www.metacritic.com/movie/carandiru,,,145
1717,Carbon Nation,https://www.metacritic.com/movie/carbon-nation,,,86
1718,Careful What You Wish For,https://www.metacritic.com/movie/careful-what-you-wish-for,,,91
1719,Cargo,https://www.metacritic.com/movie/cargo-2018,,61864.0,105
1720,Carlos,https://www.metacritic.com/movie/carlos,18000000.0,1619153.0,325
1721,Carlos Castaneda: Enigma of a Sorcerer,https://www.metacritic.com/movie/carlos-castaneda-enigma-of-a-sorcerer,,97447.0,91
1722,Carmine Street Guitars,https://www.metacritic.com/movie/carmine-street-guitars,,,80
1723,Carnage,https://www.metacritic.com/movie/carnage,,,130
1724,Carnage,https://www.metacritic.com/movie/carnage-2011,25000000.0,38112154.0,79
1725,Carnage Park,https://www.metacritic.com/movie/carnage-park,,,90
1726,Carol,https://www.metacritic.com/movie/carol,11800000.0,42485640.0,118
1727,Carol Channing: Larger Than Life,https://www.metacritic.com/movie/carol-channing-larger-than-life,,,87
1728,Carrie,https://www.metacritic.com/movie/carrie,30000000.0,82409520.0,100
1729,Carrie Pilby,https://www.metacritic.com/movie/carrie-pilby,,26889.0,98
1730,Cars,https://www.metacritic.com/movie/cars,70000000.0,461630558.0,117
1731,Cars 2,https://www.metacritic.com/movie/cars-2,200000000.0,560155383.0,113
1732,Cars 3,https://www.metacritic.com/movie/cars-3,175000000.0,383541369.0,102
1733,Cartel Land,https://www.metacritic.com/movie/cartel-land,,1147740.0,100
1734,Casa de los babys,https://www.metacritic.com/movie/casa-de-los-babys,,,95
1735,Casa de mi Padre,https://www.metacritic.com/movie/casa-de-mi-padre,6000000.0,8446952.0,84
1736,Casanova,https://www.metacritic.com/movie/casanova,,36204403.0,112
1737,Case 39,https://www.metacritic.com/movie/case-39,27000000.0,28773827.0,109
1738,Cashback,https://www.metacritic.com/movie/cashback,,2896988.0,102
1739,Casi divas,https://www.metacritic.com/movie/casi-divas,,,107
1740,Casino Jack,https://www.metacritic.com/movie/casino-jack,12500000.0,2272186.0,
1741,Casino Jack and the United States of Money,https://www.metacritic.com/movie/casino-jack-and-the-united-states-of-money,,,118
1742,Casino Royale,https://www.metacritic.com/movie/casino-royale,102000000.0,594420283.0,144
1743,Cassadaga,https://www.metacritic.com/movie/cassadaga,,,108
1744,Cassandra's Dream,https://www.metacritic.com/movie/cassandras-dream,,22478138.0,108
1745,Cast Away,https://www.metacritic.com/movie/cast-away,85000000.0,427230516.0,143
1746,Casting JonBenét,https://www.metacritic.com/movie/casting-jonbenet,,,80
1747,Castle in the Ground,https://www.metacritic.com/movie/castle-in-the-ground,,,105
1748,Casuistry: The Art of Killing a Cat,https://www.metacritic.com/movie/casuistry-the-art-of-killing-a-cat,,,91
1749,Cat Run,https://www.metacritic.com/movie/cat-run,,,102
1750,Catch a Fire,https://www.metacritic.com/movie/catch-a-fire,14000000.0,5782198.0,101
1751,Catch and Release,https://www.metacritic.com/movie/catch-and-release,,,124
1752,Catch Me Daddy,https://www.metacritic.com/movie/catch-me-daddy,,,112
1753,Catch Me If You Can,https://www.metacritic.com/movie/catch-me-if-you-can,52000000.0,355612291.0,141
1754,Catch That Kid,https://www.metacritic.com/movie/catch-that-kid,18000000.0,16959614.0,91
1755,Catching Out,https://www.metacritic.com/movie/catching-out,,,79
1756,Caterina va in città,https://www.metacritic.com/movie/caterina-va-in-citta,,,90
1757,Caterpillar,https://www.metacritic.com/movie/caterpillar,,,85
1758,Catfight,https://www.metacritic.com/movie/catfight,,2665.0,95
1759,Catfish,https://www.metacritic.com/movie/catfish,,3798734.0,87
1760,Catfish in Black Bean Sauce,https://www.metacritic.com/movie/catfish-in-black-bean-sauce,,,119
1761,Cats,https://www.metacritic.com/movie/cats,100000000.0,75486351.0,110
1762,Cats & Dogs,https://www.metacritic.com/movie/cats-dogs,60000000.0,200700000.0,87
1763,Cats & Dogs: The Revenge of Kitty Galore,https://www.metacritic.com/movie/cats-dogs-the-revenge-of-kitty-galore,85000000.0,113026383.0,82
1764,Catwoman,https://www.metacritic.com/movie/catwoman,100000000.0,82078046.0,104
1765,Caucus,https://www.metacritic.com/movie/caucus,,,104
1766,Caught in the Web,https://www.metacritic.com/movie/caught-in-the-web,,,117
1767,Cave of Forgotten Dreams,https://www.metacritic.com/movie/cave-of-forgotten-dreams,,9369629.0,89
1768,Caveat,https://www.metacritic.com/movie/caveat,,7132.0,88
1769,Cavemen,https://www.metacritic.com/movie/cavemen,,,88
1770,Cavite,https://www.metacritic.com/movie/cavite,7000.0,71644.0,80
1771,CBGB,https://www.metacritic.com/movie/cbgb,,,101
1772,Cecil B. DeMented,https://www.metacritic.com/movie/cecil-b-demented,10000000.0,1953882.0,87
1773,Cedar Rapids,https://www.metacritic.com/movie/cedar-rapids,10000000.0,7862131.0,86
1774,Celebration,https://www.metacritic.com/movie/celebration,,,74
1775,Celeste and Jesse Forever,https://www.metacritic.com/movie/celeste-and-jesse-forever,840000.0,3787689.0,92
1776,Cell,https://www.metacritic.com/movie/cell,,,98
1777,Cellular,https://www.metacritic.com/movie/cellular,45000000.0,61453420.0,94
1778,Celsius 41.11: The Temperature at Which the Brain... Begins to Die,https://www.metacritic.com/movie/celsius-4111-the-temperature-at-which-the-brain-begins-to-die,,,72
1779,Cemetery of Splendor,https://www.metacritic.com/movie/cemetery-of-splendor,,,122
1780,Censor,https://www.metacritic.com/movie/censor,,365738.0,84
1781,Censored Voices,https://www.metacritic.com/movie/censored-voices,,,84
1782,Journey 2: The Mysterious Island,https://www.metacritic.com/movie/center-of-the-earth-journey-2-the-mysterious-island,79000000.0,318146162.0,94
1783,Center Stage,https://www.metacritic.com/movie/center-stage,18000000.0,21361109.0,115
1784,Centigrade,https://www.metacritic.com/movie/centigrade,,31869.0,98
1785,Central Intelligence,https://www.metacritic.com/movie/central-intelligence,50000000.0,217194805.0,107
1786,Centurion,https://www.metacritic.com/movie/centurion,15000000.0,7885048.0,97
1787,Ceremony,https://www.metacritic.com/movie/ceremony,,,89
1788,Certain Women,https://www.metacritic.com/movie/certain-women,,1220254.0,107
1789,Certifiably Jonathan,https://www.metacritic.com/movie/certifiably-jonathan,1200000.0,,85
1790,Certified Copy,https://www.metacritic.com/movie/certified-copy,,,106
1791,Cesar Chavez,https://www.metacritic.com/movie/cesar-chavez,,,102
1792,Cet amour-là,https://www.metacritic.com/movie/cet-amour-la,,,100
1793,Cézanne et Moi,https://www.metacritic.com/movie/cezanne-et-moi,,,117
1794,Chagall-Malevich,https://www.metacritic.com/movie/chagall-malevich,,,119
1795,Chain,https://www.metacritic.com/movie/chain,,,99
1796,Chain Camera,https://www.metacritic.com/movie/chain-camera,,,90
1797,Chained for Life,https://www.metacritic.com/movie/chained-for-life,,,91
1798,Chalk,https://www.metacritic.com/movie/chalk,,,85
1799,Chalk,https://www.metacritic.com/movie/chalk-2000,,,134
1800,Champs,https://www.metacritic.com/movie/champs,,2455.0,
1801,Chander Pahar (Mountains Of The Moon),https://www.metacritic.com/movie/chander-pahar-mountains-of-the-moon,,,148
1802,Chandni Chowk to China,https://www.metacritic.com/movie/chandni-chowk-to-china,,,154
1803,Changeling,https://www.metacritic.com/movie/changeling,55000000.0,113805580.0,141
1804,Changing Lanes,https://www.metacritic.com/movie/changing-lanes,45000000.0,,98
1805,Changing the Game,https://www.metacritic.com/movie/changing-the-game,,,88
1806,Changing Times,https://www.metacritic.com/movie/changing-times,,4104160.0,90
1807,Chaos,https://www.metacritic.com/movie/chaos,,,74
1808,Chaos,https://www.metacritic.com/movie/chaos-2003-1,,,109
1809,Chaos Theory,https://www.metacritic.com/movie/chaos-theory,,,87
1810,Chaos Walking,https://www.metacritic.com/movie/chaos-walking,100000000.0,27075660.0,109
1811,Chappaquiddick,https://www.metacritic.com/movie/chappaquiddick,,18148091.0,106
1812,Chappie,https://www.metacritic.com/movie/chappie,49000000.0,105002056.0,120
1813,Chapter 27,https://www.metacritic.com/movie/chapter-27,,,84
1814,Charlatan,https://www.metacritic.com/movie/charlatan,,2346236.0,118
1815,Charlie and the Chocolate Factory,https://www.metacritic.com/movie/charlie-and-the-chocolate-factory,150000000.0,475825484.0,115
1816,Charlie Bartlett,https://www.metacritic.com/movie/charlie-bartlett,12000000.0,5295909.0,97
1817,Charlie Countryman,https://www.metacritic.com/movie/charlie-countryman,,,108
1818,Charlie Says,https://www.metacritic.com/movie/charlie-says,,108529.0,110
1819,Charlie St. Cloud,https://www.metacritic.com/movie/charlie-st-cloud,44000000.0,48478084.0,99
1820,Charlie: The Life and Art of Charles Chaplin,https://www.metacritic.com/movie/charlie-the-life-and-art-of-charles-chaplin,,,132
1821,Charlie Victor Romeo,https://www.metacritic.com/movie/charlie-victor-romeo,,,90
1822,Charlie Wilson's War,https://www.metacritic.com/movie/charlie-wilsons-war,75000000.0,119512771.0,102
1823,Charlie's Angels,https://www.metacritic.com/movie/charlies-angels,90000000.0,259736090.0,98
1824,Charlie's Angels,https://www.metacritic.com/movie/charlies-angels-2019,48000000.0,73180003.0,118
1825,Charlie's Angels: Full Throttle,https://www.metacritic.com/movie/charlies-angels-full-throttle,120000000.0,227163273.0,106
1826,Charlie's Country,https://www.metacritic.com/movie/charlies-country,,,108
1827,Charlotte Gray,https://www.metacritic.com/movie/charlotte-gray,,,121
1828,Charlotte Sometimes,https://www.metacritic.com/movie/charlotte-sometimes,,,85
1829,Charlotte's Web,https://www.metacritic.com/movie/charlottes-web,82500000.0,143985708.0,97
1830,Charm City Kings,https://www.metacritic.com/movie/charm-city-kings,,,125
1831,Chasing Coral,https://www.metacritic.com/movie/chasing-coral,,,93
1832,Chasing Ice,https://www.metacritic.com/movie/chasing-ice,,880426.0,80
1833,Chasing Liberty,https://www.metacritic.com/movie/chasing-liberty,23000000.0,12291975.0,111
1834,Chasing Madoff,https://www.metacritic.com/movie/chasing-madoff,,,98
1835,Chasing Mavericks,https://www.metacritic.com/movie/chasing-mavericks,20000000.0,8300821.0,116
1836,Chasing Papi,https://www.metacritic.com/movie/chasing-papi,9000000.0,12657377.0,80
1837,Chasing Trane: The John Coltrane Documentary,https://www.metacritic.com/movie/chasing-trane-the-john-coltrane-documentary,,,99
1838,Chats perchés,https://www.metacritic.com/movie/chats-perches,,,59
1839,Chavela,https://www.metacritic.com/movie/chavela,,243176.0,93
1840,Che,https://www.metacritic.com/movie/che,,,135
1841,Cheap Thrills,https://www.metacritic.com/movie/cheap-thrills,100000.0,,88
1842,Cheaper by the Dozen,https://www.metacritic.com/movie/cheaper-by-the-dozen,40000000.0,190212113.0,98
1843,Cheaper by the Dozen 2,https://www.metacritic.com/movie/cheaper-by-the-dozen-2,60000000.0,135015330.0,94
1844,Cheatin',https://www.metacritic.com/movie/cheatin,,,76
1845,Cheerful Weather for the Wedding,https://www.metacritic.com/movie/cheerful-weather-for-the-wedding,,47778.0,93
1846,Chef,https://www.metacritic.com/movie/chef,,46829309.0,114
1847,Chef Flynn,https://www.metacritic.com/movie/chef-flynn,,69543.0,82
1848,Chelsea on the Rocks,https://www.metacritic.com/movie/chelsea-on-the-rocks,,,88
1849,Chelsea Walls,https://www.metacritic.com/movie/chelsea-walls,,,109
1850,Chemical Hearts,https://www.metacritic.com/movie/chemical-hearts,,,93
1851,Chéri,https://www.metacritic.com/movie/cheri,23000000.0,,92
1852,Cherish,https://www.metacritic.com/movie/cherish,,,99
1853,Chernobyl Diaries,https://www.metacritic.com/movie/chernobyl-diaries,1000000.0,42411721.0,90
1854,Cherry,https://www.metacritic.com/movie/cherry-2021,40000000.0,,142
1855,Cherry Blossoms,https://www.metacritic.com/movie/cherry-blossoms,,,127
1856,Chevalier,https://www.metacritic.com/movie/chevalier,,51493.0,105
1857,Chi-Raq,https://www.metacritic.com/movie/chi-raq,15000000.0,2733397.0,127
1858,Chicago,https://www.metacritic.com/movie/chicago,30000000.0,306770545.0,113
1859,Chicago 10,https://www.metacritic.com/movie/chicago-10,,,110
1860,Chicken Little,https://www.metacritic.com/movie/chicken-little,150000000.0,310043823.0,81
1861,Chicken Run,https://www.metacritic.com/movie/chicken-run,42000000.0,227793915.0,84
1862,Chicken with Plums,https://www.metacritic.com/movie/chicken-with-plums,,,93
1863,Chico & Rita,https://www.metacritic.com/movie/chico-rita,,276831.0,94
1864,Child 44,https://www.metacritic.com/movie/child-44,50000000.0,8004221.0,137
1865,Child of God,https://www.metacritic.com/movie/child-of-god,,,104
1866,Children of Invention,https://www.metacritic.com/movie/children-of-invention,,,86
1867,Children of Love,https://www.metacritic.com/movie/children-of-love,,,90
1868,Children of Men,https://www.metacritic.com/movie/children-of-men,76000000.0,69845011.0,109
1869,Children of Paradise (1945),https://www.metacritic.com/movie/children-of-paradise-1945,,,190
1870,Children of the Sea,https://www.metacritic.com/movie/children-of-the-sea,,,111
1871,Children Underground,https://www.metacritic.com/movie/children-underground,,,104
1872,Child's Play,https://www.metacritic.com/movie/childs-play-2019,,43509248.0,90
1873,Child's Pose,https://www.metacritic.com/movie/childs-pose,,,112
1874,Chimpanzee,https://www.metacritic.com/movie/chimpanzee,,36834823.0,78
1875,China Blue,https://www.metacritic.com/movie/china-blue,,,86
1876,China Heavyweight,https://www.metacritic.com/movie/china-heavyweight,,,94
1877,China: The Panda Adventure,https://www.metacritic.com/movie/china-the-panda-adventure,,6601743.0,48
1878,Chinese Portrait,https://www.metacritic.com/movie/chinese-portrait,,,79
1879,Chinese Puzzle,https://www.metacritic.com/movie/chinese-puzzle,,,117
1880,CHIPS,https://www.metacritic.com/movie/chips,25000000.0,23190292.0,100
1881,Chisholm '72: Unbought & Unbossed,https://www.metacritic.com/movie/chisholm-72-unbought-unbossed,,,76
1882,Chloe,https://www.metacritic.com/movie/chloe,13000000.0,13176612.0,96
1883,Chloe and Theo,https://www.metacritic.com/movie/chloe-and-theo,,,112
1884,Chlorine,https://www.metacritic.com/movie/chlorine,,,93
1885,Chocolat,https://www.metacritic.com/movie/chocolat,25000000.0,152500343.0,121
1886,Choke,https://www.metacritic.com/movie/choke,3400000.0,4124277.0,92
1887,Chop Shop,https://www.metacritic.com/movie/chop-shop,,,84
1888,Chop Suey,https://www.metacritic.com/movie/chop-suey,,,98
1889,Chopper,https://www.metacritic.com/movie/chopper,,3980695.0,94
1890,Chris & Don. A Love Story,https://www.metacritic.com/movie/chris-don-a-love-story,,,90
1891,Christine,https://www.metacritic.com/movie/christine,,349693.0,119
1892,"Christmas, Again",https://www.metacritic.com/movie/christmas-again,,,80
1893,Christmas in the Clouds,https://www.metacritic.com/movie/christmas-in-the-clouds,,,96
1894,Christmas with the Kranks,https://www.metacritic.com/movie/christmas-with-the-kranks,50000000.0,96469187.0,99
1895,Christopher Robin,https://www.metacritic.com/movie/christopher-robin,75000000.0,197744377.0,104
1896,Chronic,https://www.metacritic.com/movie/chronic,,373581.0,93
1897,Chronicle,https://www.metacritic.com/movie/chronicle-2012,12000000.0,123681790.0,84
1898,Chronicles,https://www.metacritic.com/movie/chronicles,,,108
1899,Chrystal,https://www.metacritic.com/movie/chrystal,,,106
1900,Chuck,https://www.metacritic.com/movie/chuck,,470767.0,98
1901,Chuck & Buck,https://www.metacritic.com/movie/chuck-buck,250000.0,1157672.0,96
1902,Chuen jik sat sau,https://www.metacritic.com/movie/chuen-jik-sat-sau,,,102
1903,Chunhyangdyun,https://www.metacritic.com/movie/chunhyangdyun,,,120
1904,Churchill,https://www.metacritic.com/movie/churchill,10000000.0,7582196.0,105
1905,Chutney Popcorn,https://www.metacritic.com/movie/chutney-popcorn,,,92
1906,Cielo,https://www.metacritic.com/movie/cielo,,,78
1907,Cinderella,https://www.metacritic.com/movie/cinderella,95000000.0,542351353.0,105
1908,Cinderella,https://www.metacritic.com/movie/cinderella-2021,,,
1909,Cinderella Man,https://www.metacritic.com/movie/cinderella-man,88000000.0,105021488.0,144
1910,Cinemania,https://www.metacritic.com/movie/cinemania,,,83
1911,Cinévardaphoto,https://www.metacritic.com/movie/cinevardaphoto,,,96
1912,Circo,https://www.metacritic.com/movie/circo,,,75
1913,Circuit,https://www.metacritic.com/movie/circuit,,,120
1914,Circumstance,https://www.metacritic.com/movie/circumstance,900000.0,958978.0,107
1915,Circus of Books,https://www.metacritic.com/movie/circus-of-books,,,92
1916,Cirkus Columbia,https://www.metacritic.com/movie/cirkus-columbia,,3468.0,113
1917,Cirque du Freak: The Vampire's Assistant,https://www.metacritic.com/movie/cirque-du-freak-the-vampires-assistant,40000000.0,39753957.0,109
1918,Cirque du Soleil: Journey of Man,https://www.metacritic.com/movie/cirque-du-soleil-journey-of-man,,,39
1919,Cirque du Soleil: Worlds Away,https://www.metacritic.com/movie/cirque-du-soleil-worlds-away,25000000.0,34153101.0,91
1920,Citadel,https://www.metacritic.com/movie/citadel,,,84
1921,Citizen Ashe,https://www.metacritic.com/movie/citizen-ashe,,300.0,94
1922,Citizen Gangster,https://www.metacritic.com/movie/citizen-gangster,,,105
1923,Citizen Jane: Battle for the City,https://www.metacritic.com/movie/citizen-jane-battle-for-the-city,,348355.0,92
1924,Citizen K,https://www.metacritic.com/movie/citizen-k,,148374.0,126
1925,Citizen Koch,https://www.metacritic.com/movie/citizen-koch,,,90
1926,Citizen Toxie: The Toxic Avenger IV,https://www.metacritic.com/movie/citizen-toxie-the-toxic-avenger-iv,,,108
1927,Citizenfour,https://www.metacritic.com/movie/citizenfour,,6202768.0,114
1928,City by the Sea,https://www.metacritic.com/movie/city-by-the-sea,40000000.0,22505932.0,108
1929,City Hall,https://www.metacritic.com/movie/city-hall,,,272
1930,City Island,https://www.metacritic.com/movie/city-island,6000000.0,8173486.0,104
1931,City of Ember,https://www.metacritic.com/movie/city-of-ember,38000000.0,17831558.0,90
1932,City of Ghosts,https://www.metacritic.com/movie/city-of-ghosts,17500000.0,,116
1933,City of Ghosts,https://www.metacritic.com/movie/city-of-ghosts-2017,,210847.0,92
1934,City of God,https://www.metacritic.com/movie/city-of-god,,,130
1935,City of Gold,https://www.metacritic.com/movie/city-of-gold,,680784.0,96
1936,City of Lies,https://www.metacritic.com/movie/city-of-lies,,2831566.0,112
1937,City of Life and Death,https://www.metacritic.com/movie/city-of-life-and-death,,,132
1938,City of Men,https://www.metacritic.com/movie/city-of-men,,,106
1939,City with No Mercy,https://www.metacritic.com/movie/city-with-no-mercy,,,88
1940,Civic Duty,https://www.metacritic.com/movie/civic-duty,,,98
1941,Civil Brand,https://www.metacritic.com/movie/civil-brand,500000.0,,95
1942,CJ7,https://www.metacritic.com/movie/cj7,,,86
1943,Claire Dolan,https://www.metacritic.com/movie/claire-dolan,,,95
1944,Claire in Motion,https://www.metacritic.com/movie/claire-in-motion,,,83
1945,Claire's Camera,https://www.metacritic.com/movie/claires-camera,,,69
1946,Clandestine Childhood,https://www.metacritic.com/movie/clandestine-childhood,,,112
1947,Clara's Ghost,https://www.metacritic.com/movie/claras-ghost,,,92
1948,Clash,https://www.metacritic.com/movie/clash,,,97
1949,Clash of the Titans,https://www.metacritic.com/movie/clash-of-the-titans,125000000.0,493214888.0,106
1950,Wrath of the Titans,https://www.metacritic.com/movie/clash-of-the-titans-2,150000000.0,305270083.0,99
1951,Class Action Park,https://www.metacritic.com/movie/class-action-park,,,90
1952,Clean,https://www.metacritic.com/movie/clean,,,90
1953,Clemency,https://www.metacritic.com/movie/clemency,,364952.0,112
1954,Clementine,https://www.metacritic.com/movie/clementine,,,90
1955,Cleopatra's Second Husband,https://www.metacritic.com/movie/cleopatras-second-husband,,,92
1956,Clerks II,https://www.metacritic.com/movie/clerks-ii,5000000.0,27342246.0,97
1957,Click,https://www.metacritic.com/movie/click,82500000.0,237685089.0,107
1958,Client 9: The Rise and Fall of Eliot Spitzer,https://www.metacritic.com/movie/client-9-the-rise-and-fall-of-eliot-spitzer,,,117
1959,Cliff Walkers,https://www.metacritic.com/movie/cliff-walkers,,,
1960,Clifford the Big Red Dog,https://www.metacritic.com/movie/clifford-the-big-red-dog,64000000.0,78520123.0,96
1961,Clifford's Really Big Movie,https://www.metacritic.com/movie/cliffords-really-big-movie,,3255426.0,73
1962,Climates,https://www.metacritic.com/movie/climates,,,101
1963,Climax,https://www.metacritic.com/movie/climax,,1913901.0,97
1964,Clockstoppers,https://www.metacritic.com/movie/clockstoppers,26000000.0,38788828.0,94
1965,Close,https://www.metacritic.com/movie/close,,,94
1966,Close to Home,https://www.metacritic.com/movie/close-to-home,,,98
1967,Close Your Eyes,https://www.metacritic.com/movie/close-your-eyes,,,108
1968,Closed Circuit,https://www.metacritic.com/movie/closed-circuit,,6547526.0,96
1969,Closed Curtain,https://www.metacritic.com/movie/closed-curtain,,,106
1970,Closer,https://www.metacritic.com/movie/closer,35000000.0,116148537.0,104
1971,Closer to God,https://www.metacritic.com/movie/closer-to-god,,,81
1972,Closet Monster,https://www.metacritic.com/movie/closet-monster,,42360.0,90
1973,Cloud Atlas,https://www.metacritic.com/movie/cloud-atlas,102000000.0,130673154.0,172
1974,Clouds,https://www.metacritic.com/movie/clouds-2020,,,121
1975,Clouds of Sils Maria,https://www.metacritic.com/movie/clouds-of-sils-maria,,3088539.0,124
1976,Cloudy with a Chance of Meatballs,https://www.metacritic.com/movie/cloudy-with-a-chance-of-meatballs,100000000.0,236827677.0,90
1977,Cloudy with a Chance of Meatballs 2,https://www.metacritic.com/movie/cloudy-with-a-chance-of-meatballs-2,78000000.0,274392649.0,95
1978,Clover,https://www.metacritic.com/movie/clover,,,101
1979,Cloverfield,https://www.metacritic.com/movie/cloverfield,25000000.0,171302226.0,85
1980,Club Dread,https://www.metacritic.com/movie/club-dread,8500000.0,7573551.0,104
1981,C'mon C'mon,https://www.metacritic.com/movie/cmon-cmon,,2472354.0,108
1982,Coach Carter,https://www.metacritic.com/movie/coach-carter,45000000.0,76665507.0,136
1983,Coastlines,https://www.metacritic.com/movie/coastlines,,,110
1984,Cocaine Cowboys,https://www.metacritic.com/movie/cocaine-cowboys,,,118
1985,Cockneys vs Zombies,https://www.metacritic.com/movie/cockneys-vs-zombies,,,88
1986,Coco,https://www.metacritic.com/movie/coco-2017,175000000.0,797666425.0,105
1987,Coco Before Chanel,https://www.metacritic.com/movie/coco-before-chanel,,,105
1988,Coco Chanel & Igor Stravinsky,https://www.metacritic.com/movie/coco-chanel-igor-stravinsky,,,
1989,Cocote,https://www.metacritic.com/movie/cocote,,409.0,106
1990,CODA,https://www.metacritic.com/movie/coda-2021,10000000.0,1248676.0,111
1991,Code 46,https://www.metacritic.com/movie/code-46,7500000.0,1788324.0,93
1992,Code Black,https://www.metacritic.com/movie/code-black,,,78
1993,Code Name: The Cleaner,https://www.metacritic.com/movie/code-name-the-cleaner,20000000.0,,84
1994,Code Unknown: Incomplete Tales of Several Journeys,https://www.metacritic.com/movie/code-unknown-incomplete-tales-of-several-journeys,,,118
1995,Coded Bias,https://www.metacritic.com/movie/coded-bias,,,90
1996,Coffee and Cigarettes,https://www.metacritic.com/movie/coffee-and-cigarettes,,3729806.0,95
1997,Coffee Date,https://www.metacritic.com/movie/coffee-date,,,94
1998,Coffee & Kareem,https://www.metacritic.com/movie/coffee-kareem,,,88
1999,C.O.G.,https://www.metacritic.com/movie/cog,,,88
2000,Coherence,https://www.metacritic.com/movie/coherence,,,89
2001,Cold Blood,https://www.metacritic.com/movie/cold-blood,,,91
2002,Cold Case Hammarskjöld,https://www.metacritic.com/movie/cold-case-hammarskjold,,,128
2003,Cold Comes the Night,https://www.metacritic.com/movie/cold-comes-the-night,,32303.0,90
2004,Cold Creek Manor,https://www.metacritic.com/movie/cold-creek-manor,,,118
2005,Cold in July,https://www.metacritic.com/movie/cold-in-july,,1792577.0,109
2006,Cold Mountain,https://www.metacritic.com/movie/cold-mountain,80000000.0,165173909.0,154
2007,Cold Pursuit,https://www.metacritic.com/movie/cold-pursuit,60000000.0,62599159.0,119
2008,Cold Souls,https://www.metacritic.com/movie/cold-souls,,1125209.0,101
2009,Cold Turkey,https://www.metacritic.com/movie/cold-turkey,,,84
2010,Cold War,https://www.metacritic.com/movie/cold-war,,,89
2011,Cold Weather,https://www.metacritic.com/movie/cold-weather,,,96
2012,Coldwater,https://www.metacritic.com/movie/coldwater,,,104
2013,Colette,https://www.metacritic.com/movie/colette,,15910183.0,111
2014,Collaborator,https://www.metacritic.com/movie/collaborator,,3696.0,87
2015,Collapse,https://www.metacritic.com/movie/collapse,,,82
2016,Collateral,https://www.metacritic.com/movie/collateral,60000000.0,217602967.0,120
2017,Collateral Beauty,https://www.metacritic.com/movie/collateral-beauty,36000000.0,85309093.0,97
2018,Collateral Damage,https://www.metacritic.com/movie/collateral-damage,85000000.0,78353508.0,108
2019,Collateral Damages,https://www.metacritic.com/movie/collateral-damages,,,67
2020,Collective,https://www.metacritic.com/movie/collective,,,109
2021,College,https://www.metacritic.com/movie/college,6000000.0,6176114.0,94
2022,College Road Trip,https://www.metacritic.com/movie/college-road-trip,,50873923.0,83
2023,Collide,https://www.metacritic.com/movie/collide,29200000.0,5466698.0,99
2024,Colliding Dreams,https://www.metacritic.com/movie/colliding-dreams,,,134
2025,Colombiana,https://www.metacritic.com/movie/colombiana,40000000.0,72295262.0,107
2026,Colonia,https://www.metacritic.com/movie/colonia,,3281855.0,110
2027,Color Me Kubrick,https://www.metacritic.com/movie/color-me-kubrick,,,86
2028,Color Out of Space,https://www.metacritic.com/movie/color-out-of-space,,1067647.0,111
2029,Colossal,https://www.metacritic.com/movie/colossal,,4465401.0,109
2030,Columbus,https://www.metacritic.com/movie/columbus,700000.0,1110511.0,100
2031,Combat Obscura,https://www.metacritic.com/movie/combat-obscura,,,70
2032,Come and Find Me,https://www.metacritic.com/movie/come-and-find-me,,4052.0,112
2033,Come As You Are,https://www.metacritic.com/movie/come-as-you-are,,55047.0,106
2034,Come Away,https://www.metacritic.com/movie/come-away,,1746860.0,94
2035,Come Early Morning,https://www.metacritic.com/movie/come-early-morning,6000000.0,,97
2036,Come from Away,https://www.metacritic.com/movie/come-from-away,,,106
2037,Come Out and Play,https://www.metacritic.com/movie/come-out-and-play,,,105
2038,Come Play,https://www.metacritic.com/movie/come-play,9000000.0,12624174.0,96
2039,Come Sunday,https://www.metacritic.com/movie/come-sunday,,,106
2040,Come to Daddy,https://www.metacritic.com/movie/come-to-daddy,,120405.0,96
2041,Come True,https://www.metacritic.com/movie/come-true,,70366.0,105
2042,Come Undone,https://www.metacritic.com/movie/come-undone,,,100
2043,Come What May,https://www.metacritic.com/movie/come-what-may,,,114
2044,Comedian,https://www.metacritic.com/movie/comedian,,,82
2045,Comedy of Power,https://www.metacritic.com/movie/comedy-of-power,,,110
2046,Comet,https://www.metacritic.com/movie/comet,,,91
2047,Comic-Con Episode IV: A Fan's Hope,https://www.metacritic.com/movie/comic-con-episode-iv-a-fans-hope,,,88
2048,Coming 2 America,https://www.metacritic.com/movie/coming-2-america,,,110
2049,Coming Home,https://www.metacritic.com/movie/coming-home,,,109
2050,Coming Home Again,https://www.metacritic.com/movie/coming-home-again,,,86
2051,Coming Soon,https://www.metacritic.com/movie/coming-soon,,,96
2052,Coming Through The Rye,https://www.metacritic.com/movie/coming-through-the-rye,,,97
2053,Command and Control,https://www.metacritic.com/movie/command-and-control,,,92
2054,Committed,https://www.metacritic.com/movie/committed,,,98
2055,Commune,https://www.metacritic.com/movie/commune,,,78
2056,Company Man,https://www.metacritic.com/movie/company-man,12000000.0,622273.0,86
2057,Compartment No. 6,https://www.metacritic.com/movie/compartment-no-6,,,107
2058,Complete Unknown,https://www.metacritic.com/movie/complete-unknown,,204009.0,91
2059,Compliance,https://www.metacritic.com/movie/compliance,270000.0,830700.0,90
2060,Computer Chess,https://www.metacritic.com/movie/computer-chess,,127852.0,92
2061,Conan O'Brien Can't Stop,https://www.metacritic.com/movie/conan-obrien-cant-stop,,,89
2062,Conan the Barbarian,https://www.metacritic.com/movie/conan-the-barbarian-2011,90000000.0,63356133.0,112
2063,Concerning Violence,https://www.metacritic.com/movie/concerning-violence,,,78
2064,Concert for George,https://www.metacritic.com/movie/concert-for-george,,82598.0,146
2065,Concrete Cowboy,https://www.metacritic.com/movie/concrete-cowboy,,,111
2066,Concussion,https://www.metacritic.com/movie/concussion,,,96
2067,Concussion,https://www.metacritic.com/movie/concussion-2015,35000000.0,50363790.0,123
2068,Condo Painting,https://www.metacritic.com/movie/condo-painting,,,
2069,Confessions of a Burning Man,https://www.metacritic.com/movie/confessions-of-a-burning-man,,,83
2070,Confessions of a Dangerous Mind,https://www.metacritic.com/movie/confessions-of-a-dangerous-mind,29000000.0,33013805.0,113
2071,Confessions of a Shopaholic,https://www.metacritic.com/movie/confessions-of-a-shopaholic,,108027701.0,104
2072,Confessions of a Teenage Drama Queen,https://www.metacritic.com/movie/confessions-of-a-teenage-drama-queen,15000000.0,33118854.0,89
2073,Confetti,https://www.metacritic.com/movie/confetti,,4735229.0,100
2074,Confidence,https://www.metacritic.com/movie/confidence,15000000.0,12970401.0,97
2075,Confusion of Genders,https://www.metacritic.com/movie/confusion-of-genders,,,94
2076,"Connected: An Autoblogography About Love, Death & Technology",https://www.metacritic.com/movie/connected-an-autoblogography-about-love-death-technology,,,85
2077,Connie and Carla,https://www.metacritic.com/movie/connie-and-carla,20000000.0,9649039.0,98
2078,Conspiracy of Silence,https://www.metacritic.com/movie/conspiracy-of-silence,,73595.0,90
2079,Constantine,https://www.metacritic.com/movie/constantine,75000000.0,221593554.0,121
2080,Constellation,https://www.metacritic.com/movie/constellation,,,96
2081,Consuming Spirits,https://www.metacritic.com/movie/consuming-spirits,,,136
2082,Contagion,https://www.metacritic.com/movie/contagion,60000000.0,137551594.0,105
2083,Contemporary Color,https://www.metacritic.com/movie/contemporary-color,,,97
2084,Contraband,https://www.metacritic.com/movie/contraband,25000000.0,98406855.0,110
2085,Contracted: Phase II,https://www.metacritic.com/movie/contracted-phase-ii,,,78
2086,Control,https://www.metacritic.com/movie/control,6400000.0,8902141.0,122
2087,Control,https://www.metacritic.com/movie/control-2005,,,105
2088,Control Room,https://www.metacritic.com/movie/control-room,,2724826.0,84
2089,Conversations with God,https://www.metacritic.com/movie/conversations-with-god,,,109
2090,Conversations with Other Women,https://www.metacritic.com/movie/conversations-with-other-women,450000.0,1297745.0,84
2091,Conviction,https://www.metacritic.com/movie/conviction,12500000.0,11826980.0,107
2092,Cook County,https://www.metacritic.com/movie/cook-county,,,93
2093,Cool and Crazy,https://www.metacritic.com/movie/cool-and-crazy,,,89
2094,Cool It,https://www.metacritic.com/movie/cool-it,,70589.0,87
2095,Cooties,https://www.metacritic.com/movie/cooties,,581080.0,88
2096,Cop Car,https://www.metacritic.com/movie/cop-car,5000000.0,143658.0,88
2097,Cop Out,https://www.metacritic.com/movie/cop-out,37000000.0,55909910.0,107
2098,Copperhead,https://www.metacritic.com/movie/copperhead,,,120
2099,Copshop,https://www.metacritic.com/movie/copshop,,6303798.0,107
2100,Copying Beethoven,https://www.metacritic.com/movie/copying-beethoven,11000000.0,6586324.0,104
2101,Coraline,https://www.metacritic.com/movie/coraline,60000000.0,126037057.0,100
2102,Coriolanus,https://www.metacritic.com/movie/coriolanus,10000000.0,2536707.0,122
2103,Corky Romano,https://www.metacritic.com/movie/corky-romano,11000000.0,25116103.0,86
2104,Corpo Celeste,https://www.metacritic.com/movie/corpo-celeste,,,100
2105,Corporate Animals,https://www.metacritic.com/movie/corporate-animals,,3503.0,86
2106,Corpse Bride,https://www.metacritic.com/movie/corpse-bride,30000000.0,114770654.0,77
2107,*Corpus Callosum,https://www.metacritic.com/movie/corpus-callosum,,,92
2108,Corpus Christi,https://www.metacritic.com/movie/corpus-christi,,,115
2109,Così ridevano,https://www.metacritic.com/movie/cosi-ridevano,,,124
2110,Cosmopolis,https://www.metacritic.com/movie/cosmopolis,,6860624.0,109
2111,Cosmos,https://www.metacritic.com/movie/cosmos,,27911.0,103
2112,Cost of a Soul,https://www.metacritic.com/movie/cost-of-a-soul,,,90
2113,Cote d'Azur,https://www.metacritic.com/movie/cote-dazur,,2447211.0,96
2114,Cotton Mary,https://www.metacritic.com/movie/cotton-mary,,,124
2115,Countdown,https://www.metacritic.com/movie/countdown,6500000.0,42178964.0,90
2116,Countdown to Zero,https://www.metacritic.com/movie/countdown-to-zero,,,91
2117,Counting,https://www.metacritic.com/movie/counting,50000.0,,111
2118,Country Strong,https://www.metacritic.com/movie/country-strong,15000000.0,20601987.0,117
2119,Coup 53,https://www.metacritic.com/movie/coup-53,,,120
2120,Couples Retreat,https://www.metacritic.com/movie/couples-retreat,60000000.0,172450423.0,113
2121,Courageous,https://www.metacritic.com/movie/courageous,2000000.0,35680886.0,130
2122,Court,https://www.metacritic.com/movie/court,,57416.0,116
2123,Cousin Jules,https://www.metacritic.com/movie/cousin-jules,,,91
2124,Cowards Bend the Knee or The Blue Hands,https://www.metacritic.com/movie/cowards-bend-the-knee-or-the-blue-hands,,,60
2125,Cowboy Bebop the Movie: Knockin' on Heaven's Door,https://www.metacritic.com/movie/cowboy-bebop-the-movie-knockin-on-heavens-door,,,116
2126,Cowboy del Amor,https://www.metacritic.com/movie/cowboy-del-amor,,,86
2127,Cowboys,https://www.metacritic.com/movie/cowboys,,,86
2128,Cowboys & Aliens,https://www.metacritic.com/movie/cowboys-aliens,,,118
2129,Cowboys & Angels,https://www.metacritic.com/movie/cowboys-angels,,,89
2130,Coyote Ugly,https://www.metacritic.com/movie/coyote-ugly,45000000.0,113916474.0,100
2131,CQ,https://www.metacritic.com/movie/cq,,,88
2132,Cracks,https://www.metacritic.com/movie/cracks,,,104
2133,Cradle 2 the Grave,https://www.metacritic.com/movie/cradle-2-the-grave,25000000.0,56434942.0,101
2134,Crank,https://www.metacritic.com/movie/crank,12000000.0,43924923.0,88
2135,Crank: High Voltage,https://www.metacritic.com/movie/crank-high-voltage,,,96
2136,Crash,https://www.metacritic.com/movie/crash,7303082.0,101173038.0,112
2137,Crawl,https://www.metacritic.com/movie/crawl,17000000.0,91799500.0,87
2138,Crazy as Hell,https://www.metacritic.com/movie/crazy-as-hell,,,113
2139,Crazy Eyes,https://www.metacritic.com/movie/crazy-eyes,,,95
2140,Crazy Heart,https://www.metacritic.com/movie/crazy-heart,8500000.0,47417251.0,112
2141,Crazy Horse,https://www.metacritic.com/movie/crazy-horse,,230180.0,134
2142,Crazy Love,https://www.metacritic.com/movie/crazy-love,,,92
2143,"Crazy, Not Insane",https://www.metacritic.com/movie/crazy-not-insane,,,117
2144,Crazy on the Outside,https://www.metacritic.com/movie/crazy-on-the-outside,,,96
2145,Crazy Rich Asians,https://www.metacritic.com/movie/crazy-rich-asians,30000000.0,238099711.0,120
2146,"Crazy, Stupid, Love",https://www.metacritic.com/movie/crazy-stupid-love,50000000.0,146493974.0,118
2147,Crazy Wisdom: The Life & Times of Chogyam Trungpa Rinpoche,https://www.metacritic.com/movie/crazy-wisdom-the-life-times-of-chogyam-trungpa-rinpoche,,,86
2148,Crazy/Beautiful,https://www.metacritic.com/movie/crazybeautiful,13000000.0,19929123.0,99
2149,Created Equal: Clarence Thomas in His Own Words,https://www.metacritic.com/movie/created-equal-clarence-thomas-in-his-own-words,,,116
2150,Creation,https://www.metacritic.com/movie/creation,,,108
2151,Creative Control,https://www.metacritic.com/movie/creative-control,1000000.0,,97
2152,Creature,https://www.metacritic.com/movie/creature-2011,3000000.0,533235.0,93
2153,Creed,https://www.metacritic.com/movie/creed,37000000.0,173567581.0,133
2154,Creed II,https://www.metacritic.com/movie/creed-ii,50000000.0,213591522.0,130
2155,Creem: America's Only Rock 'n' Roll Magazine,https://www.metacritic.com/movie/creem-americas-only-rock-n-roll-magazine,,,75
2156,Creepy,https://www.metacritic.com/movie/creepy,,,130
2157,Cremaster 3,https://www.metacritic.com/movie/cremaster-3,,,182
2158,Crime + Punishment,https://www.metacritic.com/movie/crime-+-punishment,,,112
2159,Crime After Crime,https://www.metacritic.com/movie/crime-after-crime,,,95
2160,Crime and Punishment in Suburbia,https://www.metacritic.com/movie/crime-and-punishment-in-suburbia,,,100
2161,Criminal,https://www.metacritic.com/movie/criminal,,942776.0,87
2162,Criminal,https://www.metacritic.com/movie/criminal-2016,31500000.0,38771262.0,113
2163,Criminal Activities,https://www.metacritic.com/movie/criminal-activities,7000000.0,386744.0,94
2164,Crimson Gold,https://www.metacritic.com/movie/crimson-gold,,314685.0,95
2165,Crimson Peak,https://www.metacritic.com/movie/crimson-peak,55000000.0,74966854.0,119
2166,Crip Camp: A Disability Revolution,https://www.metacritic.com/movie/crip-camp-a-disability-revolution,,,106
2167,Crisis,https://www.metacritic.com/movie/crisis,,,118
2168,Critical Thinking,https://www.metacritic.com/movie/critical-thinking,,,117
2169,Crock of Gold: A Few Rounds with Shane MacGowan,https://www.metacritic.com/movie/crock-of-gold-a-few-rounds-with-shane-macgowan,,,124
2170,Crocodile Dundee in Los Angeles,https://www.metacritic.com/movie/crocodile-dundee-in-los-angeles,25000000.0,39393111.0,92
2171,Crooked Arrows,https://www.metacritic.com/movie/crooked-arrows,,,105
2172,Crooked House,https://www.metacritic.com/movie/crooked-house,,3286395.0,115
2173,Crop Circles: Quest for Truth,https://www.metacritic.com/movie/crop-circles-quest-for-truth,600000.0,,115
2174,Cropsey,https://www.metacritic.com/movie/cropsey,,,84
2175,Crosscurrent,https://www.metacritic.com/movie/crosscurrent,,,116
2176,Crossing Over,https://www.metacritic.com/movie/crossing-over,,4614344.0,113
2177,Crossing the Bridge: The Sound of Istanbul,https://www.metacritic.com/movie/crossing-the-bridge-the-sound-of-istanbul,,140685.0,90
2178,Crossing the Line,https://www.metacritic.com/movie/crossing-the-line,,,94
2179,Crossover,https://www.metacritic.com/movie/crossover,5600000.0,,95
2180,Crossroads,https://www.metacritic.com/movie/crossroads,12000000.0,57000000.0,93
2181,"Crouching Tiger, Hidden Dragon",https://www.metacritic.com/movie/crouching-tiger-hidden-dragon,15000000.0,213514672.0,120
2182,"Crouching Tiger, Hidden Dragon: Sword of Destiny",https://www.metacritic.com/movie/crouching-tiger-hidden-dragon-sword-of-destiny,,38452981.0,96
2183,Croupier,https://www.metacritic.com/movie/croupier,,7071143.0,94
2184,Crown Heights,https://www.metacritic.com/movie/crown-heights,,,94
2185,Crown Vic,https://www.metacritic.com/movie/crown-vic,3600000.0,,110
2186,Crude,https://www.metacritic.com/movie/crude,,186445.0,105
2187,Cruella,https://www.metacritic.com/movie/cruella,,226892470.0,134
2188,Crush,https://www.metacritic.com/movie/crush,,1240590.0,112
2189,Cry Macho,https://www.metacritic.com/movie/cry-macho,,14709062.0,104
2190,Cry_Wolf,https://www.metacritic.com/movie/cry_wolf,1000000.0,15943081.0,90
2191,Cryptozoo,https://www.metacritic.com/movie/cryptozoo,,35300.0,95
2192,Crystal Fairy & The Magical Cactus,https://www.metacritic.com/movie/crystal-fairy-the-magical-cactus,,,98
2193,C.S.A.: The Confederate States of America,https://www.metacritic.com/movie/csa-the-confederate-states-of-america,,,89
2194,CSNY/Déjà Vu,https://www.metacritic.com/movie/csnydeja-vu,,170226.0,96
2195,Cuba feliz,https://www.metacritic.com/movie/cuba-feliz,,,96
2196,Cuba: Island of Music,https://www.metacritic.com/movie/cuba-island-of-music,,,95
2197,Cuban Fury,https://www.metacritic.com/movie/cuban-fury,,4157105.0,98
2198,Cuban Rafters,https://www.metacritic.com/movie/cuban-rafters,,,120
2199,Cunningham,https://www.metacritic.com/movie/cunningham,,367960.0,93
2200,Cupcakes,https://www.metacritic.com/movie/cupcakes,,,92
2201,Cure,https://www.metacritic.com/movie/cure,10000.0,,111
2202,Curious George,https://www.metacritic.com/movie/curious-george,50000000.0,71052604.0,86
2203,Curse of the Golden Flower,https://www.metacritic.com/movie/curse-of-the-golden-flower,,,114
2204,Cursed,https://www.metacritic.com/movie/cursed,35000000.0,25114901.0,97
2205,Custody,https://www.metacritic.com/movie/custody,,,93
2206,Cut Bank,https://www.metacritic.com/movie/cut-bank,,213012.0,93
2207,Cut Sleeve Boys,https://www.metacritic.com/movie/cut-sleeve-boys,,,86
2208,Cut Throat City,https://www.metacritic.com/movie/cut-throat-city,8000000.0,864797.0,123
2209,Cutie and the Boxer,https://www.metacritic.com/movie/cutie-and-the-boxer,,204934.0,82
2210,Cuties,https://www.metacritic.com/movie/cuties,,,96
2211,CyberWorld,https://www.metacritic.com/movie/cyberworld,,,44
2212,Cymbeline,https://www.metacritic.com/movie/cymbeline,,18122.0,98
2213,Cyrano,https://www.metacritic.com/movie/cyrano,,,124
2214,"Cyrano, My Love",https://www.metacritic.com/movie/cyrano-my-love,,,110
2215,Cyrus,https://www.metacritic.com/movie/cyrus,7000000.0,10062896.0,91
2216,Czech Dream,https://www.metacritic.com/movie/czech-dream,,,90
2217,Da 5 Bloods,https://www.metacritic.com/movie/da-5-bloods,,,154
2218,Da Sweet Blood of Jesus,https://www.metacritic.com/movie/da-sweet-blood-of-jesus,,,123
2219,Daddy Day Camp,https://www.metacritic.com/movie/daddy-day-camp,6000000.0,18209872.0,93
2220,Daddy Day Care,https://www.metacritic.com/movie/daddy-day-care,60000000.0,164285587.0,92
2221,Daddy Longlegs,https://www.metacritic.com/movie/daddy-longlegs,,,100
2222,Daddy's Home,https://www.metacritic.com/movie/daddys-home,,,96
2223,Daddy's Home 2,https://www.metacritic.com/movie/daddys-home-2,70000000.0,175807183.0,100
2224,Daddy's Little Girls,https://www.metacritic.com/movie/daddys-little-girls,,31609243.0,95
2225,Dad's Army,https://www.metacritic.com/movie/dads-army,,13152386.0,100
2226,Dahmer,https://www.metacritic.com/movie/dahmer,,148235.0,101
2227,Dai si gin,https://www.metacritic.com/movie/dai-si-gin,,,90
2228,Dallas 362,https://www.metacritic.com/movie/dallas-362,,,
2229,Dallas Buyers Club,https://www.metacritic.com/movie/dallas-buyers-club,5000000.0,60611845.0,117
2230,Daltry Calhoun,https://www.metacritic.com/movie/daltry-calhoun,,,100
2231,Damascus Cover,https://www.metacritic.com/movie/damascus-cover,,9855.0,93
2232,Damsel,https://www.metacritic.com/movie/damsel,,322448.0,113
2233,Damsels in Distress,https://www.metacritic.com/movie/damsels-in-distress,3000000.0,1324299.0,99
2234,Dan in Real Life,https://www.metacritic.com/movie/dan-in-real-life,,65669001.0,98
2235,Dance Flick,https://www.metacritic.com/movie/dance-flick,25000000.0,32224624.0,83
2236,Dancer,https://www.metacritic.com/movie/dancer,,1319573.0,85
2237,Dancer in the Dark,https://www.metacritic.com/movie/dancer-in-the-dark,12500000.0,45556774.0,140
2238,Dancing Across Borders,https://www.metacritic.com/movie/dancing-across-borders,,,88
2239,Dancing at the Blue Iguana,https://www.metacritic.com/movie/dancing-at-the-blue-iguana,,,123
2240,Dancing in Jaffa,https://www.metacritic.com/movie/dancing-in-jaffa,,296160.0,90
2241,Dandelion,https://www.metacritic.com/movie/dandelion,,,
2242,Dangerous Liaisons (2012),https://www.metacritic.com/movie/dangerous-liaisons-2012,,,110
2243,Dangerous Lies,https://www.metacritic.com/movie/dangerous-lies,,,96
2244,Daniel Isn't Real,https://www.metacritic.com/movie/daniel-isnt-real,,10040.0,100
2245,Danny Collins,https://www.metacritic.com/movie/danny-collins,10000000.0,8465845.0,106
2246,Danny Deckchair,https://www.metacritic.com/movie/danny-deckchair,,,100
2247,Danny Says,https://www.metacritic.com/movie/danny-says,,,104
2248,Dare,https://www.metacritic.com/movie/dare,,,92
2249,Daredevil,https://www.metacritic.com/movie/daredevil,80000000.0,182782518.0,103
2250,Darfur Now,https://www.metacritic.com/movie/darfur-now,,,98
2251,Dark Blue,https://www.metacritic.com/movie/dark-blue,15000000.0,12262065.0,118
2252,Dark Blue World,https://www.metacritic.com/movie/dark-blue-world,,,112
2253,Dark Crimes,https://www.metacritic.com/movie/dark-crimes,,27672.0,92
2254,Dark Days,https://www.metacritic.com/movie/dark-days,,,94
2255,Dark Horse,https://www.metacritic.com/movie/dark-horse,,255025.0,86
2256,Dark Horse,https://www.metacritic.com/movie/dark-horse-2016,,1221818.0,85
2257,Dark House,https://www.metacritic.com/movie/dark-house,,,102
2258,Dark Matter,https://www.metacritic.com/movie/dark-matter,,,88
2259,Dark Money,https://www.metacritic.com/movie/dark-money,,,99
2260,Dark Night,https://www.metacritic.com/movie/dark-night-2016,,362.0,85
2261,Dark Phoenix,https://www.metacritic.com/movie/dark-phoenix,200000000.0,246356895.0,113
2262,Dark Places,https://www.metacritic.com/movie/dark-places,,5685597.0,113
2263,Dark River,https://www.metacritic.com/movie/dark-river,,199216.0,90
2264,Dark Shadows,https://www.metacritic.com/movie/dark-shadows,150000000.0,238202668.0,113
2265,Dark Skies,https://www.metacritic.com/movie/dark-skies,3500000.0,27704111.0,97
2266,Dark Star: HR Giger's World,https://www.metacritic.com/movie/dark-star-hr-gigers-world,,,95
2267,Dark Streets,https://www.metacritic.com/movie/dark-streets,,,83
2268,Dark Summer,https://www.metacritic.com/movie/dark-summer,,,81
2269,Dark Was the Night,https://www.metacritic.com/movie/dark-was-the-night,,,90
2270,Dark Water,https://www.metacritic.com/movie/dark-water,60000000.0,49473093.0,105
2271,Dark Waters,https://www.metacritic.com/movie/dark-waters,,23108017.0,126
2272,Darkest Hour,https://www.metacritic.com/movie/darkest-hour,30000000.0,150832086.0,125
2273,Darkness Falls,https://www.metacritic.com/movie/darkness-falls,7000000.0,47289758.0,86
2274,Darling,https://www.metacritic.com/movie/darling,,,78
2275,Darling Companion,https://www.metacritic.com/movie/darling-companion,12000000.0,1200346.0,103
2276,Darshan: The Embrace,https://www.metacritic.com/movie/darshan-the-embrace,,,92
2277,Darwin's Nightmare,https://www.metacritic.com/movie/darwins-nightmare,,,107
2278,Das wilde Leben,https://www.metacritic.com/movie/das-wilde-leben,,,114
2279,Date and Switch,https://www.metacritic.com/movie/date-and-switch,,,91
2280,Date Movie,https://www.metacritic.com/movie/date-movie,20000000.0,85146165.0,83
2281,Date Night,https://www.metacritic.com/movie/date-night,55000000.0,152269033.0,88
2282,Dating Amber,https://www.metacritic.com/movie/dating-amber,,,92
2283,Daughter from Danang,https://www.metacritic.com/movie/daughter-from-danang,,,83
2284,Daughter of Mine,https://www.metacritic.com/movie/daughter-of-mine,,,97
2285,Daughters of the Sun,https://www.metacritic.com/movie/daughters-of-the-sun,,,92
2286,Dave Chappelle's Block Party,https://www.metacritic.com/movie/dave-chappelles-block-party,3000000.0,12051924.0,103
2287,Dave Made a Maze,https://www.metacritic.com/movie/dave-made-a-maze,,,80
2288,David Brent: Life on the Road,https://www.metacritic.com/movie/david-brent-life-on-the-road,,,96
2289,David Byrne’s American Utopia,https://www.metacritic.com/movie/david-byrnes-american-utopia,,,105
2290,David Crosby: Remember My Name,https://www.metacritic.com/movie/david-crosby-remember-my-name,,,95
2291,David Hockney: The Colors of Music,https://www.metacritic.com/movie/david-hockney-the-colors-of-music,,,52
2292,David Lynch: The Art Life,https://www.metacritic.com/movie/david-lynch-the-art-life,,316386.0,88
2293,Dawn of the Dead,https://www.metacritic.com/movie/dawn-of-the-dead,28000000.0,103452875.0,101
2294,Dawn of the Planet of the Apes,https://www.metacritic.com/movie/dawn-of-the-planet-of-the-apes,170000000.0,710644566.0,130
2295,Dawn Patrol,https://www.metacritic.com/movie/dawn-patrol,3500000.0,,88
2296,Dawson City: Frozen Time,https://www.metacritic.com/movie/dawson-city-frozen-time,,,120
2297,Day Night Day Night,https://www.metacritic.com/movie/day-night-day-night,,36210.0,94
2298,Day Watch,https://www.metacritic.com/movie/day-watch,,,132
2299,Daybreak,https://www.metacritic.com/movie/daybreak,,,108
2300,Daybreakers,https://www.metacritic.com/movie/daybreakers,20000000.0,51445503.0,98
2301,Daydream Believer,https://www.metacritic.com/movie/daydream-believer,,,79
2302,Daydream Nation,https://www.metacritic.com/movie/daydream-nation,,500.0,96
2303,Daylight,https://www.metacritic.com/movie/daylight,,,115
2304,Days,https://www.metacritic.com/movie/days,,,127
2305,Days of Glory,https://www.metacritic.com/movie/days-of-glory,,,120
2306,Days of Grace,https://www.metacritic.com/movie/days-of-grace,,,133
2307,Days of the Bagnold Summer,https://www.metacritic.com/movie/days-of-the-bagnold-summer,,200382.0,86
2308,Dayveon,https://www.metacritic.com/movie/dayveon,,,75
2309,De-Lovely,https://www.metacritic.com/movie/de-lovely,15000000.0,18524496.0,125
2310,De Palma,https://www.metacritic.com/movie/de-palma,,168042.0,107
2311,Dead & Breakfast,https://www.metacritic.com/movie/dead-breakfast,,,88
2312,Dead Man Down,https://www.metacritic.com/movie/dead-man-down,30000000.0,19599974.0,118
2313,Dead Man's Burden,https://www.metacritic.com/movie/dead-mans-burden,,,93
2314,Dead Man's Shoes,https://www.metacritic.com/movie/dead-mans-shoes,1125000.0,414736.0,90
2315,Dead or Alive,https://www.metacritic.com/movie/dead-or-alive,,,105
2316,Dead or Alive: Final,https://www.metacritic.com/movie/dead-or-alive-final,,,89
2317,Dead Pigs,https://www.metacritic.com/movie/dead-pigs,,,122
2318,Dead Silence,https://www.metacritic.com/movie/dead-silence,20000000.0,20614661.0,89
2319,Dead Snow,https://www.metacritic.com/movie/dead-snow,,,91
2320,Dead Snow 2: Red vs. Dead,https://www.metacritic.com/movie/dead-snow-2-red-vs-dead,,,100
2321,Dead Souls,https://www.metacritic.com/movie/dead-souls,,,495
2322,Deadfall,https://www.metacritic.com/movie/deadfall,6000000.0,1673635.0,95
2323,Deadline,https://www.metacritic.com/movie/deadline,,,90
2324,Deadpool,https://www.metacritic.com/movie/deadpool,58000000.0,784157111.0,108
2325,Deadpool 2,https://www.metacritic.com/movie/deadpool-2,110000000.0,786362370.0,119
2326,Deal,https://www.metacritic.com/movie/deal,,,86
2327,Dealin' with Idiots,https://www.metacritic.com/movie/dealin-with-idiots,,,
2328,Dealt,https://www.metacritic.com/movie/dealt,,,85
2329,Dean,https://www.metacritic.com/movie/dean,,,94
2330,Dear Comrades!,https://www.metacritic.com/movie/dear-comrades!,,,121
2331,Dear Dictator,https://www.metacritic.com/movie/dear-dictator,,9765.0,90
2332,Dear Evan Hansen,https://www.metacritic.com/movie/dear-evan-hansen,,17489677.0,137
2333,Dear Frankie,https://www.metacritic.com/movie/dear-frankie,4600000.0,3099369.0,105
2334,Dear John,https://www.metacritic.com/movie/dear-john,25000000.0,142033509.0,108
2335,Dear Mr. Watterson,https://www.metacritic.com/movie/dear-mr-watterson,,,89
2336,Dear Wendy,https://www.metacritic.com/movie/dear-wendy,8000000.0,446438.0,105
2337,Dear White People,https://www.metacritic.com/movie/dear-white-people,1250000.0,5403771.0,108
2338,Dear Zachary: A Letter to a Son About His Father,https://www.metacritic.com/movie/dear-zachary-a-letter-to-a-son-about-his-father,,,95
2339,Death at a Funeral,https://www.metacritic.com/movie/death-at-a-funeral,21000000.0,48977233.0,92
2340,Death at a Funeral,https://www.metacritic.com/movie/death-at-a-funeral-2007,20000000.0,47289148.0,87
2341,Death by China,https://www.metacritic.com/movie/death-by-china,,,78
2342,Death Defying Acts,https://www.metacritic.com/movie/death-defying-acts,,,97
2343,Death in Love,https://www.metacritic.com/movie/death-in-love,,,97
2344,Death Note,https://www.metacritic.com/movie/death-note,,,101
2345,Death of a Dynasty,https://www.metacritic.com/movie/death-of-a-dynasty,,,92
2346,Death of a Nation,https://www.metacritic.com/movie/death-of-a-nation,,,108
2347,Death of a President,https://www.metacritic.com/movie/death-of-a-president,,,97
2348,Death Race,https://www.metacritic.com/movie/death-race,65000000.0,72516819.0,
2349,Death Sentence,https://www.metacritic.com/movie/death-sentence,20000000.0,16907831.0,105
2350,Death to Smoochy,https://www.metacritic.com/movie/death-to-smoochy,50000000.0,8374062.0,109
2351,Death Wish,https://www.metacritic.com/movie/death-wish,30000000.0,48575965.0,107
2352,Deathgasm,https://www.metacritic.com/movie/deathgasm,,,86
2353,D.E.B.S.,https://www.metacritic.com/movie/debs,3500000.0,,91
2354,December Boys,https://www.metacritic.com/movie/december-boys,,1146474.0,105
2355,Deception,https://www.metacritic.com/movie/deception,25000000.0,12850033.0,107
2356,Deceptive Practices: The Mysteries and Mentors of Ricky Jay,https://www.metacritic.com/movie/deceptive-practices-the-mysteries-and-mentors-of-ricky-jay,,,
2357,Deck the Halls,https://www.metacritic.com/movie/deck-the-halls,51000000.0,46815807.0,93
2358,Declaration of War,https://www.metacritic.com/movie/declaration-of-war,,,100
2359,Decoding Annie Parker,https://www.metacritic.com/movie/decoding-annie-parker,,49069.0,91
2360,Decoding Deepak,https://www.metacritic.com/movie/decoding-deepak,,,83
2361,Dedication,https://www.metacritic.com/movie/dedication,,,95
2362,Deep Blue,https://www.metacritic.com/movie/deep-blue,,19332261.0,83
2363,Deep Sea,https://www.metacritic.com/movie/deep-sea,,,41
2364,Deep Water,https://www.metacritic.com/movie/deep-water,,736762.0,92
2365,Deepsea Challenge 3D,https://www.metacritic.com/movie/deepsea-challenge-3d,,,90
2366,Deepwater Horizon,https://www.metacritic.com/movie/deepwater-horizon,156000000.0,122603824.0,107
2367,Deerskin,https://www.metacritic.com/movie/deerskin,,,77
2368,Defamation,https://www.metacritic.com/movie/defamation,,,91
2369,Defiance,https://www.metacritic.com/movie/defiance,50000000.0,52987754.0,137
2370,"Definitely, Maybe",https://www.metacritic.com/movie/definitely-maybe,7000000.0,55617866.0,112
2371,Deidra & Laney Rob a Train,https://www.metacritic.com/movie/deidra-laney-rob-a-train,,,100
2372,Deja Vu,https://www.metacritic.com/movie/deja-vu,,,126
2373,Delgo,https://www.metacritic.com/movie/delgo,40000000.0,,94
2374,Deli Man,https://www.metacritic.com/movie/deli-man,,,
2375,Delicacy,https://www.metacritic.com/movie/delicacy-1969,,,108
2376,Delirious,https://www.metacritic.com/movie/delirious,,,107
2377,Deliver Us from Eva,https://www.metacritic.com/movie/deliver-us-from-eva,,,105
2378,Deliver Us from Evil,https://www.metacritic.com/movie/deliver-us-from-evil,,,101
2379,Deliver Us From Evil,https://www.metacritic.com/movie/deliver-us-from-evil-2014,30000000.0,87956618.0,118
2380,Delivery Man,https://www.metacritic.com/movie/delivery-man,22000000.0,55616322.0,105
2381,Delta Farce,https://www.metacritic.com/movie/delta-farce,,8735908.0,90
2382,Democrats,https://www.metacritic.com/movie/democrats,,,100
2383,Demolition,https://www.metacritic.com/movie/demolition,,4253297.0,101
2384,Demon,https://www.metacritic.com/movie/demon,,,94
2385,Demon Slayer -Kimetsu no Yaiba- The Movie: Mugen Train,https://www.metacritic.com/movie/demon-slayer--kimetsu-no-yaiba--the-movie-mugen-train,,,117
2386,Demonic,https://www.metacritic.com/movie/demonic-2021,,165873.0,
2387,Demonlover,https://www.metacritic.com/movie/demonlover,,568063.0,129
2388,Den of Thieves,https://www.metacritic.com/movie/den-of-thieves,30000000.0,80147166.0,140
2389,Denial,https://www.metacritic.com/movie/denial,10000000.0,9263940.0,109
2390,Department Q: The Keeper of Lost Causes,https://www.metacritic.com/movie/department-q-the-keeper-of-lost-causes,,,97
2391,Departures,https://www.metacritic.com/movie/departures,,,130
2392,Depraved,https://www.metacritic.com/movie/depraved,,,114
2393,Derailed,https://www.metacritic.com/movie/derailed,22000000.0,57520063.0,108
2394,Derailroaded,https://www.metacritic.com/movie/derailroaded,,,86
2395,Derek DelGaudio’s In & Of Itself,https://www.metacritic.com/movie/derek-delgaudios-in-of-itself,,,90
2396,Derrida,https://www.metacritic.com/movie/derrida,,,84
2397,Descent,https://www.metacritic.com/movie/descent,,,101
2398,Desert Dancer,https://www.metacritic.com/movie/desert-dancer,4000000.0,596335.0,98
2399,Desert Flower,https://www.metacritic.com/movie/desert-flower,,18405284.0,120
2400,Desert One,https://www.metacritic.com/movie/desert-one,,,107
2401,Desierto,https://www.metacritic.com/movie/desierto,,4940419.0,94
2402,Desperados,https://www.metacritic.com/movie/desperados,,,105
2403,Despicable Me,https://www.metacritic.com/movie/despicable-me,69000000.0,543464573.0,95
2404,Despicable Me 2,https://www.metacritic.com/movie/despicable-me-2,76000000.0,975216835.0,98
2405,Despicable Me 3,https://www.metacritic.com/movie/despicable-me-3,75000000.0,1032961987.0,90
2406,Despite the Falling Snow,https://www.metacritic.com/movie/despite-the-falling-snow,,114101.0,93
2407,Destination Unknown,https://www.metacritic.com/movie/destination-unknown,,4771.0,81
2408,Destination Wedding,https://www.metacritic.com/movie/destination-wedding,,1660230.0,90
2409,Destroyer,https://www.metacritic.com/movie/destroyer,9000000.0,5865489.0,121
2410,Detachment,https://www.metacritic.com/movie/detachment,,3742697.0,97
2411,Detective Dee and the Mystery of the Phantom Flame,https://www.metacritic.com/movie/detective-dee-and-the-mystery-of-the-phantom-flame,,,119
2412,Detention,https://www.metacritic.com/movie/detention,10000000.0,,93
2413,Deterrence,https://www.metacritic.com/movie/deterrence,800000.0,371647.0,104
2414,Detour,https://www.metacritic.com/movie/detour,,,87
2415,Detour,https://www.metacritic.com/movie/detour-2017,,7600.0,97
2416,Detroit,https://www.metacritic.com/movie/detroit,40000000.0,26033563.0,143
2417,Detroit Unleaded,https://www.metacritic.com/movie/detroit-unleaded,,,93
2418,Detropia,https://www.metacritic.com/movie/detropia,,390170.0,90
2419,Deuce Bigalow: European Gigolo,https://www.metacritic.com/movie/deuce-bigalow-european-gigolo,22000000.0,45273464.0,83
2420,Deuces Wild,https://www.metacritic.com/movie/deuces-wild,10000000.0,6244618.0,96
2421,Devil,https://www.metacritic.com/movie/devil,10000000.0,63354114.0,80
2422,Devil's Due,https://www.metacritic.com/movie/devils-due,7000000.0,36146087.0,89
2423,Devil's Knot,https://www.metacritic.com/movie/devils-knot,,,114
2424,Devils on the Doorstep,https://www.metacritic.com/movie/devils-on-the-doorstep,,,139
2425,Devil's Pass,https://www.metacritic.com/movie/devils-pass,,5272302.0,100
2426,Dheepan,https://www.metacritic.com/movie/dheepan,9000000.0,7704357.0,115
2427,Dhobi Ghat (Mumbai Diaries),https://www.metacritic.com/movie/dhobi-ghat-mumbai-diaries,,,100
2428,Diablo,https://www.metacritic.com/movie/diablo,,,90
2429,Diamantino,https://www.metacritic.com/movie/diamantino,,234960.0,96
2430,Diamond Men,https://www.metacritic.com/movie/diamond-men,,,100
2431,Diamond Tongues,https://www.metacritic.com/movie/diamond-tongues,,,100
2432,Diana,https://www.metacritic.com/movie/diana,,11946983.0,113
2433,Diana Kennedy: Nothing Fancy,https://www.metacritic.com/movie/diana-kennedy-nothing-fancy,,,75
2434,Diana: The Musical,https://www.metacritic.com/movie/diana-the-musical,,,117
2435,Diana Vreeland: The Eye Has to Travel,https://www.metacritic.com/movie/diana-vreeland-the-eye-has-to-travel,,1266454.0,86
2436,Diane,https://www.metacritic.com/movie/diane,,,95
2437,Diary of a Chambermaid,https://www.metacritic.com/movie/diary-of-a-chambermaid,,,96
2438,Diary of a Mad Black Woman,https://www.metacritic.com/movie/diary-of-a-mad-black-woman,5500000.0,50458356.0,116
2439,Diary of a Wimpy Kid,https://www.metacritic.com/movie/diary-of-a-wimpy-kid,15000000.0,76954311.0,94
2440,Diary of a Wimpy Kid 2: Rodrick Rules,https://www.metacritic.com/movie/diary-of-a-wimpy-kid-2-rodrick-rules,,,94
2441,Diary of a Wimpy Kid: Dog Days,https://www.metacritic.com/movie/diary-of-a-wimpy-kid-dog-days,22000000.0,77229695.0,94
2442,Diary of a Wimpy Kid: The Long Haul,https://www.metacritic.com/movie/diary-of-a-wimpy-kid-the-long-haul,22000000.0,35609577.0,91
2443,Diary of the Dead,https://www.metacritic.com/movie/diary-of-the-dead,2750000.0,5394447.0,95
2444,Dick Johnson Is Dead,https://www.metacritic.com/movie/dick-johnson-is-dead,,,89
2445,Dickie Roberts: Former Child Star,https://www.metacritic.com/movie/dickie-roberts-former-child-star,17000000.0,23734486.0,98
2446,Did You Hear About the Morgans?,https://www.metacritic.com/movie/did-you-hear-about-the-morgans,58000000.0,80480566.0,103
2447,Did You Wonder Who Fired the Gun?,https://www.metacritic.com/movie/did-you-wonder-who-fired-the-gun,,,90
2448,Die Another Day,https://www.metacritic.com/movie/die-another-day,142000000.0,431942139.0,133
2449,"Die, Mommie, Die!",https://www.metacritic.com/movie/die-mommie-die!,,,90
2450,Diego Maradona,https://www.metacritic.com/movie/diego-maradona,,2645994.0,130
2451,"Dieu est grand, je suis toute petite",https://www.metacritic.com/movie/dieu-est-grand-je-suis-toute-petite,,,100
2452,Difret,https://www.metacritic.com/movie/difret,,91841.0,99
2453,Dig!,https://www.metacritic.com/movie/dig!,,567702.0,107
2454,Dig Two Graves,https://www.metacritic.com/movie/dig-two-graves,,,85
2455,Diggers,https://www.metacritic.com/movie/diggers,,,96
2456,Digging for Fire,https://www.metacritic.com/movie/digging-for-fire,,,85
2457,Digging Up the Marrow,https://www.metacritic.com/movie/digging-up-the-marrow,,,98
2458,Digimon: Digital Monsters,https://www.metacritic.com/movie/digimon-digital-monsters,,,82
2459,Diminished Capacity,https://www.metacritic.com/movie/diminished-capacity,,,92
2460,Dina,https://www.metacritic.com/movie/dina,,96507.0,103
2461,Dinner for Schmucks,https://www.metacritic.com/movie/dinner-for-schmucks,69000000.0,86796502.0,114
2462,Dinner Rush,https://www.metacritic.com/movie/dinner-rush,2000000.0,1075504.0,99
2463,Dinosaur,https://www.metacritic.com/movie/dinosaur,127500000.0,356148063.0,82
2464,Dinosaur 13,https://www.metacritic.com/movie/dinosaur-13,,,95
2465,Dior and I,https://www.metacritic.com/movie/dior-and-i,,2338242.0,90
2466,Diplomacy,https://www.metacritic.com/movie/diplomacy,,,84
2467,Dirt Music,https://www.metacritic.com/movie/dirt-music,,,105
2468,Dirty,https://www.metacritic.com/movie/dirty,,,97
2469,Dirty Dancing: Havana Nights,https://www.metacritic.com/movie/dirty-dancing-havana-nights,,14263299.0,86
2470,Dirty Girl,https://www.metacritic.com/movie/dirty-girl,,107623.0,90
2471,Dirty God,https://www.metacritic.com/movie/dirty-god,,,104
2472,Dirty Grandpa,https://www.metacritic.com/movie/dirty-grandpa,11500000.0,105078449.0,102
2473,Dirty Laundry,https://www.metacritic.com/movie/dirty-laundry,,,100
2474,Dirty Love,https://www.metacritic.com/movie/dirty-love,,,91
2475,Dirty Pretty Things,https://www.metacritic.com/movie/dirty-pretty-things,10000000.0,14156753.0,97
2476,Dirty Wars,https://www.metacritic.com/movie/dirty-wars,,414559.0,87
2477,Dirty Weekend,https://www.metacritic.com/movie/dirty-weekend,,,93
2478,Disappearance at Clifton Hill,https://www.metacritic.com/movie/disappearance-at-clifton-hill,,,100
2479,Disappearances,https://www.metacritic.com/movie/disappearances,,,
2480,Disaster Movie,https://www.metacritic.com/movie/disaster-movie,20000000.0,36720752.0,87
2481,Dischord,https://www.metacritic.com/movie/dischord,,,102
2482,Disclosure,https://www.metacritic.com/movie/disclosure-2020,,,108
2483,Disco and Atomic War,https://www.metacritic.com/movie/disco-and-atomic-war,,,80
2484,Disconnect,https://www.metacritic.com/movie/disconnect,,1507310.0,115
2485,Disgrace,https://www.metacritic.com/movie/disgrace,,,119
2486,Disobedience,https://www.metacritic.com/movie/disobedience,,7195105.0,114
2487,Disorder,https://www.metacritic.com/movie/disorder,,,98
2488,Distant,https://www.metacritic.com/movie/distant,,,110
2489,District 13: Ultimatum,https://www.metacritic.com/movie/district-13-ultimatum,,,101
2490,District 9,https://www.metacritic.com/movie/district-9,30000000.0,212453431.0,112
2491,District B13,https://www.metacritic.com/movie/district-b13,,,84
2492,Disturbia,https://www.metacritic.com/movie/disturbia,20000000.0,118537627.0,105
2493,Divan,https://www.metacritic.com/movie/divan,,,90
2494,Divergent,https://www.metacritic.com/movie/divergent,85000000.0,276014965.0,139
2495,Divide and Conquer: The Story of Roger Ailes,https://www.metacritic.com/movie/divide-and-conquer-the-story-of-roger-ailes,,,107
2496,Divided We Fall,https://www.metacritic.com/movie/divided-we-fall,,1327382.0,117
2497,Divine Intervention,https://www.metacritic.com/movie/divine-intervention,,592324.0,92
2498,Divine Love,https://www.metacritic.com/movie/divine-love,,,101
2499,Divine Secrets of the Ya-Ya Sisterhood,https://www.metacritic.com/movie/divine-secrets-of-the-ya-ya-sisterhood,,,116
2500,Divines,https://www.metacritic.com/movie/divines,,2297612.0,105
2501,Django,https://www.metacritic.com/movie/django,,3847465.0,117
2502,Django Unchained,https://www.metacritic.com/movie/django-unchained,100000000.0,449841566.0,165
2503,Djomeh,https://www.metacritic.com/movie/djomeh,,,94
2504,Do I Sound Gay?,https://www.metacritic.com/movie/do-i-sound-gay,,111829.0,77
2505,Do Not Resist,https://www.metacritic.com/movie/do-not-resist,,,72
2506,Do You Trust this Computer?,https://www.metacritic.com/movie/do-you-trust-this-computer,,,78
2507,DOA: Dead or Alive,https://www.metacritic.com/movie/doa-dead-or-alive,30000000.0,7755686.0,87
2508,Doctor Sleep,https://www.metacritic.com/movie/doctor-sleep,45000000.0,71856239.0,152
2509,Doctor Strange,https://www.metacritic.com/movie/doctor-strange,165000000.0,676354481.0,115
2510,Documented,https://www.metacritic.com/movie/documented,,,89
2511,Dodgeball: A True Underdog Story,https://www.metacritic.com/movie/dodgeball-a-true-underdog-story,30000000.0,167791704.0,92
2512,Dog Days,https://www.metacritic.com/movie/dog-days,,,121
2513,Dog Days,https://www.metacritic.com/movie/dog-days-2018,10000000.0,8196226.0,113
2514,Dog Eat Dog,https://www.metacritic.com/movie/dog-eat-dog,,219319.0,93
2515,Dog Pound,https://www.metacritic.com/movie/dog-pound,,,91
2516,Dog Sweat,https://www.metacritic.com/movie/dog-sweat,,,90
2517,Dogman,https://www.metacritic.com/movie/dogman,,4931690.0,103
2518,Dogtooth,https://www.metacritic.com/movie/dogtooth,,,94
2519,Dogtown and Z-Boys,https://www.metacritic.com/movie/dogtown-and-z-boys,400000.0,1600566.0,91
2520,Dogville,https://www.metacritic.com/movie/dogville,,14851654.0,178
2521,"Doing Time, Doing Vipassana",https://www.metacritic.com/movie/doing-time-doing-vipassana,,,52
2522,Dolemite Is My Name,https://www.metacritic.com/movie/dolemite-is-my-name,,,118
2523,Dolittle,https://www.metacritic.com/movie/dolittle,175000000.0,251409960.0,101
2524,Dolls,https://www.metacritic.com/movie/dolls,,133909.0,114
2525,Dolly Parton’s Christmas On the Square,https://www.metacritic.com/movie/dolly-partons-christmas-on-the-square,,,98
2526,Dolores,https://www.metacritic.com/movie/dolores,,,95
2527,Dolphin Tale,https://www.metacritic.com/movie/dolphin-tale,37000000.0,96068724.0,113
2528,Dolphin Tale 2,https://www.metacritic.com/movie/dolphin-tale-2,36000000.0,57824533.0,107
2529,Dom Hemingway,https://www.metacritic.com/movie/dom-hemingway,7000000.0,1857458.0,93
2530,Domain,https://www.metacritic.com/movie/domaine,,,110
2531,Domestic Disturbance,https://www.metacritic.com/movie/domestic-disturbance,53000000.0,54207112.0,89
2532,Domestic Violence,https://www.metacritic.com/movie/domestic-violence,,,196
2533,Dominion: Prequel to the Exorcist,https://www.metacritic.com/movie/dominion-prequel-to-the-exorcist,,,117
2534,Domino,https://www.metacritic.com/movie/domino,50000000.0,23574057.0,127
2535,Domino,https://www.metacritic.com/movie/domino-2019,,440108.0,89
2536,Don Jon,https://www.metacritic.com/movie/don-jon,5500000.0,41268579.0,90
2537,Don McKay,https://www.metacritic.com/movie/don-mckay,6000000.0,,87
2538,Don Peyote,https://www.metacritic.com/movie/don-peyote,,,98
2539,Don Verdean,https://www.metacritic.com/movie/don-verdean,,,90
2540,Donald Cried,https://www.metacritic.com/movie/donald-cried,,,85
2541,Donbass,https://www.metacritic.com/movie/donbass,,,121
2542,Donkey Punch,https://www.metacritic.com/movie/donkey-punch,750000.0,814801.0,99
2543,Donkey Skin (re-release),https://www.metacritic.com/movie/donkey-skin,,,90
2544,Donnie Darko,https://www.metacritic.com/movie/donnie-darko,4500000.0,7510877.0,113
2545,Donnybrook,https://www.metacritic.com/movie/donnybrook,,,101
2546,Don't Be Afraid of the Dark,https://www.metacritic.com/movie/dont-be-afraid-of-the-dark,25000000.0,39126427.0,99
2547,Don't Blink - Robert Frank,https://www.metacritic.com/movie/dont-blink---robert-frank,,77559.0,82
2548,Don't Breathe,https://www.metacritic.com/movie/dont-breathe,10000000.0,158906350.0,88
2549,Don't Breathe 2,https://www.metacritic.com/movie/dont-breathe-2,15000000.0,47227560.0,98
2550,Don't Call Me Son,https://www.metacritic.com/movie/dont-call-me-son,,,82
2551,Don't Come Back from the Moon,https://www.metacritic.com/movie/dont-come-back-from-the-moon,,,82
2552,Don't Come Knocking,https://www.metacritic.com/movie/dont-come-knocking,,4633357.0,122
2553,Don't Go,https://www.metacritic.com/movie/dont-go,,,91
2554,Don't Go in the Woods,https://www.metacritic.com/movie/dont-go-in-the-woods,,,107
2555,Don't Knock Twice,https://www.metacritic.com/movie/dont-knock-twice,,2107509.0,93
2556,Don't Leave Home,https://www.metacritic.com/movie/dont-leave-home,,,86
2557,Don't Let Go,https://www.metacritic.com/movie/dont-let-go,5000000.0,5288136.0,103
2558,Don't Look Up,https://www.metacritic.com/movie/dont-look-up,75000000.0,762858.0,145
2559,Don't Move,https://www.metacritic.com/movie/dont-move,,11837603.0,125
2560,Don't Say a Word,https://www.metacritic.com/movie/dont-say-a-word,50000000.0,104488383.0,113
2561,Don't Stop Believin': Everyman's Journey,https://www.metacritic.com/movie/dont-stop-believin-everymans-journey,,,113
2562,Don't Tell,https://www.metacritic.com/movie/dont-tell,,,120
2563,Don't Tempt Me,https://www.metacritic.com/movie/dont-tempt-me,,,112
2564,Don't Think I've Forgotten: Cambodia's Lost Rock and Roll,https://www.metacritic.com/movie/dont-think-ive-forgotten-cambodias-lost-rock-and-roll,,,105
2565,Don't Think Twice,https://www.metacritic.com/movie/dont-think-twice,3000000.0,,92
2566,"Don't Worry, He Won't Get Far on Foot",https://www.metacritic.com/movie/dont-worry-he-wont-get-far-on-foot,,3354411.0,114
2567,Doogal,https://www.metacritic.com/movie/doogal,20000000.0,28058652.0,78
2568,Doom,https://www.metacritic.com/movie/doom,70000000.0,58757178.0,100
2569,Doomsday,https://www.metacritic.com/movie/doomsday,33000000.0,21621188.0,105
2570,Dopamine,https://www.metacritic.com/movie/dopamine,,,79
2571,Dope,https://www.metacritic.com/movie/dope,7000000.0,18190831.0,103
2572,Dora and the Lost City of Gold,https://www.metacritic.com/movie/dora-and-the-lost-city-of-gold,49000000.0,120597108.0,102
2573,Dorfman in Love,https://www.metacritic.com/movie/dorfman-in-love,,,
2574,Dorian Blues,https://www.metacritic.com/movie/dorian-blues,,,88
2575,Dormant Beauty,https://www.metacritic.com/movie/dormant-beauty,,,115
2576,Dot the I,https://www.metacritic.com/movie/dot-the-i,,1368936.0,92
2577,Double Dare,https://www.metacritic.com/movie/double-dare,,,81
2578,Double Lover,https://www.metacritic.com/movie/double-lover,,,107
2579,Double Parked,https://www.metacritic.com/movie/double-parked,,,98
2580,Double Take,https://www.metacritic.com/movie/double-take-2001,24000000.0,,88
2581,Doubt,https://www.metacritic.com/movie/doubt,20000000.0,53191101.0,104
2582,Douchebag,https://www.metacritic.com/movie/douchebag,,,81
2583,Dough,https://www.metacritic.com/movie/dough,,1728152.0,94
2584,Dovlatov,https://www.metacritic.com/movie/dovlatov,,2184870.0,126
2585,Down a Dark Hall,https://www.metacritic.com/movie/down-a-dark-hall,4000000.0,2842176.0,96
2586,Down and Out with the Dolls,https://www.metacritic.com/movie/down-and-out-with-the-dolls,,,88
2587,Down from the Mountain,https://www.metacritic.com/movie/down-from-the-mountain,,,98
2588,Down in the Valley,https://www.metacritic.com/movie/down-in-the-valley,8000000.0,973443.0,114
2589,Down Terrace,https://www.metacritic.com/movie/down-terrace,30000.0,,89
2590,Down the Shore,https://www.metacritic.com/movie/down-the-shore,,,93
2591,Down to Earth,https://www.metacritic.com/movie/down-to-earth,30000000.0,71172251.0,87
2592,Down to the Bone,https://www.metacritic.com/movie/down-to-the-bone,,43674.0,104
2593,Down to You,https://www.metacritic.com/movie/down-to-you,9000000.0,,91
2594,Down with Love,https://www.metacritic.com/movie/down-with-love,,35456949.0,101
2595,Downfall,https://www.metacritic.com/movie/downfall,,,156
2596,Downhill,https://www.metacritic.com/movie/downhill,,9160072.0,86
2597,Downloading Nancy,https://www.metacritic.com/movie/downloading-nancy,,,102
2598,Downsizing,https://www.metacritic.com/movie/downsizing,68000000.0,54462971.0,135
2599,Downton Abbey,https://www.metacritic.com/movie/downton-abbey,,194694724.0,122
2600,Downtown 81,https://www.metacritic.com/movie/downtown-81,,,72
2601,Dr. Bronner's Magic Soapbox,https://www.metacritic.com/movie/dr-bronners-magic-soapbox,,,88
2602,Dr. Dolittle 2,https://www.metacritic.com/movie/dr-dolittle-2,72000000.0,176101721.0,87
2603,Dr. Seuss' The Lorax,https://www.metacritic.com/movie/dr-seuss-the-lorax,67500000.0,350976753.0,94
2604,Dr T and the Women,https://www.metacritic.com/movie/dr-t-and-the-women,,22796811.0,122
2605,Dracula 2000,https://www.metacritic.com/movie/dracula-2000,28000000.0,,99
2606,Dracula: Pages from a Virgin's Diary,https://www.metacritic.com/movie/dracula-pages-from-a-virgins-diary,1100000.0,81371.0,73
2607,Dracula Untold,https://www.metacritic.com/movie/dracula-untold,70000000.0,220241723.0,92
2608,Draft Day,https://www.metacritic.com/movie/draft-day,25000000.0,29847480.0,109
2609,Drag Me to Hell,https://www.metacritic.com/movie/drag-me-to-hell,30000000.0,91388487.0,99
2610,Dragged Across Concrete,https://www.metacritic.com/movie/dragged-across-concrete,,422006.0,159
2611,Dragon,https://www.metacritic.com/movie/dragon,,,114
2612,Dragon Blade,https://www.metacritic.com/movie/dragon-blade,,,127
2613,Dragon Wars: D-War,https://www.metacritic.com/movie/dragon-wars-d-war,32000000.0,79915361.0,90
2614,Dragonball: Evolution,https://www.metacritic.com/movie/dragonball-evolution,30000000.0,56511457.0,85
2615,Dragonfly,https://www.metacritic.com/movie/dragonfly,60000000.0,30317425.0,104
2616,Dragonslayer,https://www.metacritic.com/movie/dragonslayer,,,108
2617,Drama/Mex,https://www.metacritic.com/movie/dramamex,,,93
2618,Drawing Restraint 9,https://www.metacritic.com/movie/drawing-restraint-9,,243743.0,135
2619,Dream Horse,https://www.metacritic.com/movie/dream-horse,,6482891.0,113
2620,Dream House,https://www.metacritic.com/movie/dream-house-2011,50000000.0,41642166.0,92
2621,Dreamcatcher,https://www.metacritic.com/movie/dreamcatcher,68000000.0,75685268.0,134
2622,Dreamcatcher,https://www.metacritic.com/movie/dreamcatcher-2015,,,98
2623,Dreamer: Inspired by a True Story,https://www.metacritic.com/movie/dreamer-inspired-by-a-true-story,32000000.0,39498360.0,106
2624,Dreamgirls,https://www.metacritic.com/movie/dreamgirls,75000000.0,155620350.0,130
2625,Dreaming Lhasa,https://www.metacritic.com/movie/dreaming-lhasa,,,90
2626,Dreamland,https://www.metacritic.com/movie/dreamland-2019,,1081732.0,98
2627,Dreamland,https://www.metacritic.com/movie/dreamland-2020,,1081732.0,92
2628,Dreams of a Life,https://www.metacritic.com/movie/dreams-of-a-life,,,95
2629,Dreams Rewired,https://www.metacritic.com/movie/dreams-rewired,,7023.0,88
2630,Dredd,https://www.metacritic.com/movie/dredd,45000000.0,41467606.0,95
2631,Drew: The Man Behind the Poster,https://www.metacritic.com/movie/drew-the-man-behind-the-poster,,,
2632,Drift,https://www.metacritic.com/movie/drift-2013,,,
2633,Drillbit Taylor,https://www.metacritic.com/movie/drillbit-taylor,40000000.0,49686263.0,110
2634,Drinking Buddies,https://www.metacritic.com/movie/drinking-buddies,500000.0,407100.0,90
2635,Drive,https://www.metacritic.com/movie/drive,15000000.0,81357930.0,100
2636,Drive Angry 3D,https://www.metacritic.com/movie/drive-angry-3d,,,104
2637,Drive Hard,https://www.metacritic.com/movie/drive-hard,12000000.0,,92
2638,Drive My Car,https://www.metacritic.com/movie/drive-my-car,,,179
2639,Driven,https://www.metacritic.com/movie/driven,72000000.0,54616869.0,116
2640,Driven,https://www.metacritic.com/movie/driven-2019,,103035.0,113
2641,Driveways,https://www.metacritic.com/movie/driveways,,,83
2642,Driving Lessons,https://www.metacritic.com/movie/driving-lessons,4700000.0,,98
2643,Drowning Mona,https://www.metacritic.com/movie/drowning-mona,16000000.0,15980376.0,96
2644,Drug War,https://www.metacritic.com/movie/drug-war,,,107
2645,Drumline,https://www.metacritic.com/movie/drumline,20000000.0,56398875.0,118
2646,Drunk Bus,https://www.metacritic.com/movie/drunk-bus,,,101
2647,Drunk Stoned Brilliant Dead: The Story of the National Lampoon,https://www.metacritic.com/movie/drunk-stoned-brilliant-dead-the-story-of-the-national-lampoon--0001,,,98
2648,Drunktown's Finest,https://www.metacritic.com/movie/drunktowns-finest,,,95
2649,Duane Hopwood,https://www.metacritic.com/movie/duane-hopwood,,,
2650,Duck,https://www.metacritic.com/movie/duck,,,96
2651,Duck Butter,https://www.metacritic.com/movie/duck-butter,,,93
2652,Duck Season,https://www.metacritic.com/movie/duck-season,,,90
2653,"Dude, Where's My Car?",https://www.metacritic.com/movie/dude-wheres-my-car,13000000.0,73180297.0,83
2654,Due Date,https://www.metacritic.com/movie/due-date,65000000.0,211739043.0,95
2655,Duets,https://www.metacritic.com/movie/duets,16000000.0,6615452.0,112
2656,Dukhtar,https://www.metacritic.com/movie/dukhtar,,,93
2657,Duma,https://www.metacritic.com/movie/duma,12000000.0,994790.0,100
2658,Dumb and Dumber To,https://www.metacritic.com/movie/dumb-and-dumber-to,40000000.0,156553592.0,109
2659,Dumb and Dumberer: When Harry Met Lloyd,https://www.metacritic.com/movie/dumb-and-dumberer-when-harry-met-lloyd,30000000.0,28986358.0,85
2660,Dumbo,https://www.metacritic.com/movie/dumbo,170000000.0,353166307.0,112
2661,Dumbstruck,https://www.metacritic.com/movie/dumbstruck,,,85
2662,Dummy,https://www.metacritic.com/movie/dummy,,,91
2663,Dumplin',https://www.metacritic.com/movie/dumplin,13000000.0,399198.0,110
2664,Dune: Part One,https://www.metacritic.com/movie/dune-part-one,,,155
2665,Dung che sai duk,https://www.metacritic.com/movie/dung-che-sai-duk,,,100
2666,Dungeons & Dragons,https://www.metacritic.com/movie/dungeons-dragons,,,107
2667,Dunkirk,https://www.metacritic.com/movie/dunkirk,150000000.0,518058826.0,106
2668,Duplex,https://www.metacritic.com/movie/duplex,40000000.0,10070651.0,89
2669,Duplicity,https://www.metacritic.com/movie/duplicity,60000000.0,81079566.0,125
2670,Dust,https://www.metacritic.com/movie/dust,,,127
2671,Dust to Glory,https://www.metacritic.com/movie/dust-to-glory,,,97
2672,Dying of the Light,https://www.metacritic.com/movie/dying-of-the-light,5000000.0,74639.0,94
2673,Dylan Dog: Dead of Night,https://www.metacritic.com/movie/dylan-dog-dead-of-night,20000000.0,6093725.0,107
2674,DysFunktional Family,https://www.metacritic.com/movie/dysfunktional-family,3000000.0,,89
2675,Dzi Croquettes,https://www.metacritic.com/movie/dzi-croquettes,,,110
2676,E-Dreams,https://www.metacritic.com/movie/e-dreams,,,94
2677,E-Team,https://www.metacritic.com/movie/e-team,,,88
2678,Eagle Eye,https://www.metacritic.com/movie/eagle-eye,80000000.0,180585259.0,118
2679,Eagle vs Shark,https://www.metacritic.com/movie/eagle-vs-shark,,1304108.0,88
2680,Eames: The Architect & The Painter,https://www.metacritic.com/movie/eames-the-architect-the-painter,,,83
2681,Early Man,https://www.metacritic.com/movie/early-man,50000000.0,45285890.0,89
2682,Earth,https://www.metacritic.com/movie/earth,47000000.0,116773317.0,90
2683,Earth Days,https://www.metacritic.com/movie/earth-days,,,90
2684,Earth to Echo,https://www.metacritic.com/movie/earth-to-echo,13000000.0,42174545.0,91
2685,Earthquake Bird,https://www.metacritic.com/movie/earthquake-bird,,,107
2686,Earthwork,https://www.metacritic.com/movie/earthwork,,,93
2687,Earwig and the Witch,https://www.metacritic.com/movie/earwig-and-the-witch,,,82
2688,Easier with Practice,https://www.metacritic.com/movie/easier-with-practice,,,100
2689,East Is East,https://www.metacritic.com/movie/east-is-east,3000000.0,30438635.0,96
2690,East of Havana,https://www.metacritic.com/movie/east-of-havana,,,82
2691,Eastern Boys,https://www.metacritic.com/movie/eastern-boys,,41165.0,128
2692,Eastern Promises,https://www.metacritic.com/movie/eastern-promises,50000000.0,56077088.0,100
2693,Easy,https://www.metacritic.com/movie/easy,,,99
2694,Easy A,https://www.metacritic.com/movie/easy-a,8000000.0,76200721.0,92
2695,Easy Money,https://www.metacritic.com/movie/easy-money,,,124
2696,Easy Money: Hard to Kill,https://www.metacritic.com/movie/easy-money-hard-to-kill,,,99
2697,Easy Virtue,https://www.metacritic.com/movie/easy-virtue,14000000.0,20537741.0,97
2698,Eat Pray Love,https://www.metacritic.com/movie/eat-pray-love,60000000.0,206598789.0,133
2699,Eat That Question: Frank Zappa in His Own Words,https://www.metacritic.com/movie/eat-that-question-frank-zappa-in-his-own-words,,365540.0,93
2700,Eat This New York,https://www.metacritic.com/movie/eat-this-new-york,,,80
2701,Eat Wheaties!,https://www.metacritic.com/movie/eat-wheaties!,,,88
2702,Eating Animals,https://www.metacritic.com/movie/eating-animals,,153994.0,94
2703,Eating Out,https://www.metacritic.com/movie/eating-out,,,90
2704,Eating Out 2: Sloppy Seconds,https://www.metacritic.com/movie/eating-out-2-sloppy-seconds,,,79
2705,Eban and Charley,https://www.metacritic.com/movie/eban-and-charley,,,86
2706,Echo In the Canyon,https://www.metacritic.com/movie/echo-in-the-canyon,,,82
2707,Eddie the Eagle,https://www.metacritic.com/movie/eddie-the-eagle,23000000.0,45060480.0,106
2708,Eddie: The Sleepwalking Cannibal,https://www.metacritic.com/movie/eddie-the-sleepwalking-cannibal,1400000.0,,90
2709,Eden,https://www.metacritic.com/movie/eden,,,83
2710,Eden,https://www.metacritic.com/movie/eden-2013,,,98
2711,Eden,https://www.metacritic.com/movie/eden-2014,,233887.0,131
2712,Eden Lake,https://www.metacritic.com/movie/eden-lake,2000000.0,4294373.0,91
2713,Edge of Darkness,https://www.metacritic.com/movie/edge-of-darkness,60000000.0,82812456.0,117
2714,Edge of Tomorrow,https://www.metacritic.com/movie/edge-of-tomorrow,178000000.0,367028980.0,113
2715,Edge of Winter,https://www.metacritic.com/movie/edge-of-winter,,,89
2716,Edie,https://www.metacritic.com/movie/edie,,2893451.0,102
2717,Edmond,https://www.metacritic.com/movie/edmond,10000000.0,241719.0,82
2718,Effie Gray,https://www.metacritic.com/movie/effie-gray,,,104
2719,Egg,https://www.metacritic.com/movie/egg,,,90
2720,Eight Below,https://www.metacritic.com/movie/eight-below,40000000.0,120455994.0,120
2721,Eight Crazy Nights,https://www.metacritic.com/movie/eight-crazy-nights,,,76
2722,Eight Legged Freaks,https://www.metacritic.com/movie/eight-legged-freaks,30000000.0,36722311.0,99
2723,Eighth Grade,https://www.metacritic.com/movie/eighth-grade,2000000.0,14348020.0,93
2724,Eisenstein in Guanajuato,https://www.metacritic.com/movie/eisenstein-in-guanajuato,,77563.0,105
2725,El Angel,https://www.metacritic.com/movie/el-angel,,5604680.0,118
2726,El bonaerense,https://www.metacritic.com/movie/el-bonaerense,,,
2727,El Bulli: Cooking in Progress,https://www.metacritic.com/movie/el-bulli-cooking-in-progress,,595934.0,108
2728,El Camino: A Breaking Bad Movie,https://www.metacritic.com/movie/el-camino-a-breaking-bad-movie,,,122
2729,El cantante,https://www.metacritic.com/movie/el-cantante,,,106
2730,El Chicano,https://www.metacritic.com/movie/el-chicano,8000000.0,,108
2731,El Cortez,https://www.metacritic.com/movie/el-cortez,,,94
2732,El Crimen Perfecto (The Perfect Crime),https://www.metacritic.com/movie/el-crimen-perfecto-the-perfect-crime,,,105
2733,El leyton,https://www.metacritic.com/movie/el-leyton,,,95
2734,El Planeta,https://www.metacritic.com/movie/el-planeta,,7312.0,79
2735,Elaine Stritch: Shoot Me,https://www.metacritic.com/movie/elaine-stritch-shoot-me,,,80
2736,Electric Shadows,https://www.metacritic.com/movie/electric-shadows,,,93
2737,Electrick Children,https://www.metacritic.com/movie/electrick-children,,100729.0,96
2738,Elegy,https://www.metacritic.com/movie/elegy,,11459039.0,112
2739,Elektra,https://www.metacritic.com/movie/elektra,65000000.0,56824633.0,97
2740,Elektra Luxx,https://www.metacritic.com/movie/elektra-luxx,,,105
2741,Elena,https://www.metacritic.com/movie/elena,,961379.0,109
2742,Elena,https://www.metacritic.com/movie/elena-2014,,,80
2743,Elephant,https://www.metacritic.com/movie/elephant,3000000.0,10051516.0,81
2744,Elephant,https://www.metacritic.com/movie/elephant-2020,,,
2745,Elevate,https://www.metacritic.com/movie/elevate,,,81
2746,Eleven Minutes,https://www.metacritic.com/movie/eleven-minutes,,,103
2747,Elf,https://www.metacritic.com/movie/elf,32000000.0,222344688.0,97
2748,Elite Squad,https://www.metacritic.com/movie/elite-squad,,,115
2749,Elite Squad: The Enemy Within,https://www.metacritic.com/movie/elite-squad-the-enemy-within,,,115
2750,Elizabeth Harvest,https://www.metacritic.com/movie/elizabeth-harvest,,,105
2751,Elizabeth: The Golden Age,https://www.metacritic.com/movie/elizabeth-the-golden-age,55000000.0,74870866.0,114
2752,Elizabethtown,https://www.metacritic.com/movie/elizabethtown,54000000.0,50719373.0,123
2753,Ella Enchanted,https://www.metacritic.com/movie/ella-enchanted,35000000.0,24200318.0,96
2754,Elle,https://www.metacritic.com/movie/elle,9100000.0,16517708.0,130
2755,Elles,https://www.metacritic.com/movie/elles,,1318150.0,99
2756,Ellie Parker,https://www.metacritic.com/movie/ellie-parker,,,95
2757,Elling,https://www.metacritic.com/movie/elling,2100000.0,399037.0,89
2758,Elliot: The Littlest Reindeer,https://www.metacritic.com/movie/elliot-the-littlest-reindeer,,1391586.0,89
2759,Elsa & Fred,https://www.metacritic.com/movie/elsa-fred,10000000.0,197901.0,97
2760,Elsa y Fred,https://www.metacritic.com/movie/elsa-y-fred,,,108
2761,Elstree 1976,https://www.metacritic.com/movie/elstree-1976,,,90
2762,Elvira's Haunted Hills,https://www.metacritic.com/movie/elviras-haunted-hills,,,90
2763,Elvis & Nixon,https://www.metacritic.com/movie/elvis-nixon,,1766703.0,86
2764,Elysium,https://www.metacritic.com/movie/elysium,120000000.0,286192091.0,109
2765,Ema,https://www.metacritic.com/movie/ema,,371311.0,107
2766,Embattled,https://www.metacritic.com/movie/embattled,,,117
2767,Embrace of the Serpent,https://www.metacritic.com/movie/embrace-of-the-serpent,,,125
2768,Emelie,https://www.metacritic.com/movie/emelie,,,80
2769,Emerald Cowboy,https://www.metacritic.com/movie/emerald-cowboy,,,90
2770,Emile,https://www.metacritic.com/movie/emile,,,92
2771,Emma.,https://www.metacritic.com/movie/emma-2020,10000000.0,26447347.0,124
2772,Emmanuel's Gift,https://www.metacritic.com/movie/emmanuels-gift,,,80
2773,Empathy,https://www.metacritic.com/movie/empathy,,,92
2774,Emperor,https://www.metacritic.com/movie/emperor,,14905469.0,105
2775,Empire,https://www.metacritic.com/movie/empire,3500000.0,18495444.0,90
2776,Empire of Silver,https://www.metacritic.com/movie/empire-of-silver,,,113
2777,Employee of the Month,https://www.metacritic.com/movie/employee-of-the-month,10000000.0,38364855.0,103
2778,En el Séptimo Día (On the Seventh Day),https://www.metacritic.com/movie/en-el-septimo-dia-on-the-seventh-day,,,92
2779,En kærlighedshistorie,https://www.metacritic.com/movie/en-karlighedshistorie,,,93
2780,En soap,https://www.metacritic.com/movie/en-soap,,,104
2781,Encanto,https://www.metacritic.com/movie/encanto-2021,150000000.0,228063295.0,102
2782,Enchanted,https://www.metacritic.com/movie/enchanted,85000000.0,340384141.0,107
2783,Encounter,https://www.metacritic.com/movie/encounter,,,108
2784,Encounters at the End of the World,https://www.metacritic.com/movie/encounters-at-the-end-of-the-world,,1252613.0,99
2785,End of Sentence,https://www.metacritic.com/movie/end-of-sentence,,,96
2786,End of the Century,https://www.metacritic.com/movie/end-of-the-century,,,110
2787,End of the Century,https://www.metacritic.com/movie/end-of-the-century-2019,,,84
2788,End of the Spear,https://www.metacritic.com/movie/end-of-the-spear,10000000.0,11924041.0,108
2789,End of Watch,https://www.metacritic.com/movie/end-of-watch,15000000.0,57586606.0,109
2790,Ender's Game,https://www.metacritic.com/movie/enders-game,110000000.0,127983283.0,114
2791,"Endings, Beginnings",https://www.metacritic.com/movie/endings-beginnings,,,110
2792,Endless Love,https://www.metacritic.com/movie/endless-love,20000000.0,34718173.0,104
2793,Endless Poetry,https://www.metacritic.com/movie/endless-poetry,,,128
2794,Enduring Love,https://www.metacritic.com/movie/enduring-love,,599165.0,100
2795,Enemies Closer,https://www.metacritic.com/movie/enemies-closer,,,85
2796,Enemies of the State,https://www.metacritic.com/movie/enemies-of-the-state,,,103
2797,Enemy,https://www.metacritic.com/movie/enemy,,4590834.0,90
2798,Enemy at the Gates,https://www.metacritic.com/movie/enemy-at-the-gates,85000000.0,96971293.0,131
2799,Enforcement,https://www.metacritic.com/movie/enforcement,,,108
2800,England Is Mine,https://www.metacritic.com/movie/england-is-mine,,373092.0,94
2801,Enigma,https://www.metacritic.com/movie/enigma,,16031428.0,119
2802,Enola Holmes,https://www.metacritic.com/movie/enola-holmes,,,123
2803,Enough,https://www.metacritic.com/movie/enough,38000000.0,50970660.0,115
2804,Enough Said,https://www.metacritic.com/movie/enough-said,8000000.0,25621449.0,93
2805,Enron: The Smartest Guys in the Room,https://www.metacritic.com/movie/enron-the-smartest-guys-in-the-room,,4907779.0,109
2806,Entanglement,https://www.metacritic.com/movie/entanglement,,,85
2807,Enter the Dangerous Mind,https://www.metacritic.com/movie/enter-the-dangerous-mind,3000000.0,,88
2808,Enter the Void,https://www.metacritic.com/movie/enter-the-void,16000000.0,1467278.0,161
2809,Entertainment,https://www.metacritic.com/movie/entertainment,,,103
2810,Entourage,https://www.metacritic.com/movie/entourage,30000000.0,46438538.0,104
2811,Envy,https://www.metacritic.com/movie/envy,20000000.0,14566246.0,99
2812,Enzo Avitabile Music Life,https://www.metacritic.com/movie/enzo-avitabile-music-life,,,79
2813,Epic,https://www.metacritic.com/movie/epic-2013,100000000.0,262794441.0,102
2814,Epic Movie,https://www.metacritic.com/movie/epic-movie,20000000.0,86858578.0,86
2815,Epicentro,https://www.metacritic.com/movie/epicentro,,,108
2816,Equals,https://www.metacritic.com/movie/equals,,2124359.0,101
2817,Equilibrium,https://www.metacritic.com/movie/equilibrium,20000000.0,5345869.0,107
2818,Equity,https://www.metacritic.com/movie/equity,,1675474.0,100
2819,Eragon,https://www.metacritic.com/movie/eragon,100000000.0,249488115.0,104
2820,Erased,https://www.metacritic.com/movie/erased,,,100
2821,Erin Brockovich,https://www.metacritic.com/movie/erin-brockovich,50000000.0,257805243.0,130
2822,Erleuchtung garantiert,https://www.metacritic.com/movie/erleuchtung-garantiert,,,109
2823,Ernest & Célestine,https://www.metacritic.com/movie/ernest-celestine,,,80
2824,Eros,https://www.metacritic.com/movie/eros,,1535685.0,104
2825,Escaflowne: The Movie,https://www.metacritic.com/movie/escaflowne-the-movie,,,98
2826,Escape Fire: The Fight to Rescue American Healthcare,https://www.metacritic.com/movie/escape-fire-the-fight-to-rescue-american-healthcare,,,95
2827,Escape from Planet Earth,https://www.metacritic.com/movie/escape-from-planet-earth,40000000.0,74156610.0,89
2828,Escape from Pretoria,https://www.metacritic.com/movie/escape-from-pretoria,,2458774.0,106
2829,Escape from Tomorrow,https://www.metacritic.com/movie/escape-from-tomorrow,650000.0,,90
2830,Escape Plan,https://www.metacritic.com/movie/escape-plan,70000000.0,103735965.0,115
2831,Escape Room,https://www.metacritic.com/movie/escape-room,9000000.0,155615727.0,99
2832,Escape Room: Tournament of Champions,https://www.metacritic.com/movie/escape-room-tournament-of-champions,15000000.0,51914506.0,88
2833,Escape to Life: The Erika and Klaus Mann Story,https://www.metacritic.com/movie/escape-to-life-the-erika-and-klaus-mann-story,,,85
2834,Escapes,https://www.metacritic.com/movie/escapes,,,89
2835,Escobar: Paradise Lost,https://www.metacritic.com/movie/escobar-paradise-lost,17000000.0,3917679.0,120
2836,Est - Ouest,https://www.metacritic.com/movie/est---ouest,,,121
2837,Esther Kahn,https://www.metacritic.com/movie/esther-kahn,,,142
2838,Eternal,https://www.metacritic.com/movie/eternal,,,107
2839,Eternal Beauty,https://www.metacritic.com/movie/eternal-beauty,,68960.0,95
2840,Eternal Sunshine of the Spotless Mind,https://www.metacritic.com/movie/eternal-sunshine-of-the-spotless-mind,20000000.0,72401378.0,108
2841,Eternals,https://www.metacritic.com/movie/eternals,200000000.0,402064929.0,156
2842,Ethan Mao,https://www.metacritic.com/movie/ethan-mao,,,87
2843,Ethel & Ernest,https://www.metacritic.com/movie/ethel-ernest,,,94
2844,Etoiles: Dancers of the Paris Opera Ballet,https://www.metacritic.com/movie/etoiles-dancers-of-the-paris-opera-ballet,,,100
2845,Eulogy,https://www.metacritic.com/movie/eulogy,10000000.0,91201.0,91
2846,Euphoria,https://www.metacritic.com/movie/euphoria,,68688.0,104
2847,Eureka,https://www.metacritic.com/movie/eureka,2000000.0,76654.0,217
2848,Europa Report,https://www.metacritic.com/movie/europa-report,,,90
2849,EuroTrip,https://www.metacritic.com/movie/eurotrip,25000000.0,20718223.0,93
2850,Eurovision Song Contest: The Story of Fire Saga,https://www.metacritic.com/movie/eurovision-song-contest-the-story-of-fire-saga,,,123
2851,Euthanizer,https://www.metacritic.com/movie/euthanizer,,,85
2852,Eva Hesse,https://www.metacritic.com/movie/eva-hesse,,160450.0,105
2853,Evan Almighty,https://www.metacritic.com/movie/evan-almighty,175000000.0,174131329.0,96
2854,Evangelion: 3.0+1.0 Thrice Upon a Time,https://www.metacritic.com/movie/evangelion-30+10-thrice-upon-a-time,,,154
2855,Evelyn,https://www.metacritic.com/movie/evelyn,,4273893.0,94
2856,Even Money,https://www.metacritic.com/movie/even-money,,,113
2857,Even the Rain (Tambien la Lluvia),https://www.metacritic.com/movie/even-the-rain-tambien-la-lluvia,,,103
2858,Evening,https://www.metacritic.com/movie/evening,30000000.0,12885574.0,117
2859,Everest,https://www.metacritic.com/movie/everest,65000000.0,221297061.0,121
2860,Evergreen,https://www.metacritic.com/movie/evergreen,,,
2861,Everlasting Moments,https://www.metacritic.com/movie/everlasting-moments,,,131
2862,Everly,https://www.metacritic.com/movie/everly,,,92
2863,Every Breath You Take,https://www.metacritic.com/movie/every-breath-you-take,,294303.0,105
2864,Every Day,https://www.metacritic.com/movie/every-day,,,93
2865,Every Day,https://www.metacritic.com/movie/every-day-2018,4900000.0,12826031.0,97
2866,Every Last Child,https://www.metacritic.com/movie/every-last-child,,,83
2867,Every Little Step,https://www.metacritic.com/movie/every-little-step,,2769763.0,
2868,Every Secret Thing,https://www.metacritic.com/movie/every-secret-thing,,,93
2869,Every Thing Will Be Fine,https://www.metacritic.com/movie/every-thing-will-be-fine,,588112.0,118
2870,Everybody Has a Plan,https://www.metacritic.com/movie/everybody-has-a-plan,,,118
2871,Everybody Knows,https://www.metacritic.com/movie/everybody-knows,,,133
2872,Everybody Says I'm Fine!,https://www.metacritic.com/movie/everybody-says-im-fine!,,,103
2873,Everybody Wants Some!!,https://www.metacritic.com/movie/everybody-wants-some!!,10000000.0,5437126.0,117
2874,Everybody Wants to Be Italian,https://www.metacritic.com/movie/everybody-wants-to-be-italian,3000000.0,,105
2875,Everybody's Everything,https://www.metacritic.com/movie/everybodys-everything,,748539.0,116
2876,Everybody's Famous!,https://www.metacritic.com/movie/everybodys-famous!,,,97
2877,Everybody's Fine,https://www.metacritic.com/movie/everybodys-fine,20000000.0,,99
2878,Everybody's Talking About Jamie,https://www.metacritic.com/movie/everybodys-talking-about-jamie,,,115
2879,Everyday,https://www.metacritic.com/movie/everyday,,,106
2880,Everyday Sunshine: The Story of Fishbone,https://www.metacritic.com/movie/everyday-sunshine-the-story-of-fishbone,,,107
2881,Everyone Else,https://www.metacritic.com/movie/everyone-else,,,119
2882,Everyone's Hero,https://www.metacritic.com/movie/everyones-hero,,17000437.0,88
2883,"Everything, Everything",https://www.metacritic.com/movie/everything-everything,10000000.0,61603136.0,96
2884,Everything Is Illuminated,https://www.metacritic.com/movie/everything-is-illuminated,,2088946.0,106
2885,Everything Must Go,https://www.metacritic.com/movie/everything-must-go,5000000.0,2821010.0,96
2886,Everything Put Together,https://www.metacritic.com/movie/everything-put-together,500000.0,7890.0,87
2887,Everything's Gone Green,https://www.metacritic.com/movie/everythings-gone-green,,,95
2888,Evidence,https://www.metacritic.com/movie/evidence,,27680.0,94
2889,Evil,https://www.metacritic.com/movie/evil,,,113
2890,Evil Dead,https://www.metacritic.com/movie/evil-dead-2013,17000000.0,99041947.0,91
2891,Evil Eye,https://www.metacritic.com/movie/evil-eye,,,
2892,Evolution,https://www.metacritic.com/movie/evolution,80000000.0,98341932.0,101
2893,Evolution,https://www.metacritic.com/movie/evolution-2015,,145436.0,81
2894,Ex-Girlfriends,https://www.metacritic.com/movie/ex-girlfriends,,,72
2895,EX LIBRIS: The New York Public Library,https://www.metacritic.com/movie/ex-libris-the-new-york-public-library,,208993.0,197
2896,Ex Machina,https://www.metacritic.com/movie/ex-machina,13000000.0,38358392.0,108
2897,Examined Life,https://www.metacritic.com/movie/examined-life,,,87
2898,Excuse Me for Living,https://www.metacritic.com/movie/excuse-me-for-living,,,
2899,Exhibition,https://www.metacritic.com/movie/exhibition,,,104
2900,Exiled,https://www.metacritic.com/movie/exiled,,,110
2901,Exists,https://www.metacritic.com/movie/exists,,47076.0,81
2902,Exit Plan,https://www.metacritic.com/movie/exit-plan,,,90
2903,Exit Through the Gift Shop,https://www.metacritic.com/movie/exit-through-the-gift-shop,,7132689.0,87
2904,Exit Wounds,https://www.metacritic.com/movie/exit-wounds,33000000.0,79958599.0,101
2905,Exodus: Gods and Kings,https://www.metacritic.com/movie/exodus-gods-and-kings,140000000.0,268314513.0,150
2906,Exorcist: The Beginning,https://www.metacritic.com/movie/exorcist-the-beginning,78000000.0,43957541.0,114
2907,Expedition to the End of the World,https://www.metacritic.com/movie/expedition-to-the-end-of-the-world,,,90
2908,Expelled: No Intelligence Allowed,https://www.metacritic.com/movie/expelled-no-intelligence-allowed,,,90
2909,Experimenter,https://www.metacritic.com/movie/experimenter,,239248.0,98
2910,Expired,https://www.metacritic.com/movie/expired,,,107
2911,Explicit Ills,https://www.metacritic.com/movie/explicit-ills,,,87
2912,Exporting Raymond,https://www.metacritic.com/movie/exporting-raymond,,,86
2913,Exposed,https://www.metacritic.com/movie/exposed,,,77
2914,Extra Ordinary,https://www.metacritic.com/movie/extra-ordinary,,223713.0,94
2915,Extract,https://www.metacritic.com/movie/extract,7500000.0,10849158.0,92
2916,Extraction,https://www.metacritic.com/movie/extraction-2020,,,116
2917,Extraordinary Measures,https://www.metacritic.com/movie/extraordinary-measures,31000000.0,15826984.0,106
2918,Extraordinary Tales,https://www.metacritic.com/movie/extraordinary-tales,,,73
2919,Extraterrestrial,https://www.metacritic.com/movie/extraterrestrial,,,
2920,Extraterrestrial,https://www.metacritic.com/movie/extraterrestrial-2014,,71103.0,101
2921,Extreme Ops,https://www.metacritic.com/movie/extreme-ops,40000000.0,12624471.0,93
2922,Extremely Loud and Incredibly Close,https://www.metacritic.com/movie/extremely-loud-and-incredibly-close,40000000.0,55247881.0,129
2923,"Extremely Wicked, Shockingly Evil and Vile",https://www.metacritic.com/movie/extremely-wicked-shockingly-evil-and-vile,,,110
2924,Eye in the Sky,https://www.metacritic.com/movie/eye-in-the-sky,13000000.0,35402802.0,102
2925,Eye of the Beholder,https://www.metacritic.com/movie/eye-of-the-beholder,15000000.0,18260865.0,109
2926,Eyes Wide Open,https://www.metacritic.com/movie/eyes-wide-open,,,90
2927,Ezra,https://www.metacritic.com/movie/ezra,,13488.0,110
2928,F9: The Fast Saga,https://www.metacritic.com/movie/f9-the-fast-saga,200000000.0,721077945.0,143
2929,Faat Kiné,https://www.metacritic.com/movie/faat-kine,,,120
2930,Face,https://www.metacritic.com/movie/face,,,89
2931,Faces Places,https://www.metacritic.com/movie/faces-places,,,89
2932,Facing the Music,https://www.metacritic.com/movie/facing-the-music,,,89
2933,Facing Windows,https://www.metacritic.com/movie/facing-windows,,15458405.0,102
2934,Factory Girl,https://www.metacritic.com/movie/factory-girl,7000000.0,,90
2935,Factotum,https://www.metacritic.com/movie/factotum,,3171021.0,94
2936,Fade to Black,https://www.metacritic.com/movie/fade-to-black,,,109
2937,Fading Gigolo,https://www.metacritic.com/movie/fading-gigolo,,25770059.0,90
2938,Fados,https://www.metacritic.com/movie/fados,,,90
2939,Fahrenheit 11/9,https://www.metacritic.com/movie/fahrenheit-119,5000000.0,6653715.0,128
2940,Fahrenheit 9/11,https://www.metacritic.com/movie/fahrenheit-911,6000000.0,221148959.0,122
2941,Failure to Launch,https://www.metacritic.com/movie/failure-to-launch,50000000.0,128402901.0,97
2942,Fair Game,https://www.metacritic.com/movie/fair-game-2010,,21792905.0,108
2943,Fairhaven,https://www.metacritic.com/movie/fairhaven,,,81
2944,Falling,https://www.metacritic.com/movie/falling-2020,,1403091.0,112
2945,False Confessions,https://www.metacritic.com/movie/false-confessions,,,82
2946,False Positive,https://www.metacritic.com/movie/false-positive,,,92
2947,Fame,https://www.metacritic.com/movie/fame,18000000.0,80227619.0,107
2948,Family,https://www.metacritic.com/movie/family,,,85
2949,Family Fundamentals,https://www.metacritic.com/movie/family-fundamentals,,,75
2950,Family Law,https://www.metacritic.com/movie/family-law,,,102
2951,"Family Romance, LLC",https://www.metacritic.com/movie/family-romance-llc,,3829.0,89
2952,Family Weekend,https://www.metacritic.com/movie/family-weekend,,,
2953,Fan-Fan the Tulip,https://www.metacritic.com/movie/fan-fan-the-tulip,,,102
2954,Fanboys,https://www.metacritic.com/movie/fanboys,,1073694.0,90
2955,Fanny,https://www.metacritic.com/movie/fanny,,,102
2956,Fantasia 2000,https://www.metacritic.com/movie/fantasia-2000,,,74
2957,Fantastic Beasts and Where to Find Them,https://www.metacritic.com/movie/fantastic-beasts-and-where-to-find-them,180000000.0,811724385.0,133
2958,Fantastic Beasts: The Crimes of Grindelwald,https://www.metacritic.com/movie/fantastic-beasts-the-crimes-of-grindelwald,200000000.0,651280475.0,134
2959,Fantastic Four,https://www.metacritic.com/movie/fantastic-four,87500000.0,333132750.0,106
2960,Fantastic Four,https://www.metacritic.com/movie/fantastic-four-2015,120000000.0,167849187.0,100
2961,Fantastic Four: Rise of the Silver Surfer,https://www.metacritic.com/movie/fantastic-four-rise-of-the-silver-surfer,120000000.0,289480691.0,92
2962,Fantastic Fungi,https://www.metacritic.com/movie/fantastic-fungi,,1672211.0,81
2963,Fantastic Mr. Fox,https://www.metacritic.com/movie/fantastic-mr-fox,40000000.0,47001091.0,87
2964,Far From Heaven,https://www.metacritic.com/movie/far-from-heaven,13500000.0,29027914.0,107
2965,Far From Men,https://www.metacritic.com/movie/far-from-men,,,101
2966,Far from the Madding Crowd,https://www.metacritic.com/movie/far-from-the-madding-crowd,15495600.0,29729450.0,119
2967,Far from the Tree,https://www.metacritic.com/movie/far-from-the-tree,,,93
2968,Far Out Isn't Far Enough: The Tomi Ungerer Story,https://www.metacritic.com/movie/far-out-isnt-far-enough-the-tomi-ungerer-story,,,98
2969,Farewell,https://www.metacritic.com/movie/farewell,,,113
2970,Farewell Amor,https://www.metacritic.com/movie/farewell-amor,,,101
2971,"Farewell, Herr Schwarz",https://www.metacritic.com/movie/farewell-herr-schwarz,,,96
2972,"Farewell, My Queen",https://www.metacritic.com/movie/farewell-my-queen,,,100
2973,Farmageddon,https://www.metacritic.com/movie/farmageddon,,,78
2974,Farming,https://www.metacritic.com/movie/farming,,87885.0,101
2975,Farmingville,https://www.metacritic.com/movie/farmingville,,,79
2976,Farmland,https://www.metacritic.com/movie/farmland,,,77
2977,Fascination,https://www.metacritic.com/movie/fascination,5000000.0,83356.0,95
2978,Fassbinder: To Love Without Demands,https://www.metacritic.com/movie/fassbinder-to-love-without-demands,,,109
2979,Fast Color,https://www.metacritic.com/movie/fast-color,,,100
2980,Fast Five,https://www.metacritic.com/movie/fast-five,125000000.0,630163454.0,130
2981,Fast Food Fast Women,https://www.metacritic.com/movie/fast-food-fast-women,,198805.0,95
2982,Fast Food Nation,https://www.metacritic.com/movie/fast-food-nation,,,116
2983,Fast & Furious,https://www.metacritic.com/movie/fast-furious,85000000.0,359347833.0,107
2984,Fast & Furious 6,https://www.metacritic.com/movie/fast-furious-6,,,130
2985,Fast & Furious Presents: Hobbs & Shaw,https://www.metacritic.com/movie/fast-furious-presents-hobbs-shaw,200000000.0,760381706.0,137
2986,Fastball,https://www.metacritic.com/movie/fastball,,,87
2987,Faster,https://www.metacritic.com/movie/faster,,,103
2988,Faster,https://www.metacritic.com/movie/faster-2010,24000000.0,35792945.0,98
2989,Fat Albert,https://www.metacritic.com/movie/fat-albert,45000000.0,48563556.0,93
2990,Fat Girl,https://www.metacritic.com/movie/fat-girl,,,86
2991,Fat Girls,https://www.metacritic.com/movie/fat-girls,,,82
2992,Fat Kid Rules the World,https://www.metacritic.com/movie/fat-kid-rules-the-world,,,
2993,Fatal Affair,https://www.metacritic.com/movie/fatal-affair,,,89
2994,Fatale,https://www.metacritic.com/movie/fatale,,6823320.0,102
2995,Fateless,https://www.metacritic.com/movie/fateless,12000000.0,,140
2996,Father and Son,https://www.metacritic.com/movie/father-and-son,,,97
2997,Father Figures,https://www.metacritic.com/movie/father-figures,25000000.0,21038441.0,113
2998,Father of Invention,https://www.metacritic.com/movie/father-of-invention,,,93
2999,Father of My Children,https://www.metacritic.com/movie/father-of-my-children,,,110
3000,Father Soldier Son,https://www.metacritic.com/movie/father-soldier-son,,,99
3001,Fatherhood,https://www.metacritic.com/movie/fatherhood,,,109
3002,Fathers and Daughters,https://www.metacritic.com/movie/fathers-and-daughters,,5439798.0,116
3003,Fathom,https://www.metacritic.com/movie/fathom,,,86
3004,Fatima,https://www.metacritic.com/movie/fatima,,188683.0,79
3005,Fatima,https://www.metacritic.com/movie/fatima-2020,,589719.0,113
3006,Fatman,https://www.metacritic.com/movie/fatman,,1342414.0,
3007,Fauci,https://www.metacritic.com/movie/fauci,,,104
3008,Faults,https://www.metacritic.com/movie/faults,,,89
3009,Faust,https://www.metacritic.com/movie/faust,,413149.0,140
3010,Favela Rising,https://www.metacritic.com/movie/favela-rising,,,80
3011,Fay Grim,https://www.metacritic.com/movie/fay-grim,,,118
3012,Faya Dayi,https://www.metacritic.com/movie/faya-dayi,,,120
3013,Fear and Trembling,https://www.metacritic.com/movie/fear-and-trembling,,,107
3014,Fear Street Part One: 1994,https://www.metacritic.com/movie/fear-street-part-one-1994,,,107
3015,Fear Street Part Three: 1666,https://www.metacritic.com/movie/fear-street-part-three-1666,,,114
3016,Fear Street Part Two: 1978,https://www.metacritic.com/movie/fear-street-part-two-1978,,,109
3017,Fear X,https://www.metacritic.com/movie/fear-x,,,
3018,FeardotCom,https://www.metacritic.com/movie/feardotcom,40000000.0,13289290.0,101
3019,Fearless,https://www.metacritic.com/movie/fearless,,,103
3020,Feast,https://www.metacritic.com/movie/feast,3200000.0,690872.0,95
3021,Feast of Love,https://www.metacritic.com/movie/feast-of-love,,5796467.0,101
3022,Feast of the Seven Fishes,https://www.metacritic.com/movie/feast-of-the-seven-fishes,,,99
3023,Fed Up,https://www.metacritic.com/movie/fed-up,,1546228.0,92
3024,Feel the Noise,https://www.metacritic.com/movie/feel-the-noise,,6423995.0,86
3025,Feels Good Man,https://www.metacritic.com/movie/feels-good-man,,,92
3026,Félicité,https://www.metacritic.com/movie/felicite,,263744.0,129
3027,Félix And Meira,https://www.metacritic.com/movie/felix-and-meira,,,105
3028,Fellini: I'm a Born Liar,https://www.metacritic.com/movie/fellini-im-a-born-liar,,,105
3029,Felon,https://www.metacritic.com/movie/felon,,,104
3030,Felony,https://www.metacritic.com/movie/felony,,,105
3031,Felt,https://www.metacritic.com/movie/felt,,,80
3032,Femme Fatale,https://www.metacritic.com/movie/femme-fatale,35000000.0,16830252.0,114
3033,Fences,https://www.metacritic.com/movie/fences,24000000.0,64282881.0,139
3034,Ferdinand,https://www.metacritic.com/movie/ferdinand,111000000.0,289838913.0,108
3035,Ferlinghetti: A Rebirth of Wonder,https://www.metacritic.com/movie/ferlinghetti-a-rebirth-of-wonder,,,73
3036,Festival Express,https://www.metacritic.com/movie/festival-express,,1284079.0,90
3037,Festival in Cannes,https://www.metacritic.com/movie/festival-in-cannes,,,100
3038,Festival of Lights,https://www.metacritic.com/movie/festival-of-lights,,,120
3039,Fever,https://www.metacritic.com/movie/fever,,,92
3040,Fever Dream,https://www.metacritic.com/movie/fever-dream,,,93
3041,Fever Pitch,https://www.metacritic.com/movie/fever-pitch,40000000.0,50071069.0,103
3042,Fiddler: A Miracle of Miracles,https://www.metacritic.com/movie/fiddler-a-miracle-of-miracles,,573465.0,92
3043,Fidel,https://www.metacritic.com/movie/fidel,,,91
3044,Fido,https://www.metacritic.com/movie/fido,8000000.0,456814.0,93
3045,Fierce People,https://www.metacritic.com/movie/fierce-people,,,107
3046,Fifi Howls from Happiness,https://www.metacritic.com/movie/fifi-howls-from-happiness,,,96
3047,Fifty Dead Men Walking,https://www.metacritic.com/movie/fifty-dead-men-walking,10000000.0,997921.0,117
3048,Fifty-Fifty,https://www.metacritic.com/movie/fifty-fifty,,,86
3049,Fifty Shades Darker,https://www.metacritic.com/movie/fifty-shades-darker,55000000.0,381367046.0,118
3050,Fifty Shades Freed,https://www.metacritic.com/movie/fifty-shades-freed,55000000.0,371985018.0,105
3051,Fifty Shades of Black,https://www.metacritic.com/movie/fifty-shades-of-black,5000000.0,22113075.0,92
3052,Fifty Shades of Grey,https://www.metacritic.com/movie/fifty-shades-of-grey,40000000.0,570794950.0,125
3053,Fighter,https://www.metacritic.com/movie/fighter,,,91
3054,Fighting,https://www.metacritic.com/movie/fighting,25000000.0,32831707.0,105
3055,Fighting for Life,https://www.metacritic.com/movie/fighting-for-life,,,89
3056,Fighting Tommy Riley,https://www.metacritic.com/movie/fighting-tommy-riley,300000.0,,109
3057,Fighting with My Family,https://www.metacritic.com/movie/fighting-with-my-family,11000000.0,41503089.0,108
3058,Fightville,https://www.metacritic.com/movie/fightville,,,85
3059,Fill the Void,https://www.metacritic.com/movie/fill-the-void,,,90
3060,Filly Brown,https://www.metacritic.com/movie/filly-brown,1250000.0,2940411.0,80
3061,Film Geek,https://www.metacritic.com/movie/film-geek,,,78
3062,Film Socialisme,https://www.metacritic.com/movie/film-socialisme,,43492.0,101
3063,Film Stars Don't Die in Liverpool,https://www.metacritic.com/movie/film-stars-dont-die-in-liverpool,,3907740.0,105
3064,Filmworker,https://www.metacritic.com/movie/filmworker,,112835.0,94
3065,Filth,https://www.metacritic.com/movie/filth,,9114264.0,97
3066,Filth and Wisdom,https://www.metacritic.com/movie/filth-and-wisdom,,,
3067,Final,https://www.metacritic.com/movie/final,,,111
3068,Final Account,https://www.metacritic.com/movie/final-account,,353056.0,94
3069,Final Destination,https://www.metacritic.com/movie/final-destination,23000000.0,112036870.0,98
3070,Final Destination 2,https://www.metacritic.com/movie/final-destination-2,26000000.0,90396664.0,90
3071,Final Destination 3,https://www.metacritic.com/movie/final-destination-3,25000000.0,112798051.0,93
3072,Final Destination 5,https://www.metacritic.com/movie/final-destination-5,40000000.0,155011165.0,92
3073,Final Fantasy: The Spirits Within,https://www.metacritic.com/movie/final-fantasy-the-spirits-within,137000000.0,85131830.0,106
3074,Final Portrait,https://www.metacritic.com/movie/final-portrait,,1725841.0,90
3075,Final Score,https://www.metacritic.com/movie/final-score,,776594.0,104
3076,Finch,https://www.metacritic.com/movie/finch,,,115
3077,Find Me Guilty,https://www.metacritic.com/movie/find-me-guilty,13000000.0,2898225.0,125
3078,Finders Keepers,https://www.metacritic.com/movie/finders-keepers,,,82
3079,Finding Amanda,https://www.metacritic.com/movie/finding-amanda,,,96
3080,Finding Bliss,https://www.metacritic.com/movie/finding-bliss,,,96
3081,Finding Dory,https://www.metacritic.com/movie/finding-dory,200000000.0,1025006125.0,97
3082,Finding Eleazar,https://www.metacritic.com/movie/finding-eleazar,,,78
3083,Finding Fela!,https://www.metacritic.com/movie/finding-fela!,,123862.0,119
3084,Finding Forrester,https://www.metacritic.com/movie/finding-forrester,43000000.0,80013623.0,136
3085,Finding Joe,https://www.metacritic.com/movie/finding-joe,,,80
3086,Finding Nemo,https://www.metacritic.com/movie/finding-nemo,94000000.0,936094852.0,100
3087,Finding Neverland,https://www.metacritic.com/movie/finding-neverland,25000000.0,115036108.0,106
3088,Finding 'Ohana,https://www.metacritic.com/movie/finding-ohana,,,123
3089,Finding Oscar,https://www.metacritic.com/movie/finding-oscar,,,100
3090,Finding Steve McQueen,https://www.metacritic.com/movie/finding-steve-mcqueen,,3338.0,91
3091,Finding Vivian Maier,https://www.metacritic.com/movie/finding-vivian-maier,,3596550.0,83
3092,Finding You,https://www.metacritic.com/movie/finding-you,,3327957.0,119
3093,Finding Your Feet,https://www.metacritic.com/movie/finding-your-feet,,15480072.0,111
3094,Finishing the Game: The Search for a New Bruce Lee,https://www.metacritic.com/movie/finishing-the-game-the-search-for-a-new-bruce-lee,,,84
3095,Fire at Sea,https://www.metacritic.com/movie/fire-at-sea,,,114
3096,Fire in the Blood,https://www.metacritic.com/movie/fire-in-the-blood,,51785.0,87
3097,Fire Will Come,https://www.metacritic.com/movie/fire-will-come,,,86
3098,Fireball: Visitors from Darker Worlds,https://www.metacritic.com/movie/fireball-visitors-from-darker-worlds,,,97
3099,Firecrackers,https://www.metacritic.com/movie/firecrackers,,,93
3100,Fired!,https://www.metacritic.com/movie/fired!,,,71
3101,Fired Up!,https://www.metacritic.com/movie/fired-up!,20000000.0,18608570.0,90
3102,Firedancer,https://www.metacritic.com/movie/firedancer,,,79
3103,Fireflies in the Garden,https://www.metacritic.com/movie/fireflies-in-the-garden,8000000.0,3587191.0,120
3104,Firehouse Dog,https://www.metacritic.com/movie/firehouse-dog,,17098297.0,111
3105,Firewall,https://www.metacritic.com/movie/firewall,50000000.0,82751189.0,105
3106,Fireworks,https://www.metacritic.com/movie/fireworks,,,90
3107,Fireworks Wednesday (2006),https://www.metacritic.com/movie/fireworks-wednesday-2006,,,102
3108,First Cow,https://www.metacritic.com/movie/first-cow,,550126.0,122
3109,First Date,https://www.metacritic.com/movie/first-date,,,103
3110,First Daughter,https://www.metacritic.com/movie/first-daughter,30000000.0,10419084.0,106
3111,First Descent,https://www.metacritic.com/movie/first-descent,,,110
3112,First Kill,https://www.metacritic.com/movie/first-kill,,135979.0,97
3113,First Love,https://www.metacritic.com/movie/first-love,,,94
3114,First Love,https://www.metacritic.com/movie/first-love-2019,,,108
3115,First Man,https://www.metacritic.com/movie/first-man,60000000.0,105703325.0,141
3116,First Match,https://www.metacritic.com/movie/first-match,,,102
3117,1st Night,https://www.metacritic.com/movie/first-night,,,116
3118,First Position,https://www.metacritic.com/movie/first-position,,1909901.0,90
3119,First Reformed,https://www.metacritic.com/movie/first-reformed,3500000.0,3988612.0,113
3120,First Snow,https://www.metacritic.com/movie/first-snow,,,101
3121,First Sunday,https://www.metacritic.com/movie/first-sunday,,38810598.0,96
3122,First They Killed My Father,https://www.metacritic.com/movie/first-they-killed-my-father,,,136
3123,Fish Tank,https://www.metacritic.com/movie/fish-tank,3000000.0,5922292.0,123
3124,Fish Without a Bicycle,https://www.metacritic.com/movie/fish-without-a-bicycle,,,97
3125,Fisherman's Friends,https://www.metacritic.com/movie/fishermans-friends,,11799297.0,112
3126,Fishing Without Nets,https://www.metacritic.com/movie/fishing-without-nets,,,109
3127,Fist Fight,https://www.metacritic.com/movie/fist-fight,25000000.0,40286416.0,91
3128,Five Dances,https://www.metacritic.com/movie/five-dances,,16347.0,83
3129,Five Feet Apart,https://www.metacritic.com/movie/five-feet-apart,7000000.0,92554209.0,116
3130,Five Fingers For Marseilles,https://www.metacritic.com/movie/five-fingers-for-marseilles,,,120
3131,Five Minutes of Heaven,https://www.metacritic.com/movie/five-minutes-of-heaven,,,89
3132,Five Nights in Maine,https://www.metacritic.com/movie/five-nights-in-maine,,,82
3133,Five Star,https://www.metacritic.com/movie/five-star,,,83
3134,Flag Day,https://www.metacritic.com/movie/flag-day,,508043.0,109
3135,Flags of Our Fathers,https://www.metacritic.com/movie/flags-of-our-fathers,53000000.0,63657941.0,132
3136,Flakes,https://www.metacritic.com/movie/flakes,,,84
3137,Flame and Citron,https://www.metacritic.com/movie/flame-and-citron,,,130
3138,"Flamenco, Flamenco",https://www.metacritic.com/movie/flamenco-flamenco,,,97
3139,Flanders,https://www.metacritic.com/movie/flanders,,,91
3140,Flannel Pajamas,https://www.metacritic.com/movie/flannel-pajamas,,,124
3141,Flash of Genius,https://www.metacritic.com/movie/flash-of-genius,20000000.0,4504111.0,119
3142,Flatliners,https://www.metacritic.com/movie/flatliners-2017,20000000.0,45173738.0,109
3143,Flavors,https://www.metacritic.com/movie/flavors,,,118
3144,Flawless,https://www.metacritic.com/movie/flawless,,5000234.0,108
3145,Flee,https://www.metacritic.com/movie/flee,,696562.0,89
3146,Fleeing by Night,https://www.metacritic.com/movie/fleeing-by-night,,,119
3147,Flicka,https://www.metacritic.com/movie/flicka,15000000.0,21896367.0,95
3148,Flight,https://www.metacritic.com/movie/flight,31000000.0,160558438.0,138
3149,Flight of the Phoenix,https://www.metacritic.com/movie/flight-of-the-phoenix,75000000.0,34009180.0,113
3150,Flight of the Red Balloon,https://www.metacritic.com/movie/flight-of-the-red-balloon,,,115
3151,Flightplan,https://www.metacritic.com/movie/flightplan,55000000.0,214392904.0,98
3152,Flipped,https://www.metacritic.com/movie/flipped,14000000.0,4294635.0,90
3153,Flora & Ulysses,https://www.metacritic.com/movie/flora-ulysses,,,95
3154,Florence Foster Jenkins,https://www.metacritic.com/movie/florence-foster-jenkins,29000000.0,56000339.0,111
3155,Flow: For Love of Water,https://www.metacritic.com/movie/flow-for-love-of-water,,,93
3156,Flower,https://www.metacritic.com/movie/flower,500000.0,390803.0,90
3157,Flowers,https://www.metacritic.com/movie/flowers,,,99
3158,Flushed Away,https://www.metacritic.com/movie/flushed-away,149000000.0,179357126.0,85
3159,Fly Away,https://www.metacritic.com/movie/fly-away,,,85
3160,Fly Me to the Moon 3D,https://www.metacritic.com/movie/fly-me-to-the-moon-3d,,,84
3161,Flyboys,https://www.metacritic.com/movie/flyboys,60000000.0,14816379.0,140
3162,Flypaper,https://www.metacritic.com/movie/flypaper,,1172291.0,87
3163,Focus,https://www.metacritic.com/movie/focus,,,106
3164,Focus,https://www.metacritic.com/movie/focus-2015,65000000.0,168065700.0,105
3165,Folk Hero & Funny Guy,https://www.metacritic.com/movie/folk-hero-funny-guy,,,88
3166,Follow Me: The Yoni Netanyahu Story,https://www.metacritic.com/movie/follow-me-the-yoni-netanyahu-story,,,
3167,Following Sean,https://www.metacritic.com/movie/following-sean,,,87
3168,Food Beware: The French Organic Revolution,https://www.metacritic.com/movie/food-beware-the-french-organic-revolution,,,112
3169,"Food, Inc.",https://www.metacritic.com/movie/food-inc,1000000.0,4731944.0,94
3170,Food of Love,https://www.metacritic.com/movie/food-of-love,,,112
3171,Fool's Gold,https://www.metacritic.com/movie/fools-gold,72500000.0,109362966.0,113
3172,Footloose,https://www.metacritic.com/movie/footloose,24000000.0,62989834.0,113
3173,Footnote,https://www.metacritic.com/movie/footnote,,,103
3174,Footnotes,https://www.metacritic.com/movie/footnotes,,,85
3175,Footprints,https://www.metacritic.com/movie/footprints,,,80
3176,"For a Good Time, Call...",https://www.metacritic.com/movie/for-a-good-time-call,850000.0,1386088.0,85
3177,For a Woman,https://www.metacritic.com/movie/for-a-woman,,,110
3178,For Ahkeem,https://www.metacritic.com/movie/for-ahkeem,,,90
3179,For Colored Girls,https://www.metacritic.com/movie/for-colored-girls,21000000.0,38017873.0,133
3180,For Ellen,https://www.metacritic.com/movie/for-ellen,,20746.0,94
3181,For Greater Glory,https://www.metacritic.com/movie/for-greater-glory,,,145
3182,For No Good Reason,https://www.metacritic.com/movie/for-no-good-reason,,,89
3183,For Sama,https://www.metacritic.com/movie/for-sama,,1081500.0,100
3184,For the Bible Tells Me So,https://www.metacritic.com/movie/for-the-bible-tells-me-so,,318584.0,
3185,For the Love of Spock,https://www.metacritic.com/movie/for-the-love-of-spock,,,111
3186,For the Plasma,https://www.metacritic.com/movie/for-the-plasma,,,94
3187,For Those in Peril,https://www.metacritic.com/movie/for-those-in-peril,,,92
3188,For Your Consideration,https://www.metacritic.com/movie/for-your-consideration,12000000.0,,86
3189,Forbidden Lie$,https://www.metacritic.com/movie/forbidden-lie,,,104
3190,Force Majeure,https://www.metacritic.com/movie/force-majeure,,,120
3191,Force of Nature,https://www.metacritic.com/movie/force-of-nature,,,91
3192,Ford v Ferrari,https://www.metacritic.com/movie/ford-v-ferrari,97600000.0,224418748.0,152
3193,Foreign Sister,https://www.metacritic.com/movie/foreign-sister,,,124
3194,Forever My Girl,https://www.metacritic.com/movie/forever-my-girl,3500000.0,,108
3195,Forever Strong,https://www.metacritic.com/movie/forever-strong,,,112
3196,Forget Baghdad: Jews and Arabs - The Iraqi Connection,https://www.metacritic.com/movie/forget-baghdad-jews-and-arabs---the-iraqi-connection,,,114
3197,Forgetting Sarah Marshall,https://www.metacritic.com/movie/forgetting-sarah-marshall,30000000.0,105475310.0,111
3198,Forgiving Dr. Mengele,https://www.metacritic.com/movie/forgiving-dr-mengele,,,82
3199,Forks Over Knives,https://www.metacritic.com/movie/forks-over-knives,,88500.0,96
3200,Formosa Betrayed,https://www.metacritic.com/movie/formosa-betrayed,,,103
3201,Formula 51,https://www.metacritic.com/movie/formula-51,27000000.0,,92
3202,Forsaken,https://www.metacritic.com/movie/forsaken,18000000.0,,90
3203,Fort Bliss,https://www.metacritic.com/movie/fort-bliss,,,116
3204,Fort Tilden,https://www.metacritic.com/movie/fort-tilden,,,98
3205,Forty Shades of Blue,https://www.metacritic.com/movie/forty-shades-of-blue,1500000.0,172569.0,108
3206,Four Brothers,https://www.metacritic.com/movie/four-brothers,30000000.0,92494381.0,109
3207,Four Christmases,https://www.metacritic.com/movie/four-christmases,80000000.0,168311558.0,88
3208,Four Good Days,https://www.metacritic.com/movie/four-good-days,,843968.0,100
3209,Four Hours at the Capitol,https://www.metacritic.com/movie/four-hours-at-the-capitol,,,
3210,Four Kids and It,https://www.metacritic.com/movie/four-kids-and-it,,705110.0,110
3211,Four Lions,https://www.metacritic.com/movie/four-lions,3750000.0,8607693.0,97
3212,Four Lovers,https://www.metacritic.com/movie/four-lovers,,,103
3213,Fourteen,https://www.metacritic.com/movie/fourteen,,,94
3214,Foxcatcher,https://www.metacritic.com/movie/foxcatcher,24000000.0,19303058.0,129
3215,Foxtrot,https://www.metacritic.com/movie/foxtrot,,,108
3216,Fracture,https://www.metacritic.com/movie/fracture,,89204700.0,113
3217,Frailty,https://www.metacritic.com/movie/frailty,11000000.0,19947280.0,100
3218,Framing John DeLorean,https://www.metacritic.com/movie/framing-john-delorean,,,109
3219,France,https://www.metacritic.com/movie/france,,1297920.0,133
3220,Frances Ha,https://www.metacritic.com/movie/frances-ha,3000000.0,11218621.0,86
3221,Francine,https://www.metacritic.com/movie/francine,,,74
3222,Francis Ford Coppola Presents: The Legend of Suriyothai,https://www.metacritic.com/movie/francis-ford-coppola-presents-the-legend-of-suriyothai,,,142
3223,Francofonia,https://www.metacritic.com/movie/francofonia,,1054906.0,88
3224,Frank,https://www.metacritic.com/movie/frank,,2783483.0,95
3225,Frank & Lola,https://www.metacritic.com/movie/frank-lola,,,88
3226,Frankenstein's Army,https://www.metacritic.com/movie/frankensteins-army,,,84
3227,Frankenweenie,https://www.metacritic.com/movie/frankenweenie,39000000.0,81150788.0,87
3228,Frankie,https://www.metacritic.com/movie/frankie,,708539.0,100
3229,Frankie & Alice,https://www.metacritic.com/movie/frankie-alice,,,101
3230,Frankie and Johnny Are Married,https://www.metacritic.com/movie/frankie-and-johnny-are-married,,,95
3231,Frantz,https://www.metacritic.com/movie/frantz,,7356327.0,113
3232,Fratricide,https://www.metacritic.com/movie/fratricide,,,
3233,Freak Show,https://www.metacritic.com/movie/freak-show,,20657.0,95
3234,Freak Weather,https://www.metacritic.com/movie/freak-weather,,,87
3235,Freakonomics,https://www.metacritic.com/movie/freakonomics,2900000.0,172867.0,93
3236,Freaks,https://www.metacritic.com/movie/freaks,,350122.0,105
3237,Freaky,https://www.metacritic.com/movie/freaky,6000000.0,16244416.0,
3238,Freaky Friday,https://www.metacritic.com/movie/freaky-friday,26000000.0,160822438.0,97
3239,Fred Claus,https://www.metacritic.com/movie/fred-claus,,97837638.0,116
3240,Fred Won't Move Out,https://www.metacritic.com/movie/fred-wont-move-out,,,74
3241,Freddy Got Fingered,https://www.metacritic.com/movie/freddy-got-fingered,15000000.0,,87
3242,Freddy vs. Jason,https://www.metacritic.com/movie/freddy-vs-jason,25000000.0,114576403.0,97
3243,Free Angela & All Political Prisoners,https://www.metacritic.com/movie/free-angela-all-political-prisoners,,,102
3244,Free Birds,https://www.metacritic.com/movie/free-birds,55000000.0,110387072.0,91
3245,Free Fire,https://www.metacritic.com/movie/free-fire,10000000.0,3793739.0,90
3246,Free Guy,https://www.metacritic.com/movie/free-guy,,323599369.0,115
3247,Free Men,https://www.metacritic.com/movie/free-men,,,99
3248,Free Radicals,https://www.metacritic.com/movie/free-radicals,,,120
3249,Free Ride,https://www.metacritic.com/movie/free-ride,,,86
3250,Free Solo,https://www.metacritic.com/movie/free-solo,,28611090.0,100
3251,Free State of Jones,https://www.metacritic.com/movie/free-state-of-jones,50000000.0,23237252.0,139
3252,Free the Nipple,https://www.metacritic.com/movie/free-the-nipple,,,84
3253,Free Zone,https://www.metacritic.com/movie/free-zone,,,90
3254,Freedom,https://www.metacritic.com/movie/freedom,14500000.0,872757.0,98
3255,Freedom Writers,https://www.metacritic.com/movie/freedom-writers,21000000.0,43632609.0,123
3256,Freedomland,https://www.metacritic.com/movie/freedomland,,14651216.0,113
3257,Freeheld,https://www.metacritic.com/movie/freeheld,7000000.0,1732228.0,103
3258,Freeland,https://www.metacritic.com/movie/freeland,,,80
3259,Freestyle: The Art of Rhyme,https://www.metacritic.com/movie/freestyle-the-art-of-rhyme,,,60
3260,Freeze Me,https://www.metacritic.com/movie/freeze-me,,,101
3261,French Exit,https://www.metacritic.com/movie/french-exit,,1557507.0,110
3262,Frequency,https://www.metacritic.com/movie/frequency,31000000.0,68079671.0,118
3263,Fresh Dressed,https://www.metacritic.com/movie/fresh-dressed,,5376.0,90
3264,Freshman Orientation,https://www.metacritic.com/movie/freshman-orientation,,,92
3265,Frida,https://www.metacritic.com/movie/frida,12000000.0,56131239.0,123
3266,Friday After Next,https://www.metacritic.com/movie/friday-after-next,10000000.0,33526835.0,85
3267,Friday Night,https://www.metacritic.com/movie/friday-night,,170227.0,90
3268,Friday Night Lights,https://www.metacritic.com/movie/friday-night-lights,30000000.0,61950770.0,118
3269,Friday the 13th,https://www.metacritic.com/movie/friday-the-13th,17000000.0,92670237.0,97
3270,Friend Request,https://www.metacritic.com/movie/friend-request,9900000.0,11310835.0,92
3271,Friended to Death,https://www.metacritic.com/movie/friended-to-death,,,94
3272,Friends and Family,https://www.metacritic.com/movie/friends-and-family,,,87
3273,Friends with Benefits,https://www.metacritic.com/movie/friends-with-benefits,35000000.0,146595891.0,109
3274,Friends with Kids,https://www.metacritic.com/movie/friends-with-kids,,14357752.0,109
3275,Friends with Money,https://www.metacritic.com/movie/friends-with-money,6500000.0,18110152.0,88
3276,Fright Night,https://www.metacritic.com/movie/fright-night,30000000.0,40520649.0,106
3277,From Afar,https://www.metacritic.com/movie/from-afar,,,93
3278,From Hell,https://www.metacritic.com/movie/from-hell,35000000.0,68712365.0,122
3279,From Justin to Kelly,https://www.metacritic.com/movie/from-justin-to-kelly,12000000.0,,81
3280,From Nowhere,https://www.metacritic.com/movie/from-nowhere,,,89
3281,From Other Worlds,https://www.metacritic.com/movie/from-other-worlds,,,88
3282,From Paris with Love,https://www.metacritic.com/movie/from-paris-with-love,52000000.0,53139168.0,92
3283,From Prada to Nada,https://www.metacritic.com/movie/from-prada-to-nada,,4133692.0,107
3284,From the Edge of the City,https://www.metacritic.com/movie/from-the-edge-of-the-city,,,94
3285,From the Land of the Moon,https://www.metacritic.com/movie/from-the-land-of-the-moon,,,120
3286,From Up on Poppy Hill,https://www.metacritic.com/movie/from-up-on-poppy-hill,,,91
3287,Front Cover,https://www.metacritic.com/movie/front-cover,,,87
3288,Frontera,https://www.metacritic.com/movie/frontera,2300000.0,,103
3289,Frontrunners,https://www.metacritic.com/movie/frontrunners,,,83
3290,Frost/Nixon,https://www.metacritic.com/movie/frostnixon,29000000.0,28452945.0,122
3291,Frozen,https://www.metacritic.com/movie/frozen,,48533065.0,94
3292,Frozen,https://www.metacritic.com/movie/frozen-2013,150000000.0,1265596785.0,102
3293,Frozen II,https://www.metacritic.com/movie/frozen-ii,150000000.0,1445182280.0,103
3294,Frozen River,https://www.metacritic.com/movie/frozen-river,1000000.0,6030129.0,97
3295,Fruitvale Station,https://www.metacritic.com/movie/fruitvale-station,900000.0,17549645.0,85
3296,Fuck,https://www.metacritic.com/movie/fuck,,,93
3297,Fugitive Pieces,https://www.metacritic.com/movie/fugitive-pieces,,,
3298,Full Battle Rattle,https://www.metacritic.com/movie/full-battle-rattle,,,85
3299,Full Frontal,https://www.metacritic.com/movie/full-frontal,2000000.0,3438804.0,101
3300,Full Grown Men,https://www.metacritic.com/movie/full-grown-men,,,78
3301,Full of It,https://www.metacritic.com/movie/full-of-it,,,93
3302,Fullmetal Alchemist: The Sacred Star of Milos,https://www.metacritic.com/movie/fullmetal-alchemist-the-sacred-star-of-milos,,,110
3303,Fun Mom Dinner,https://www.metacritic.com/movie/fun-mom-dinner,,24877.0,81
3304,Fun Size,https://www.metacritic.com/movie/fun-size,14000000.0,11166615.0,86
3305,Fun with Dick and Jane,https://www.metacritic.com/movie/fun-with-dick-and-jane,140000000.0,203018919.0,90
3306,Funan,https://www.metacritic.com/movie/funan,,,84
3307,Funny Boy,https://www.metacritic.com/movie/funny-boy,,,109
3308,Funny Face,https://www.metacritic.com/movie/funny-face-2020,,,95
3309,Funny Games (2008),https://www.metacritic.com/movie/funny-games,,,111
3310,Funny Ha Ha,https://www.metacritic.com/movie/funny-ha-ha,30000.0,82698.0,89
3311,Funny People,https://www.metacritic.com/movie/funny-people,72500000.0,71880305.0,146
3312,Fur: An Imaginary Portrait of Diane Arbus,https://www.metacritic.com/movie/fur-an-imaginary-portrait-of-diane-arbus,16800000.0,2281089.0,122
3313,Furious 7,https://www.metacritic.com/movie/furious-7,190000000.0,1516881526.0,137
3314,Furry Vengeance,https://www.metacritic.com/movie/furry-vengeance,35000000.0,39340177.0,92
3315,Fury,https://www.metacritic.com/movie/fury,80000000.0,210315681.0,134
3316,Future Weather,https://www.metacritic.com/movie/future-weather,,,
3317,Futuro Beach,https://www.metacritic.com/movie/futuro-beach,,,106
3318,Fyre,https://www.metacritic.com/movie/fyre,,,97
3319,G,https://www.metacritic.com/movie/g,,,97
3320,G-Force,https://www.metacritic.com/movie/g-force,150000000.0,292817841.0,88
3321,Gabriel,https://www.metacritic.com/movie/gabriel,,,85
3322,Gabriel and the Mountain,https://www.metacritic.com/movie/gabriel-and-the-mountain,,,131
3323,Gabrielle,https://www.metacritic.com/movie/gabrielle,,2775311.0,90
3324,Gabrielle,https://www.metacritic.com/movie/gabrielle-2014,,,104
3325,Gaga: Five Foot Two,https://www.metacritic.com/movie/gaga-five-foot-two,,,100
3326,Gaia,https://www.metacritic.com/movie/gaia,,134038.0,96
3327,Gainsbourg: A Heroic Life,https://www.metacritic.com/movie/gainsbourg-a-heroic-life,,,130
3328,Galveston,https://www.metacritic.com/movie/galveston,,190320.0,91
3329,Game 6,https://www.metacritic.com/movie/game-6,,,87
3330,Game Night,https://www.metacritic.com/movie/game-night,37000000.0,117378084.0,100
3331,Game Over: Kasparov and the Machine,https://www.metacritic.com/movie/game-over-kasparov-and-the-machine,,,90
3332,"Game Over, Man!",https://www.metacritic.com/movie/game-over-man!,,,101
3333,Gamer,https://www.metacritic.com/movie/gamer,50000000.0,42002029.0,95
3334,Games of Love and Chance,https://www.metacritic.com/movie/games-of-love-and-chance,,,123
3335,Games People Play: New York,https://www.metacritic.com/movie/games-people-play-new-york,,,97
3336,Gangs of New York,https://www.metacritic.com/movie/gangs-of-new-york,97000000.0,183124621.0,167
3337,Gangs of Wasseypur,https://www.metacritic.com/movie/gangs-of-wasseypur,,,
3338,Gangster No. 1,https://www.metacritic.com/movie/gangster-no-1,,,103
3339,Gangster Squad,https://www.metacritic.com/movie/gangster-squad,60000000.0,104100903.0,113
3340,Gangster's Paradise: Jerusalema,https://www.metacritic.com/movie/gangsters-paradise-jerusalema,,,119
3341,Garage Days,https://www.metacritic.com/movie/garage-days,,,105
3342,Garbo: The Spy,https://www.metacritic.com/movie/garbo-the-spy,,,88
3343,Garden Party,https://www.metacritic.com/movie/garden-party,,,88
3344,Garden State,https://www.metacritic.com/movie/garden-state,2500000.0,36028802.0,102
3345,Garfield,https://www.metacritic.com/movie/garfield,,,80
3346,Garfield: A Tail of Two Kitties,https://www.metacritic.com/movie/garfield-a-tail-of-two-kitties,60000000.0,147985373.0,78
3347,Garmento,https://www.metacritic.com/movie/garmento,,,90
3348,Garry Winogrand: All Things are Photographable,https://www.metacritic.com/movie/garry-winogrand-all-things-are-photographable,,,90
3349,Gasoline,https://www.metacritic.com/movie/gasoline,,,90
3350,Gaudi Afternoon,https://www.metacritic.com/movie/gaudi-afternoon,,,97
3351,Gauguin: Voyage to Tahiti,https://www.metacritic.com/movie/gauguin-voyage-to-tahiti,,,102
3352,Gavagai,https://www.metacritic.com/movie/gavagai,,,90
3353,Gay Chorus Deep South,https://www.metacritic.com/movie/gay-chorus-deep-south,,,100
3354,Gay Sex in the 70s,https://www.metacritic.com/movie/gay-sex-in-the-70s,,,67
3355,Gayby,https://www.metacritic.com/movie/gayby,,20947.0,89
3356,Gaza Strip,https://www.metacritic.com/movie/gaza-strip,,,74
3357,G.B.F.,https://www.metacritic.com/movie/gbf,,,92
3358,Gemini,https://www.metacritic.com/movie/gemini,,,93
3359,Gemini Man,https://www.metacritic.com/movie/gemini-man,140000000.0,166623705.0,117
3360,Gemma Bovery,https://www.metacritic.com/movie/gemma-bovery,,1289837.0,99
3361,Genèse (Genesis),https://www.metacritic.com/movie/gencse-genesis,,,129
3362,Generation Iron,https://www.metacritic.com/movie/generation-iron,,901649.0,106
3363,Generation P,https://www.metacritic.com/movie/generation-p,,,
3364,Generation Um...,https://www.metacritic.com/movie/generation-um,,,97
3365,Generation War,https://www.metacritic.com/movie/generation-war,,,270
3366,Generation Wealth,https://www.metacritic.com/movie/generation-wealth,,290369.0,106
3367,Genesis,https://www.metacritic.com/movie/genesis,,,81
3368,Genius,https://www.metacritic.com/movie/genius,17000000.0,7265283.0,104
3369,Genius Within: The Inner Life of Glenn Gould,https://www.metacritic.com/movie/genius-within-the-inner-life-of-glenn-gould,,,106
3370,Gentlemen Broncos,https://www.metacritic.com/movie/gentlemen-broncos,9500000.0,119955.0,90
3371,George Washington,https://www.metacritic.com/movie/george-washington,42000.0,342722.0,89
3372,Georgetown,https://www.metacritic.com/movie/georgetown,,,99
3373,Georgia Rule,https://www.metacritic.com/movie/georgia-rule,20000000.0,20819601.0,113
3374,Geostorm,https://www.metacritic.com/movie/geostorm,100000000.0,220796009.0,109
3375,Gerald's Game,https://www.metacritic.com/movie/geralds-game,,,103
3376,Gerhard Richter - Painting,https://www.metacritic.com/movie/gerhard-richter---painting,,1453930.0,97
3377,Gerontophilia,https://www.metacritic.com/movie/gerontophilia,,9074.0,82
3378,Gerry,https://www.metacritic.com/movie/gerry,7000000.0,719699.0,103
3379,Gerrymandering,https://www.metacritic.com/movie/gerrymandering,,,81
3380,Get a Job,https://www.metacritic.com/movie/get-a-job,,,83
3381,Get Carter,https://www.metacritic.com/movie/get-carter,40000000.0,19417182.0,102
3382,Get Duked!,https://www.metacritic.com/movie/get-duked!,,,87
3383,Get Hard,https://www.metacritic.com/movie/get-hard,40000000.0,111711453.0,100
3384,Get Him to the Greek,https://www.metacritic.com/movie/get-him-to-the-greek,40000000.0,92994927.0,109
3385,Get Low,https://www.metacritic.com/movie/get-low,7000000.0,10828305.0,103
3386,Get Me Roger Stone,https://www.metacritic.com/movie/get-me-roger-stone,,,92
3387,Get On Up,https://www.metacritic.com/movie/get-on-up,30000000.0,33339868.0,139
3388,Get Out,https://www.metacritic.com/movie/get-out,5000000.0,252297405.0,104
3389,Get Over It,https://www.metacritic.com/movie/get-over-it,10000000.0,19860259.0,87
3390,Get Rich or Die Tryin',https://www.metacritic.com/movie/get-rich-or-die-tryin,40000000.0,46666955.0,117
3391,Get Smart,https://www.metacritic.com/movie/get-smart,80000000.0,226739416.0,110
3392,Getaway,https://www.metacritic.com/movie/getaway,18000000.0,11813989.0,90
3393,Gett: The Trial of Viviane Amsalem,https://www.metacritic.com/movie/gett-the-trial-of-viviane-amsalem,,1148619.0,115
3394,GhettoPhysics: Will the Real Pimps and Hos Please Stand Up?,https://www.metacritic.com/movie/ghettophysics-will-the-real-pimps-and-hos-please-stand-up,,,94
3395,Ghost Dog: The Way of the Samurai,https://www.metacritic.com/movie/ghost-dog-the-way-of-the-samurai,2000000.0,10672492.0,116
3396,Ghost in the Shell 2: Innocence,https://www.metacritic.com/movie/ghost-in-the-shell-2-innocence,,,100
3397,Ghost in the Shell,https://www.metacritic.com/movie/ghost-in-the-shell-2017,110000000.0,167910690.0,107
3398,Ghost Rider,https://www.metacritic.com/movie/ghost-rider,120000000.0,229545589.0,114
3399,Ghost Rider: Spirit of Vengeance,https://www.metacritic.com/movie/ghost-rider-spirit-of-vengeance,57000000.0,149217355.0,95
3400,Ghost River,https://www.metacritic.com/movie/ghost-river,,,93
3401,Ghost Ship,https://www.metacritic.com/movie/ghost-ship,20000000.0,68349884.0,91
3402,Ghost Stories,https://www.metacritic.com/movie/ghost-stories,,4151828.0,98
3403,Ghost Team One,https://www.metacritic.com/movie/ghost-team-one,,,107
3404,Ghost Town,https://www.metacritic.com/movie/ghost-town-2008,20000000.0,29958228.0,102
3405,Ghost Town Anthology,https://www.metacritic.com/movie/ghost-town-anthology,,,97
3406,Ghost World,https://www.metacritic.com/movie/ghost-world,5500000.0,8761608.0,111
3407,Ghostbox Cowboy,https://www.metacritic.com/movie/ghostbox-cowboy,,,90
3408,Ghostbusters,https://www.metacritic.com/movie/ghostbusters-2016,144000000.0,229008658.0,116
3409,Ghostbusters: Afterlife,https://www.metacritic.com/movie/ghostbusters-afterlife,75000000.0,196755329.0,124
3410,Ghostlight,https://www.metacritic.com/movie/ghostlight,,,80
3411,Ghosts of Cité Soleil,https://www.metacritic.com/movie/ghosts-of-cite-soleil,,,85
3412,Ghosts of Girlfriends Past,https://www.metacritic.com/movie/ghosts-of-girlfriends-past,,102512802.0,100
3413,Ghosts of Mars,https://www.metacritic.com/movie/ghosts-of-mars,,,98
3414,Ghosts of the Abyss,https://www.metacritic.com/movie/ghosts-of-the-abyss,,28742313.0,59
3415,Ghosts of War,https://www.metacritic.com/movie/ghosts-of-war,,125224.0,94
3416,The Ghost Writer,https://www.metacritic.com/movie/ghostwriter,45000000.0,65532491.0,128
3417,G.I. Joe: Retaliation,https://www.metacritic.com/movie/gi-joe-retaliation,140000000.0,375740705.0,110
3418,G.I. Joe: The Rise of Cobra,https://www.metacritic.com/movie/gi-joe-the-rise-of-cobra,175000000.0,302469017.0,118
3419,Giant,https://www.metacritic.com/movie/giant,,,84
3420,Giant Little Ones,https://www.metacritic.com/movie/giant-little-ones,,,93
3421,Giants Being Lonely,https://www.metacritic.com/movie/giants-being-lonely,,,81
3422,Gideon's Army,https://www.metacritic.com/movie/gideons-army,,,
3423,Gifted,https://www.metacritic.com/movie/gifted,7000000.0,36964656.0,101
3424,Gigantic,https://www.metacritic.com/movie/gigantic,,,98
3425,Gigantic (A Tale of Two Johns),https://www.metacritic.com/movie/gigantic-a-tale-of-two-johns,,,102
3426,Gigli,https://www.metacritic.com/movie/gigli,54000000.0,7126002.0,121
3427,Gilbert,https://www.metacritic.com/movie/gilbert,,,94
3428,Gilles' Wife,https://www.metacritic.com/movie/gilles-wife,,,103
3429,Gimme Danger,https://www.metacritic.com/movie/gimme-danger,,,108
3430,Gimme Shelter (re-release),https://www.metacritic.com/movie/gimme-shelter,,,91
3431,Gimme Shelter,https://www.metacritic.com/movie/gimme-shelter-2014,,,101
3432,Gimme the Loot,https://www.metacritic.com/movie/gimme-the-loot,,244333.0,81
3433,Ginger & Rosa,https://www.metacritic.com/movie/ginger-rosa,,1415896.0,90
3434,Ginger Snaps,https://www.metacritic.com/movie/ginger-snaps,,572781.0,108
3435,Giorni e nuvole,https://www.metacritic.com/movie/giorni-e-nuvole,,,118
3436,Girl,https://www.metacritic.com/movie/girl,,,105
3437,Girl Asleep,https://www.metacritic.com/movie/girl-asleep,,211637.0,77
3438,Girl in Progress,https://www.metacritic.com/movie/girl-in-progress,,4580534.0,93
3439,Girl Model,https://www.metacritic.com/movie/girl-model,,22263.0,78
3440,Girl Most Likely,https://www.metacritic.com/movie/girl-most-likely,,2571741.0,103
3441,Girl on a Bicycle,https://www.metacritic.com/movie/girl-on-a-bicycle,,,101
3442,Girl on the Bridge,https://www.metacritic.com/movie/girl-on-the-bridge,,1731354.0,90
3443,Girl Play,https://www.metacritic.com/movie/girl-play,,,80
3444,Girl with a Pearl Earring,https://www.metacritic.com/movie/girl-with-a-pearl-earring,12000000.0,43153588.0,100
3445,Girlfight,https://www.metacritic.com/movie/girlfight,,,110
3446,Girlhood,https://www.metacritic.com/movie/girlhood,,141186.0,82
3447,Girlhood,https://www.metacritic.com/movie/girlhood-2014,,,113
3448,Girls Against Boys,https://www.metacritic.com/movie/girls-against-boys,,,
3449,Girls Can't Swim,https://www.metacritic.com/movie/girls-cant-swim,,,102
3450,Girls of the Sun,https://www.metacritic.com/movie/girls-of-the-sun,,,115
3451,Girls Rock!,https://www.metacritic.com/movie/girls-rock!,,162894.0,90
3452,Girls Trip,https://www.metacritic.com/movie/girls-trip,28000000.0,140886353.0,122
3453,Girls Will Be Girls,https://www.metacritic.com/movie/girls-will-be-girls,,,79
3454,Giuliani Time,https://www.metacritic.com/movie/giuliani-time,,,130
3455,Give Me Liberty,https://www.metacritic.com/movie/give-me-liberty,,624152.0,110
3456,Gladiator,https://www.metacritic.com/movie/gladiator,103000000.0,456435588.0,155
3457,Glass,https://www.metacritic.com/movie/glass,20000000.0,246999039.0,129
3458,Glass Chin,https://www.metacritic.com/movie/glass-chin,,,87
3459,Glassland,https://www.metacritic.com/movie/glassland,,,93
3460,Glastonbury,https://www.metacritic.com/movie/glastonbury,,,138
3461,Gleason,https://www.metacritic.com/movie/gleason,,587132.0,110
3462,Glee: The 3D Concert Movie,https://www.metacritic.com/movie/glee-the-3d-concert-movie,9000000.0,17462398.0,100
3463,Glen Campbell: I'll Be Me,https://www.metacritic.com/movie/glen-campbell-ill-be-me,,,116
3464,Glitter,https://www.metacritic.com/movie/glitter,8500000.0,,104
3465,Gloomy Sunday,https://www.metacritic.com/movie/gloomy-sunday,,,112
3466,Gloria,https://www.metacritic.com/movie/gloria-2013,,,110
3467,Gloria Bell,https://www.metacritic.com/movie/gloria-bell,,9709531.0,102
3468,Glory,https://www.metacritic.com/movie/glory-2017,,,101
3469,Glory Road,https://www.metacritic.com/movie/glory-road,30000000.0,42799060.0,118
3470,GMO OMG,https://www.metacritic.com/movie/gmo-omg,,41873.0,90
3471,Gnomeo and Juliet,https://www.metacritic.com/movie/gnomeo-and-juliet,36000000.0,193737977.0,
3472,Go Back to China,https://www.metacritic.com/movie/go-back-to-china,,,95
3473,Go for Sisters,https://www.metacritic.com/movie/go-for-sisters,,,123
3474,Go for Zucker,https://www.metacritic.com/movie/go-for-zucker,,,95
3475,Go Further,https://www.metacritic.com/movie/go-further,,,80
3476,Go Tigers!,https://www.metacritic.com/movie/go-tigers!,,,103
3477,Goal! The Dream Begins,https://www.metacritic.com/movie/goal!-the-dream-begins,33000000.0,27610873.0,118
3478,Goat,https://www.metacritic.com/movie/goat,,,96
3479,Goats,https://www.metacritic.com/movie/goats,,,94
3480,God Bless America,https://www.metacritic.com/movie/god-bless-america,,926632.0,105
3481,God Grew Tired of Us,https://www.metacritic.com/movie/god-grew-tired-of-us,,,89
3482,God Help the Girl,https://www.metacritic.com/movie/god-help-the-girl,,,111
3483,God Knows Where I Am,https://www.metacritic.com/movie/god-knows-where-i-am,,,97
3484,God Loves Uganda,https://www.metacritic.com/movie/god-loves-uganda,,,83
3485,Godard Mon Amour,https://www.metacritic.com/movie/godard-mon-amour,,,107
3486,Godmothered,https://www.metacritic.com/movie/godmothered,,,
3487,Gods and Generals,https://www.metacritic.com/movie/gods-and-generals,55000000.0,12923936.0,219
3488,God's Army,https://www.metacritic.com/movie/gods-army,300000.0,2652515.0,108
3489,God's Not Dead 2,https://www.metacritic.com/movie/gods-not-dead-2,5000000.0,23551286.0,120
3490,God's Not Dead: A Light in Darkness,https://www.metacritic.com/movie/gods-not-dead-a-light-in-darkness,,7354761.0,105
3491,Gods of Egypt,https://www.metacritic.com/movie/gods-of-egypt,140000000.0,138836756.0,127
3492,God's Own Country,https://www.metacritic.com/movie/gods-own-country,,2367752.0,104
3493,God's Pocket,https://www.metacritic.com/movie/gods-pocket,,176311.0,88
3494,God's Sandbox,https://www.metacritic.com/movie/gods-sandbox,,,
3495,Godsend,https://www.metacritic.com/movie/godsend,30000000.0,16873925.0,102
3496,Godspeed,https://www.metacritic.com/movie/godspeed,,,99
3497,Godzilla 2000,https://www.metacritic.com/movie/godzilla-2000,1000000.0,,99
3498,Godzilla,https://www.metacritic.com/movie/godzilla-2014,160000000.0,529076069.0,123
3499,Godzilla: King of the Monsters,https://www.metacritic.com/movie/godzilla-king-of-the-monsters,170000000.0,383299915.0,132
3500,Godzilla vs. Kong,https://www.metacritic.com/movie/godzilla-vs-kong,155000000.0,468064628.0,113
3501,Going Clear: Scientology and the Prison of Belief,https://www.metacritic.com/movie/going-clear-scientology-and-the-prison-of-belief,,449344.0,119
3502,Going in Style,https://www.metacritic.com/movie/going-in-style,24000000.0,80812424.0,96
3503,Going Shopping,https://www.metacritic.com/movie/going-shopping,,,106
3504,Going the Distance,https://www.metacritic.com/movie/going-the-distance,32000000.0,43603990.0,102
3505,Going Upriver: The Long War of John Kerry,https://www.metacritic.com/movie/going-upriver-the-long-war-of-john-kerry,,614152.0,87
3506,Gold,https://www.metacritic.com/movie/gold,,12178108.0,120
3507,Golda's Balcony,https://www.metacritic.com/movie/goldas-balcony,,,95
3508,Golden Door,https://www.metacritic.com/movie/golden-door,,,118
3509,Golden Exits,https://www.metacritic.com/movie/golden-exits,,,94
3510,Goldie,https://www.metacritic.com/movie/goldie,,,88
3511,Goldstone,https://www.metacritic.com/movie/goldstone,,,110
3512,Gomorrah,https://www.metacritic.com/movie/gomorrah,,,137
3513,Gone,https://www.metacritic.com/movie/gone,19000000.0,18100189.0,94
3514,Gone Baby Gone,https://www.metacritic.com/movie/gone-baby-gone,19000000.0,34359030.0,114
3515,Gone Girl,https://www.metacritic.com/movie/gone-girl,61000000.0,367160781.0,149
3516,Gone in Sixty Seconds,https://www.metacritic.com/movie/gone-in-sixty-seconds,,,118
3517,Gonzo: The Life and Work of Dr. Hunter S. Thompson,https://www.metacritic.com/movie/gonzo-the-life-and-work-of-dr-hunter-s-thompson,,1492100.0,120
3518,Good,https://www.metacritic.com/movie/good,16000000.0,,96
3519,Good Boy!,https://www.metacritic.com/movie/good-boy!,17000000.0,45312217.0,87
3520,Good Boys,https://www.metacritic.com/movie/good-boys,20000000.0,111173598.0,90
3521,"Good Bye, Dragon Inn",https://www.metacritic.com/movie/good-bye-dragon-inn,,,82
3522,Good Deeds,https://www.metacritic.com/movie/good-deeds,,,111
3523,Good Dick,https://www.metacritic.com/movie/good-dick,200000.0,52443.0,86
3524,Good Hair,https://www.metacritic.com/movie/good-hair,,4222942.0,96
3525,Good Kill,https://www.metacritic.com/movie/good-kill,,1278413.0,102
3526,Good Luck Chuck,https://www.metacritic.com/movie/good-luck-chuck,25000000.0,60709968.0,96
3527,Good Manners,https://www.metacritic.com/movie/good-manners,,,135
3528,"Good Morning, Night",https://www.metacritic.com/movie/good-morning-night,,,106
3529,Good Neighbors,https://www.metacritic.com/movie/good-neighbors,,,96
3530,"Good Night, and Good Luck.",https://www.metacritic.com/movie/good-night-and-good-luck,7000000.0,56586901.0,93
3531,Good Ol' Freda,https://www.metacritic.com/movie/good-ol-freda,,,86
3532,Good on Paper,https://www.metacritic.com/movie/good-on-paper,,,92
3533,Good People,https://www.metacritic.com/movie/good-people,,2766137.0,90
3534,Good Time,https://www.metacritic.com/movie/good-time,,4144128.0,101
3535,Goodbye Christopher Robin,https://www.metacritic.com/movie/goodbye-christopher-robin,,7299662.0,107
3536,Goodbye First Love,https://www.metacritic.com/movie/goodbye-first-love,,,110
3537,Goodbye Lenin!,https://www.metacritic.com/movie/goodbye-lenin!,,,121
3538,Goodbye Solo,https://www.metacritic.com/movie/goodbye-solo,,1165529.0,91
3539,Goodbye to All That,https://www.metacritic.com/movie/goodbye-to-all-that,,,87
3540,Goodbye to Language 3D,https://www.metacritic.com/movie/goodbye-to-language,,,70
3541,Goodbye World,https://www.metacritic.com/movie/goodbye-world,,,99
3542,Goodnight Mommy,https://www.metacritic.com/movie/goodnight-mommy,,,99
3543,Gook,https://www.metacritic.com/movie/gook,,251539.0,94
3544,Goon,https://www.metacritic.com/movie/goon,,7018603.0,92
3545,Goon: Last of the Enforcers,https://www.metacritic.com/movie/goon-last-of-the-enforcers,,115697.0,101
3546,Goosebumps,https://www.metacritic.com/movie/goosebumps,58000000.0,158911568.0,103
3547,Goosebumps 2: Haunted Halloween,https://www.metacritic.com/movie/goosebumps-2-haunted-halloween,35000000.0,93291478.0,90
3548,Gore Vidal: The United States of Amnesia,https://www.metacritic.com/movie/gore-vidal-the-united-states-of-amnesia,,,83
3549,Gosford Park,https://www.metacritic.com/movie/gosford-park,18000000.0,58271886.0,137
3550,Gossip,https://www.metacritic.com/movie/gossip,14000000.0,12591270.0,90
3551,Gothika,https://www.metacritic.com/movie/gothika,40000000.0,141484812.0,98
3552,Gottfried Helnwein and the Dreaming Child,https://www.metacritic.com/movie/gottfried-helnwein-and-the-dreaming-child,,,70
3553,Gotti,https://www.metacritic.com/movie/gotti,10000000.0,6601992.0,112
3554,Goya in Bordeaux,https://www.metacritic.com/movie/goya-in-bordeaux,,,106
3555,Goyangileul butaghae,https://www.metacritic.com/movie/goyangileul-butaghae,,,112
3556,Goya's Ghosts,https://www.metacritic.com/movie/goyas-ghosts,,,113
3557,Gozu,https://www.metacritic.com/movie/gozu,,,129
3558,Grabbers,https://www.metacritic.com/movie/grabbers,5300000.0,440821.0,94
3559,Grace Is Gone,https://www.metacritic.com/movie/grace-is-gone,,1150224.0,85
3560,Grace Jones: Bloodlight and Bami,https://www.metacritic.com/movie/grace-jones-bloodlight-and-bami,,738637.0,115
3561,Graceland,https://www.metacritic.com/movie/graceland,,,84
3562,Gracie,https://www.metacritic.com/movie/gracie,9000000.0,3922043.0,95
3563,Graduation,https://www.metacritic.com/movie/graduation,,,128
3564,Gran Torino,https://www.metacritic.com/movie/gran-torino,25000000.0,274543085.0,116
3565,Grand Piano,https://www.metacritic.com/movie/grand-piano,,838996.0,90
3566,Grand Theft Parsons,https://www.metacritic.com/movie/grand-theft-parsons,1200000.0,,88
3567,Grandma,https://www.metacritic.com/movie/grandma,,7440964.0,79
3568,Grandma's Boy,https://www.metacritic.com/movie/grandmas-boy,5000000.0,6590172.0,94
3569,Grass,https://www.metacritic.com/movie/grass,,,80
3570,Grass,https://www.metacritic.com/movie/grass-2018,,,66
3571,Grassroots,https://www.metacritic.com/movie/grassroots,,,98
3572,Grateful Dawg,https://www.metacritic.com/movie/grateful-dawg,,,81
3573,Gravity,https://www.metacritic.com/movie/gravity,110000000.0,688214291.0,91
3574,Gray Matters,https://www.metacritic.com/movie/gray-matters,,,96
3575,Grazia's Island,https://www.metacritic.com/movie/grazias-island,,,90
3576,Grbavica: The Land of My Dreams,https://www.metacritic.com/movie/grbavica-the-land-of-my-dreams,,,107
3577,Great Directors,https://www.metacritic.com/movie/great-directors,,,90
3578,Great Expectations,https://www.metacritic.com/movie/great-expectations-2013,,920099.0,128
3579,Great World of Sound,https://www.metacritic.com/movie/great-world-of-sound,,,106
3580,Greed,https://www.metacritic.com/movie/greed,,1430982.0,104
3581,Little Otik,https://www.metacritic.com/movie/greedy-guts,,,132
3582,Greedy Lying Bastards,https://www.metacritic.com/movie/greedy-lying-bastards,,,90
3583,Green Book,https://www.metacritic.com/movie/green-book,23000000.0,320029388.0,130
3584,Green Dragon,https://www.metacritic.com/movie/green-dragon,,,115
3585,Green Lantern,https://www.metacritic.com/movie/green-lantern,200000000.0,219535492.0,105
3586,Green Room,https://www.metacritic.com/movie/green-room,5000000.0,3807503.0,95
3587,Green Street Hooligans,https://www.metacritic.com/movie/green-street-hooligans,,4333271.0,109
3588,Green Zone,https://www.metacritic.com/movie/green-zone,100000000.0,97523020.0,115
3589,Greenberg,https://www.metacritic.com/movie/greenberg,,7362982.0,107
3590,Greendale,https://www.metacritic.com/movie/greendale,,,87
3591,Greener Grass,https://www.metacritic.com/movie/greener-grass,,78649.0,95
3592,Greenfingers,https://www.metacritic.com/movie/greenfingers,,,91
3593,Greenland,https://www.metacritic.com/movie/greenland,34000000.0,40610111.0,119
3594,Greetings from Tim Buckley,https://www.metacritic.com/movie/greetings-from-tim-buckley,,,99
3595,Gregory Crewdson: Brief Encounters,https://www.metacritic.com/movie/gregory-crewdson-brief-encounters,,,78
3596,Greta,https://www.metacritic.com/movie/greta,,,98
3597,Gretel & Hansel,https://www.metacritic.com/movie/gretel-hansel,5000000.0,22059211.0,87
3598,Greyhound,https://www.metacritic.com/movie/greyhound,,,91
3599,Gridiron Gang,https://www.metacritic.com/movie/gridiron-gang,30000000.0,41457834.0,125
3600,Griff the Invisible,https://www.metacritic.com/movie/griff-the-invisible,2900000.0,25935.0,90
3601,Grin Without a Cat,https://www.metacritic.com/movie/grin-without-a-cat,,,240
3602,Grind,https://www.metacritic.com/movie/grind,,5119629.0,105
3603,Grindhouse,https://www.metacritic.com/movie/grindhouse,53000000.0,50187789.0,191
3604,Gringo,https://www.metacritic.com/movie/gringo,,11158340.0,111
3605,Grisbi (re-release),https://www.metacritic.com/movie/grisbi,,,94
3606,Grizzly Falls,https://www.metacritic.com/movie/grizzly-falls,,,94
3607,Grizzly II: Revenge (1983),https://www.metacritic.com/movie/grizzly-ii-revenge-1983,,,97
3608,Grizzly Man,https://www.metacritic.com/movie/grizzly-man,,4504451.0,103
3609,Groove,https://www.metacritic.com/movie/groove,500000.0,1167524.0,86
3610,Group,https://www.metacritic.com/movie/group,,,106
3611,Growing Up and Other Lies,https://www.metacritic.com/movie/growing-up-and-other-lies,,,90
3612,Grown Ups,https://www.metacritic.com/movie/grown-ups,75000000.0,272223000.0,102
3613,Grown Ups 2,https://www.metacritic.com/movie/grown-ups-2,80000000.0,247023808.0,101
3614,Grudge Match,https://www.metacritic.com/movie/grudge-match,40000000.0,69817991.0,113
3615,Guardians of the Galaxy,https://www.metacritic.com/movie/guardians-of-the-galaxy,170000000.0,770882395.0,121
3616,Guardians of the Galaxy Vol. 2,https://www.metacritic.com/movie/guardians-of-the-galaxy-vol-2,200000000.0,869113101.0,136
3617,Güeros,https://www.metacritic.com/movie/gueros,,116842.0,106
3618,Guerrilla: The Taking of Patty Hearst,https://www.metacritic.com/movie/guerrilla-the-taking-of-patty-hearst,,,89
3619,Guess Who,https://www.metacritic.com/movie/guess-who,35000000.0,102115888.0,105
3620,Guest of Cindy Sherman,https://www.metacritic.com/movie/guest-of-cindy-sherman,,,88
3621,Guest of Honour,https://www.metacritic.com/movie/guest-of-honour,,1781.0,105
3622,Guidance,https://www.metacritic.com/movie/guidance,,,81
3623,Guilty of Romance,https://www.metacritic.com/movie/guilty-of-romance,,,144
3624,Gulliver's Travels,https://www.metacritic.com/movie/gullivers-travels,112000000.0,232017848.0,85
3625,Gun Hill Road,https://www.metacritic.com/movie/gun-hill-road,,,88
3626,Gun Shy,https://www.metacritic.com/movie/gun-shy,10000000.0,,101
3627,Gunda,https://www.metacritic.com/movie/gunda,,379181.0,93
3628,Gunner Palace,https://www.metacritic.com/movie/gunner-palace,,,85
3629,Gunnin' for That #1 Spot,https://www.metacritic.com/movie/gunnin-for-that-1-spot,,,90
3630,Gunpowder Milkshake,https://www.metacritic.com/movie/gunpowder-milkshake,,859503.0,114
3631,Guns Akimbo,https://www.metacritic.com/movie/guns-akimbo,,847947.0,98
3632,Gut Renovation,https://www.metacritic.com/movie/gut-renovation,,,81
3633,Guy and Madeline on a Park Bench,https://www.metacritic.com/movie/guy-and-madeline-on-a-park-bench,,,82
3634,Guys and Balls,https://www.metacritic.com/movie/guys-and-balls,,,106
3635,Gypsy,https://www.metacritic.com/movie/gypsy,,,100
3636,Gypsy 83,https://www.metacritic.com/movie/gypsy-83,,,94
3637,H is for Happiness,https://www.metacritic.com/movie/h-is-for-happiness,,293266.0,98
3638,Ha-Chaverim Shel Yana,https://www.metacritic.com/movie/ha-chaverim-shel-yana,,,90
3639,Ha-Hesder,https://www.metacritic.com/movie/ha-hesder,,,102
3640,Hacksaw Ridge,https://www.metacritic.com/movie/hacksaw-ridge,40000000.0,169023926.0,139
3641,Hadewijch,https://www.metacritic.com/movie/hadewijch,,,120
3642,Haiku Tunnel,https://www.metacritic.com/movie/haiku-tunnel,,,88
3643,"Hail, Caesar!",https://www.metacritic.com/movie/hail-caesar!,22000000.0,64220196.0,106
3644,Hail Satan?,https://www.metacritic.com/movie/hail-satan,,467295.0,95
3645,Hair High,https://www.metacritic.com/movie/hair-high,,,78
3646,Hair Show,https://www.metacritic.com/movie/hair-show,,,105
3647,HairBrained,https://www.metacritic.com/movie/hairbrained,,,97
3648,Hairspray,https://www.metacritic.com/movie/hairspray,75000000.0,202822861.0,117
3649,Hal,https://www.metacritic.com/movie/hal,,47249.0,90
3650,Hala,https://www.metacritic.com/movie/hala,,,94
3651,"Hale County This Morning, This Evening",https://www.metacritic.com/movie/hale-county-this-morning-this-evening,,,76
3652,Half Brothers,https://www.metacritic.com/movie/half-brothers,,3279241.0,
3653,Half Magic,https://www.metacritic.com/movie/half-magic,,,94
3654,Half Moon,https://www.metacritic.com/movie/half-moon,,,107
3655,Half Nelson,https://www.metacritic.com/movie/half-nelson,700000.0,4911725.0,106
3656,Half of a Yellow Sun,https://www.metacritic.com/movie/half-of-a-yellow-sun,,92399.0,111
3657,Half Past Dead,https://www.metacritic.com/movie/half-past-dead,25000000.0,19233280.0,98
3658,Hall Pass,https://www.metacritic.com/movie/hall-pass,68000000.0,87173475.0,
3659,Halloween (2007),https://www.metacritic.com/movie/halloween-2007,,,109
3660,Halloween,https://www.metacritic.com/movie/halloween-2018,10000000.0,255416089.0,106
3661,Halloween II (2009),https://www.metacritic.com/movie/halloween-ii-2009,,,105
3662,Halloween Kills,https://www.metacritic.com/movie/halloween-kills,20000000.0,130854215.0,105
3663,Halloween: Resurrection,https://www.metacritic.com/movie/halloween-resurrection,15000000.0,37659652.0,94
3664,Halston,https://www.metacritic.com/movie/halston,,188751.0,105
3665,Ham on Rye,https://www.metacritic.com/movie/ham-on-rye,,,85
3666,Hamilton,https://www.metacritic.com/movie/hamilton-2020,,,160
3667,Hamlet 2,https://www.metacritic.com/movie/hamlet-2,9000000.0,4934104.0,92
3668,Hamlet,https://www.metacritic.com/movie/hamlet-2000,2000000.0,2419669.0,112
3669,Hammer,https://www.metacritic.com/movie/hammer,,,82
3670,Hampstead,https://www.metacritic.com/movie/hampstead,,6223958.0,102
3671,Hancock,https://www.metacritic.com/movie/hancock,150000000.0,624234272.0,92
3672,Hands of Stone,https://www.metacritic.com/movie/hands-of-stone,20000000.0,5031975.0,111
3673,Handsome Harry,https://www.metacritic.com/movie/handsome-harry,,,94
3674,Hanging Up,https://www.metacritic.com/movie/hanging-up,40000000.0,51867723.0,94
3675,Hangman,https://www.metacritic.com/movie/hangman,,104503.0,98
3676,Hank and Asha,https://www.metacritic.com/movie/hank-and-asha,,,73
3677,Hanna,https://www.metacritic.com/movie/hanna,30000000.0,65343694.0,
3678,Hannah,https://www.metacritic.com/movie/hannah,,136485.0,95
3679,Hannah Arendt,https://www.metacritic.com/movie/hannah-arendt,,7219785.0,113
3680,Hannah Montana & Miley Cyrus: Best of Both Worlds Concert,https://www.metacritic.com/movie/hannah-montana-miley-cyrus-best-of-both-worlds-concert,,,74
3681,Hannah Montana: The Movie,https://www.metacritic.com/movie/hannah-montana-the-movie,30000000.0,169173206.0,102
3682,Hannah Takes the Stairs,https://www.metacritic.com/movie/hannah-takes-the-stairs,,,83
3683,Hannibal,https://www.metacritic.com/movie/hannibal,87000000.0,350100280.0,131
3684,Hannibal Rising,https://www.metacritic.com/movie/hannibal-rising,50000000.0,80583311.0,121
3685,Hansel and Gretel: Witch Hunters,https://www.metacritic.com/movie/hansel-and-gretel-witch-hunters,,,88
3686,Happenstance,https://www.metacritic.com/movie/happenstance,,,90
3687,Happiest Season,https://www.metacritic.com/movie/happiest-season,,2113583.0,102
3688,Happily,https://www.metacritic.com/movie/happily,,,96
3689,Happily N'Ever After,https://www.metacritic.com/movie/happily-never-after,47000000.0,37923818.0,87
3690,Happiness Runs,https://www.metacritic.com/movie/happiness-runs,,,88
3691,Happy Accidents,https://www.metacritic.com/movie/happy-accidents,,731212.0,110
3692,Happy as Lazzaro,https://www.metacritic.com/movie/happy-as-lazzaro,,,125
3693,Happy Christmas,https://www.metacritic.com/movie/happy-christmas,70000.0,,88
3694,Happy Death Day,https://www.metacritic.com/movie/happy-death-day,5000000.0,125010260.0,96
3695,Happy Death Day 2U,https://www.metacritic.com/movie/happy-death-day-2u,9000000.0,64686515.0,100
3696,Happy End,https://www.metacritic.com/movie/happy-end,,2308357.0,107
3697,Happy Endings,https://www.metacritic.com/movie/happy-endings,,1448701.0,128
3698,Happy Feet,https://www.metacritic.com/movie/happy-feet,85000000.0,385000317.0,108
3699,Happy Feet Two,https://www.metacritic.com/movie/happy-feet-two,135000000.0,157956466.0,117
3700,Happy-Go-Lucky,https://www.metacritic.com/movie/happy-go-lucky,,21234179.0,118
3701,"Happy, Happy",https://www.metacritic.com/movie/happy-happy,,,85
3702,Happy Here and Now,https://www.metacritic.com/movie/happy-here-and-now,,,89
3703,Happy Hour,https://www.metacritic.com/movie/happy-hour,,,
3704,Happy People: A Year in the Taiga,https://www.metacritic.com/movie/happy-people-a-year-in-the-taiga,,,90
3705,Happy Tears,https://www.metacritic.com/movie/happy-tears,,,95
3706,Happy Times,https://www.metacritic.com/movie/happy-times,,,102
3707,Happy Valley,https://www.metacritic.com/movie/happy-valley,,,98
3708,Happythankyoumoreplease,https://www.metacritic.com/movie/happythankyoumoreplease,,951016.0,100
3709,Hara-Kiri: Death of a Samurai,https://www.metacritic.com/movie/hara-kiri-death-of-a-samurai,,,126
3710,Hard Ball,https://www.metacritic.com/movie/hard-ball,21000000.0,43728560.0,106
3711,Hard Candy,https://www.metacritic.com/movie/hard-candy,950000.0,8267066.0,104
3712,Hard Goodbyes: My Father,https://www.metacritic.com/movie/hard-goodbyes-my-father,,,113
3713,Hard Luck Love Song,https://www.metacritic.com/movie/hard-luck-love-song,,,104
3714,Hard to Be a God,https://www.metacritic.com/movie/hard-to-be-a-god,,,170
3715,Hardcore Henry,https://www.metacritic.com/movie/hardcore-henry,2000000.0,17187434.0,96
3716,Harlan: In the Shadow of Jew Suess,https://www.metacritic.com/movie/harlan-in-the-shadow-of-jew-suess,,,99
3717,Harmonium,https://www.metacritic.com/movie/harmonium,,,120
3718,Harmontown,https://www.metacritic.com/movie/harmontown,,,101
3719,Harmony and Me,https://www.metacritic.com/movie/harmony-and-me,,,75
3720,Harold and Lillian: A Hollywood Love Story,https://www.metacritic.com/movie/harold-and-lillian-a-hollywood-love-story,,,94
3721,Harold & Kumar Escape from Guantanamo Bay,https://www.metacritic.com/movie/harold-kumar-escape-from-guantanamo-bay,12000000.0,43353117.0,114
3722,Harold & Kumar Go to White Castle,https://www.metacritic.com/movie/harold-kumar-go-to-white-castle,9000000.0,19474552.0,88
3723,Harriet,https://www.metacritic.com/movie/harriet,17000000.0,43248374.0,125
3724,Harrison's Flowers,https://www.metacritic.com/movie/harrisons-flowers,,,121
3725,Harry + Max,https://www.metacritic.com/movie/harry-+-max,,,
3726,Harry Benson: Shoot First,https://www.metacritic.com/movie/harry-benson-shoot-first,,,87
3727,Harry Brown,https://www.metacritic.com/movie/harry-brown,7300000.0,12023606.0,103
3728,Harry Dean Stanton: Partly Fiction,https://www.metacritic.com/movie/harry-dean-stanton-partly-fiction,,,77
3729,Harry Is Here to Help,https://www.metacritic.com/movie/harry-is-here-to-help,,,117
3730,Harry Potter and the Chamber of Secrets,https://www.metacritic.com/movie/harry-potter-and-the-chamber-of-secrets,100000000.0,875454054.0,161
3731,Harry Potter and the Deathly Hallows: Part 2,https://www.metacritic.com/movie/harry-potter-and-the-deathly-hallows-part-2,,,130
3732,Harry Potter and the Deathly Hallows: Part I,https://www.metacritic.com/movie/harry-potter-and-the-deathly-hallows-part-i,125000000.0,952601389.0,146
3733,Harry Potter and the Goblet of Fire,https://www.metacritic.com/movie/harry-potter-and-the-goblet-of-fire,150000000.0,886746240.0,157
3734,Harry Potter and the Half-Blood Prince,https://www.metacritic.com/movie/harry-potter-and-the-half-blood-prince,250000000.0,929411069.0,153
3735,Harry Potter and the Order of the Phoenix,https://www.metacritic.com/movie/harry-potter-and-the-order-of-the-phoenix,150000000.0,939619849.0,138
3736,Harry Potter and the Prisoner of Azkaban,https://www.metacritic.com/movie/harry-potter-and-the-prisoner-of-azkaban,130000000.0,789592708.0,141
3737,Harry Potter and the Sorcerer's Stone,https://www.metacritic.com/movie/harry-potter-and-the-sorcerers-stone,125000000.0,965054122.0,152
3738,Harsh Times,https://www.metacritic.com/movie/harsh-times,2000000.0,6225304.0,116
3739,Hart's War,https://www.metacritic.com/movie/harts-war,70000000.0,33076815.0,125
3740,Harvard Beats Yale 29-29,https://www.metacritic.com/movie/harvard-beats-yale-29-29,,,105
3741,Harvard Man,https://www.metacritic.com/movie/harvard-man,5500000.0,,99
3742,Harvest of Empire,https://www.metacritic.com/movie/harvest-of-empire,,,90
3743,Hatchet,https://www.metacritic.com/movie/hatchet,1500000.0,240396.0,85
3744,Hatchet II,https://www.metacritic.com/movie/hatchet-ii,,,89
3745,Hatchet III,https://www.metacritic.com/movie/hatchet-iii,,,
3746,Hate Crime,https://www.metacritic.com/movie/hate-crime,,,103
3747,Hateship Loveship,https://www.metacritic.com/movie/hateship-loveship,,,104
3748,Haunt,https://www.metacritic.com/movie/haunt,,2648068.0,86
3749,Haunter,https://www.metacritic.com/movie/haunter,,144420.0,97
3750,The Haunting in Connecticut,https://www.metacritic.com/movie/hauntinginconnecticut,,78758522.0,92
3751,Haute Cuisine,https://www.metacritic.com/movie/haute-cuisine,,,95
3752,Hava Nagila: The Movie,https://www.metacritic.com/movie/hava-nagila-the-movie,,,75
3753,Have a Good Trip: Adventures in Psychedelics,https://www.metacritic.com/movie/have-a-good-trip-adventures-in-psychedelics,,,85
3754,Have a Nice Day,https://www.metacritic.com/movie/have-a-nice-day,,,77
3755,Haven,https://www.metacritic.com/movie/haven,,,115
3756,Haywire,https://www.metacritic.com/movie/haywire,23000000.0,36374700.0,93
3757,He liu,https://www.metacritic.com/movie/he-liu,,,115
3758,He Loves Me... He Loves Me Not,https://www.metacritic.com/movie/he-loves-me-he-loves-me-not,,,92
3759,He Named Me Malala,https://www.metacritic.com/movie/he-named-me-malala,,4334216.0,88
3760,Head Games,https://www.metacritic.com/movie/head-games,,,
3761,Head in the Clouds,https://www.metacritic.com/movie/head-in-the-clouds,,3356253.0,132
3762,Head of State,https://www.metacritic.com/movie/head-of-state,35200000.0,38283765.0,95
3763,Head-On,https://www.metacritic.com/movie/head-on,,,121
3764,Head Over Heels,https://www.metacritic.com/movie/head-over-heels,14000000.0,,86
3765,Headhunters,https://www.metacritic.com/movie/headhunters-2012,,,100
3766,Heading South,https://www.metacritic.com/movie/heading-south,,,108
3767,Headshot,https://www.metacritic.com/movie/headshot-2017,,49783.0,118
3768,Heal the Living,https://www.metacritic.com/movie/heal-the-living,,,103
3769,Heart of a Dog,https://www.metacritic.com/movie/heart-of-a-dog,,450422.0,75
3770,Heartbeat Detector,https://www.metacritic.com/movie/heartbeat-detector,,,143
3771,Heartbeats,https://www.metacritic.com/movie/heartbeats,,,
3772,Heartbreak Hospital,https://www.metacritic.com/movie/heartbreak-hospital,,,91
3773,Heartbreaker,https://www.metacritic.com/movie/heartbreaker,,,105
3774,Heartbreakers,https://www.metacritic.com/movie/heartbreakers,38000000.0,57753825.0,123
3775,Heartless,https://www.metacritic.com/movie/heartless,,20435.0,114
3776,Hearts and Bones,https://www.metacritic.com/movie/hearts-and-bones,,96750.0,111
3777,Hearts and Minds (re-release),https://www.metacritic.com/movie/hearts-and-minds-re-release,,,112
3778,Hearts Beat Loud,https://www.metacritic.com/movie/hearts-beat-loud,2000000.0,2469510.0,97
3779,Hearts in Atlantis,https://www.metacritic.com/movie/hearts-in-atlantis,31000000.0,30885781.0,101
3780,Heaven,https://www.metacritic.com/movie/heaven,,,97
3781,Heaven Is for Real,https://www.metacritic.com/movie/heaven-is-for-real,12000000.0,100913556.0,99
3782,Heaven Knows What,https://www.metacritic.com/movie/heaven-knows-what,,83995.0,94
3783,Heavy Trip,https://www.metacritic.com/movie/heavy-trip,,,92
3784,Hector and the Search for Happiness,https://www.metacritic.com/movie/hector-and-the-search-for-happiness,,2918799.0,114
3785,Hedwig and the Angry Inch,https://www.metacritic.com/movie/hedwig-and-the-angry-inch,6000000.0,3740030.0,95
3786,Heights,https://www.metacritic.com/movie/heights,,1168405.0,93
3787,Heimat is a Space in Time,https://www.metacritic.com/movie/heimat-is-a-space-in-time,,,218
3788,Heist,https://www.metacritic.com/movie/heist,35000000.0,28906817.0,109
3789,Heist,https://www.metacritic.com/movie/heist-2015,8900000.0,3324131.0,93
3790,Held,https://www.metacritic.com/movie/held,,,93
3791,Held Up,https://www.metacritic.com/movie/held-up,8000000.0,,89
3792,Heleno,https://www.metacritic.com/movie/heleno,,2126384.0,116
3793,Heli,https://www.metacritic.com/movie/heli,,,105
3794,Hell and Back Again,https://www.metacritic.com/movie/hell-and-back-again,,152298.0,88
3795,Hell Baby,https://www.metacritic.com/movie/hell-baby,,,98
3796,Hell Fest,https://www.metacritic.com/movie/hell-fest,5500000.0,18294883.0,89
3797,Hell House,https://www.metacritic.com/movie/hell-house,,,85
3798,Hell or High Water,https://www.metacritic.com/movie/hell-or-high-water,12000000.0,37566117.0,102
3799,Hell Ride,https://www.metacritic.com/movie/hell-ride,,,84
3800,Hellaware,https://www.metacritic.com/movie/hellaware,,,73
3801,HellBent,https://www.metacritic.com/movie/hellbent,,,85
3802,Hellboy,https://www.metacritic.com/movie/hellboy,60000000.0,99823958.0,122
3803,Hellboy,https://www.metacritic.com/movie/hellboy-2019,50000000.0,53956480.0,120
3804,Hellboy II: The Golden Army,https://www.metacritic.com/movie/hellboy-ii-the-golden-army,82500000.0,160388063.0,120
3805,Hellion,https://www.metacritic.com/movie/hellion,,,94
3806,Hellions,https://www.metacritic.com/movie/hellions,,,80
3807,Hello I Must Be Going,https://www.metacritic.com/movie/hello-i-must-be-going,,,
3808,Hello Lonesome,https://www.metacritic.com/movie/hello-lonesome,,,91
3809,"Hello, My Name Is Doris",https://www.metacritic.com/movie/hello-my-name-is-doris,1000000.0,14662703.0,95
3810,Helmut Newton: The Bad and the Beautiful,https://www.metacritic.com/movie/helmut-newton-the-bad-and-the-beautiful,,143321.0,89
3811,Hemingway's Garden of Eden,https://www.metacritic.com/movie/hemingways-garden-of-eden,,,
3812,Henri Cartier-Bresson: The Impassioned Eye,https://www.metacritic.com/movie/henri-cartier-bresson-the-impassioned-eye,,,72
3813,Henri Langlois: The Phantom of the Cinematheque,https://www.metacritic.com/movie/henri-langlois-the-phantom-of-the-cinematheque,,,128
3814,Henry Poole Is Here,https://www.metacritic.com/movie/henry-poole-is-here,,1852777.0,99
3815,Henry's Crime,https://www.metacritic.com/movie/henrys-crime,,,108
3816,Her,https://www.metacritic.com/movie/her,23000000.0,48043998.0,126
3817,Her Smell,https://www.metacritic.com/movie/her-smell,,260480.0,134
3818,Herb & Dorothy,https://www.metacritic.com/movie/herb-dorothy,,,87
3819,Herb & Dorothy 50X50,https://www.metacritic.com/movie/herb-dorothy-50x50,,,87
3820,Herbie Fully Loaded,https://www.metacritic.com/movie/herbie-fully-loaded,50000000.0,144110682.0,101
3821,Herbie Hancock: Possibilities,https://www.metacritic.com/movie/herbie-hancock-possibilities,,,90
3822,Hercules,https://www.metacritic.com/movie/hercules,100000000.0,243388614.0,98
3823,Here,https://www.metacritic.com/movie/here,,,126
3824,Here and Now,https://www.metacritic.com/movie/here-and-now,,24896.0,91
3825,Here and There,https://www.metacritic.com/movie/here-and-there,,,85
3826,Here Comes the Boom,https://www.metacritic.com/movie/here-comes-the-boom,42000000.0,73239258.0,105
3827,Here Comes the Devil,https://www.metacritic.com/movie/here-comes-the-devil,,,97
3828,Here on Earth,https://www.metacritic.com/movie/here-on-earth,15000000.0,10845127.0,96
3829,Here Today,https://www.metacritic.com/movie/here-today,,2847107.0,
3830,Hereafter,https://www.metacritic.com/movie/hereafter,50000000.0,108660270.0,129
3831,Hereditary,https://www.metacritic.com/movie/hereditary,10000000.0,81263489.0,127
3832,Herman's House,https://www.metacritic.com/movie/hermans-house,,,80
3833,Hermia & Helena,https://www.metacritic.com/movie/hermia-helena,,44136.0,87
3834,Hero,https://www.metacritic.com/movie/hero,,,99
3835,Herod's Law,https://www.metacritic.com/movie/herods-law,,,120
3836,Herself,https://www.metacritic.com/movie/herself,,868624.0,97
3837,He's All That,https://www.metacritic.com/movie/hes-all-that,,,88
3838,He's Just Not That Into You,https://www.metacritic.com/movie/hes-just-not-that-into-you,40000000.0,181053657.0,129
3839,Hesher,https://www.metacritic.com/movie/hesher,7000000.0,,100
3840,Hey Arnold! The Movie,https://www.metacritic.com/movie/hey-arnold!-the-movie,10000000.0,,76
3841,Hey Bartender,https://www.metacritic.com/movie/hey-bartender,,,92
3842,"Hey, Boo: Harper Lee and 'To Kill a Mockingbird'",https://www.metacritic.com/movie/hey-boo-harper-lee-and-to-kill-a-mockingbird,,,82
3843,"Hey, Happy!",https://www.metacritic.com/movie/hey-happy!,,,75
3844,Hick,https://www.metacritic.com/movie/hick,,,95
3845,Hidalgo,https://www.metacritic.com/movie/hidalgo,78000000.0,108086731.0,136
3846,Hidden Figures,https://www.metacritic.com/movie/hidden-figures,25000000.0,231771716.0,127
3847,Hidden in Plain Sight,https://www.metacritic.com/movie/hidden-in-plain-sight,,,90
3848,Hide and Seek,https://www.metacritic.com/movie/hide-and-seek,25000000.0,123696741.0,101
3849,Hide Away,https://www.metacritic.com/movie/hide-away,,,88
3850,Hide Your Smiling Faces,https://www.metacritic.com/movie/hide-your-smiling-faces,,,81
3851,Hideaway (Le refuge),https://www.metacritic.com/movie/hideaway-le-refuge,,,88
3852,Hiding and Seeking: Faith and Tolerance After the Holocaust,https://www.metacritic.com/movie/hiding-and-seeking-faith-and-tolerance-after-the-holocaust,,,
3853,"Hieronymus Bosch, Touched by the Devil",https://www.metacritic.com/movie/hieronymus-bosch-touched-by-the-devil,,,86
3854,High Crimes,https://www.metacritic.com/movie/high-crimes,42000000.0,63781100.0,115
3855,High Fidelity,https://www.metacritic.com/movie/high-fidelity,20000000.0,47881663.0,113
3856,High Flying Bird,https://www.metacritic.com/movie/high-flying-bird,,,90
3857,High Heels and Low Lifes,https://www.metacritic.com/movie/high-heels-and-low-lifes,10000000.0,2151098.0,86
3858,High Life,https://www.metacritic.com/movie/high-life,,2028086.0,113
3859,High-Rise,https://www.metacritic.com/movie/high-rise-2015,,5380071.0,119
3860,High School,https://www.metacritic.com/movie/high-school,10000000.0,248133.0,99
3861,High School Musical 3: Senior Year,https://www.metacritic.com/movie/high-school-musical-3-senior-year,11000000.0,274392880.0,112
3862,High Tension,https://www.metacritic.com/movie/high-tension,2850000.0,6435262.0,91
3863,Higher Ground,https://www.metacritic.com/movie/higher-ground,1800000.0,842693.0,109
3864,Highlander: Endgame,https://www.metacritic.com/movie/highlander-endgame,15000000.0,,87
3865,Highway Courtesans,https://www.metacritic.com/movie/highway-courtesans,,,71
3866,"Hijacking Catastrophe: 9/11, Fear & the Selling of American Empire",https://www.metacritic.com/movie/hijacking-catastrophe-911-fear-the-selling-of-american-empire,,,68
3867,Hill of Freedom,https://www.metacritic.com/movie/hill-of-freedom,,,66
3868,Hillary's America: The Secret History of the Democratic Party,https://www.metacritic.com/movie/hillarys-america-the-secret-history-of-the-democratic-party,5000000.0,,106
3869,Hillbilly Elegy,https://www.metacritic.com/movie/hillbilly-elegy,45000000.0,38852.0,116
3870,Himalaya,https://www.metacritic.com/movie/himalaya,,,108
3871,Himizu,https://www.metacritic.com/movie/himizu,,10390.0,129
3872,Hippocrates: Diary of a French Doctor,https://www.metacritic.com/movie/hippocrates-diary-of-a-french-doctor,,,102
3873,Hipsters,https://www.metacritic.com/movie/hipsters,,,125
3874,His House,https://www.metacritic.com/movie/his-house,,,93
3875,History Lessons,https://www.metacritic.com/movie/history-lessons,,,65
3876,Hit and Run,https://www.metacritic.com/movie/hit-and-run,,,100
3877,Hit and Runway,https://www.metacritic.com/movie/hit-and-runway,,,108
3878,Hit by Lightning,https://www.metacritic.com/movie/hit-by-lightning,,,89
3879,Hit So Hard,https://www.metacritic.com/movie/hit-so-hard,,,103
3880,Hitch,https://www.metacritic.com/movie/hitch,55000000.0,366784257.0,118
3881,Hitchcock,https://www.metacritic.com/movie/hitchcock,,24742844.0,98
3882,Hitchcock/Truffaut,https://www.metacritic.com/movie/hitchcocktruffaut,,657031.0,79
3883,Hitler's Children,https://www.metacritic.com/movie/hitlers-children,,,59
3884,Hitler's Hollywood,https://www.metacritic.com/movie/hitlers-hollywood,,,105
3885,Hitman,https://www.metacritic.com/movie/hitman,24000000.0,99135571.0,100
3886,Hitman: Agent 47,https://www.metacritic.com/movie/hitman-agent-47,35000000.0,82182803.0,96
3887,Hits,https://www.metacritic.com/movie/hits,1000000.0,,96
3888,Hive,https://www.metacritic.com/movie/hive,,69974.0,84
3889,Hobo with a Shotgun,https://www.metacritic.com/movie/hobo-with-a-shotgun,3000000.0,834953.0,86
3890,Hockney,https://www.metacritic.com/movie/hockney,,231717.0,112
3891,Hold the Dark,https://www.metacritic.com/movie/hold-the-dark,,,125
3892,Holes,https://www.metacritic.com/movie/holes,20000000.0,71232214.0,117
3893,Holidate,https://www.metacritic.com/movie/holidate,,,104
3894,Holiday,https://www.metacritic.com/movie/holiday-2018,,,93
3895,Holidays,https://www.metacritic.com/movie/holidays,,51392.0,105
3896,Holler,https://www.metacritic.com/movie/holler,,,90
3897,Hollow Man,https://www.metacritic.com/movie/hollow-man,90000000.0,191200000.0,112
3898,Holly,https://www.metacritic.com/movie/holly,3000000.0,,114
3899,Hollywood Buddha,https://www.metacritic.com/movie/hollywood-buddha,,,99
3900,Hollywood Dreams,https://www.metacritic.com/movie/hollywood-dreams,,,100
3901,Hollywood Ending,https://www.metacritic.com/movie/hollywood-ending,16000000.0,14839383.0,112
3902,Hollywood Homicide,https://www.metacritic.com/movie/hollywood-homicide,75000000.0,50409753.0,116
3903,Hollywoodland,https://www.metacritic.com/movie/hollywoodland,,16826251.0,126
3904,Holmes & Watson,https://www.metacritic.com/movie/holmes-watson,42000000.0,41926605.0,90
3905,Holy Hell,https://www.metacritic.com/movie/holy-hell,,,100
3906,Holy Motors,https://www.metacritic.com/movie/holy-motors,4000000.0,4230426.0,115
3907,Holy Rollers,https://www.metacritic.com/movie/holy-rollers,,,89
3908,Home,https://www.metacritic.com/movie/home,500000.0,44793168.0,98
3909,Home,https://www.metacritic.com/movie/home-2015,130000000.0,385997896.0,94
3910,Home Again,https://www.metacritic.com/movie/home-again,15000000.0,37336874.0,97
3911,Home Movie,https://www.metacritic.com/movie/home-movie,,,66
3912,Home of the Brave,https://www.metacritic.com/movie/home-of-the-brave,,,106
3913,Home of the Brave,https://www.metacritic.com/movie/home-of-the-brave-2004,,,75
3914,Home on the Range,https://www.metacritic.com/movie/home-on-the-range,110000000.0,76482461.0,76
3915,Home Room,https://www.metacritic.com/movie/home-room,,,133
3916,Home Sweet Hell,https://www.metacritic.com/movie/home-sweet-hell,,,98
3917,Home Sweet Home Alone,https://www.metacritic.com/movie/home-sweet-home-alone,,,
3918,Homefront,https://www.metacritic.com/movie/homefront,22000000.0,51695362.0,100
3919,Homeroom,https://www.metacritic.com/movie/homeroom,,,90
3920,Honest Thief,https://www.metacritic.com/movie/honest-thief,,26744538.0,99
3921,Honey,https://www.metacritic.com/movie/honey,18000000.0,62646763.0,94
3922,Honey,https://www.metacritic.com/movie/honey-2014,,,96
3923,Honey Boy,https://www.metacritic.com/movie/honey-boy,3500000.0,3415542.0,94
3924,Honeydew,https://www.metacritic.com/movie/honeydew,,,106
3925,Honeydripper,https://www.metacritic.com/movie/honeydripper,,,124
3926,Honeyglue,https://www.metacritic.com/movie/honeyglue,,,107
3927,Honeyland,https://www.metacritic.com/movie/honeyland,,1253169.0,90
3928,Honeymoon,https://www.metacritic.com/movie/honeymoon,,,87
3929,Honour,https://www.metacritic.com/movie/honour,,,104
3930,Hoodwinked!,https://www.metacritic.com/movie/hoodwinked!,,,80
3931,Hoodwinked Too! Hood VS. Evil,https://www.metacritic.com/movie/hoodwinked-too!-hood-vs-evil,30000000.0,23353111.0,91
3932,Hooking Up,https://www.metacritic.com/movie/hooking-up,,,104
3933,Hooligan Sparrow,https://www.metacritic.com/movie/hooligan-sparrow,,,84
3934,Hoot,https://www.metacritic.com/movie/hoot,15000000.0,8224998.0,91
3935,Hop,https://www.metacritic.com/movie/hop,63000000.0,188494082.0,90
3936,Hope,https://www.metacritic.com/movie/hope,,,130
3937,Hope Gap,https://www.metacritic.com/movie/hope-gap,,1373758.0,100
3938,Hope Springs,https://www.metacritic.com/movie/hope-springs,30000000.0,133085295.0,100
3939,Horns,https://www.metacritic.com/movie/horns,,250398.0,120
3940,Horns and Halos,https://www.metacritic.com/movie/horns-and-halos,,,90
3941,Horrible Bosses,https://www.metacritic.com/movie/horrible-bosses,35000000.0,212417601.0,98
3942,Horrible Bosses 2,https://www.metacritic.com/movie/horrible-bosses-2,40000000.0,105945357.0,108
3943,#Horror,https://www.metacritic.com/movie/horror,1500000.0,,101
3944,Hors Satan (Outside Satan),https://www.metacritic.com/movie/hors-satan-outside-satan,,,110
3945,Horse Girl,https://www.metacritic.com/movie/horse-girl,,,104
3946,Horse Money,https://www.metacritic.com/movie/horse-money,,,103
3947,Horses of God,https://www.metacritic.com/movie/horses-of-god,,,115
3948,Horton Hears a Who!,https://www.metacritic.com/movie/horton-hears-a-who!,85000000.0,299477886.0,86
3949,Host,https://www.metacritic.com/movie/host,,,56
3950,Hostage,https://www.metacritic.com/movie/hostage,75000000.0,77636443.0,113
3951,Hostel,https://www.metacritic.com/movie/hostel,4800000.0,82241110.0,94
3952,Hostel: Part II,https://www.metacritic.com/movie/hostel-part-ii,7500000.0,33606409.0,93
3953,Hostiles,https://www.metacritic.com/movie/hostiles,50000000.0,36976336.0,134
3954,Hot Fuzz,https://www.metacritic.com/movie/hot-fuzz,16000000.0,81742618.0,121
3955,Hot Pursuit,https://www.metacritic.com/movie/hot-pursuit,35000000.0,45671512.0,87
3956,Hot Rod,https://www.metacritic.com/movie/hot-rod,25000000.0,14371564.0,88
3957,Hot Summer Nights,https://www.metacritic.com/movie/hot-summer-nights,,,107
3958,Hot Tub Time Machine,https://www.metacritic.com/movie/hot-tub-time-machine,36000000.0,65967750.0,99
3959,Hot Tub Time Machine 2,https://www.metacritic.com/movie/hot-tub-time-machine-2,14000000.0,12826644.0,93
3960,Hotel,https://www.metacritic.com/movie/hotel,,,93
3961,Hotel Artemis,https://www.metacritic.com/movie/hotel-artemis,15000000.0,13316627.0,94
3962,Hotel by the River,https://www.metacritic.com/movie/hotel-by-the-river,,,96
3963,Hotel for Dogs,https://www.metacritic.com/movie/hotel-for-dogs,35000000.0,122357172.0,100
3964,Hotel Mumbai,https://www.metacritic.com/movie/hotel-mumbai,17300000.0,21132855.0,123
3965,Hotel Noir,https://www.metacritic.com/movie/hotel-noir,,,
3966,Hotel Rwanda,https://www.metacritic.com/movie/hotel-rwanda,17500000.0,36520451.0,121
3967,Hotel Transylvania,https://www.metacritic.com/movie/hotel-transylvania,85000000.0,378223189.0,91
3968,Hotel Transylvania 2,https://www.metacritic.com/movie/hotel-transylvania-2,80000000.0,469831205.0,89
3969,Hotel Transylvania 3: Summer Vacation,https://www.metacritic.com/movie/hotel-transylvania-3-summer-vacation,65000000.0,527848903.0,97
3970,Hounddog,https://www.metacritic.com/movie/hounddog,,,102
3971,Hounds of Love,https://www.metacritic.com/movie/hounds-of-love,,245909.0,108
3972,Hours,https://www.metacritic.com/movie/hours,,1722399.0,97
3973,House at the End of the Street,https://www.metacritic.com/movie/house-at-the-end-of-the-street,6900000.0,44103982.0,101
3974,House of 1000 Corpses,https://www.metacritic.com/movie/house-of-1000-corpses,7000000.0,17005466.0,89
3975,House of Boys,https://www.metacritic.com/movie/house-of-boys,,,117
3976,House of Cardin,https://www.metacritic.com/movie/house-of-cardin,,58978.0,95
3977,House of D,https://www.metacritic.com/movie/house-of-d,2000000.0,466106.0,97
3978,House of Flying Daggers,https://www.metacritic.com/movie/house-of-flying-daggers,12000000.0,92863945.0,119
3979,House of Fools,https://www.metacritic.com/movie/house-of-fools,,,104
3980,House of Gucci,https://www.metacritic.com/movie/house-of-gucci,75000000.0,151331803.0,157
3981,House of Hummingbird,https://www.metacritic.com/movie/house-of-hummingbird,,,138
3982,House of Pleasures,https://www.metacritic.com/movie/house-of-pleasures,,,122
3983,House of Sand,https://www.metacritic.com/movie/house-of-sand,,,115
3984,House of Sand and Fog,https://www.metacritic.com/movie/house-of-sand-and-fog,16500000.0,16154786.0,126
3985,House of the Dead,https://www.metacritic.com/movie/house-of-the-dead,7000000.0,13860078.0,90
3986,House of the Sleeping Beauties,https://www.metacritic.com/movie/house-of-the-sleeping-beauties,,,99
3987,House of Wax,https://www.metacritic.com/movie/house-of-wax,35000000.0,70064800.0,113
3988,Housebound,https://www.metacritic.com/movie/housebound,1500000.0,236863.0,107
3989,How About You ...,https://www.metacritic.com/movie/how-about-you-,,,100
3990,How Do You Know,https://www.metacritic.com/movie/how-do-you-know,120000000.0,49628177.0,121
3991,How He Fell in Love,https://www.metacritic.com/movie/how-he-fell-in-love,,,107
3992,How High,https://www.metacritic.com/movie/how-high,12000000.0,31222395.0,93
3993,How I Killed My Father,https://www.metacritic.com/movie/how-i-killed-my-father,,,98
3994,How I Live Now,https://www.metacritic.com/movie/how-i-live-now,,1131859.0,101
3995,How It Ends,https://www.metacritic.com/movie/how-it-ends-2021,,,82
3996,"How Much Does Your Building Weigh, Mr Foster?",https://www.metacritic.com/movie/how-much-does-your-building-weigh-mr-foster,,303223.0,78
3997,How She Move,https://www.metacritic.com/movie/how-she-move,17000000.0,8607815.0,94
3998,How the Grinch Stole Christmas,https://www.metacritic.com/movie/how-the-grinch-stole-christmas,123000000.0,345445403.0,104
3999,How to Be a Latin Lover,https://www.metacritic.com/movie/how-to-be-a-latin-lover,10000000.0,62556228.0,115
4000,How to Be Single,https://www.metacritic.com/movie/how-to-be-single,37000000.0,100003780.0,110
4001,How to Build a Girl,https://www.metacritic.com/movie/how-to-build-a-girl,,,102
4002,How to Change the World,https://www.metacritic.com/movie/how-to-change-the-world,,148518.0,110
4003,How to Deal,https://www.metacritic.com/movie/how-to-deal,16000000.0,14125516.0,101
4004,How to Draw a Bunny,https://www.metacritic.com/movie/how-to-draw-a-bunny,,,90
4005,How to Eat Fried Worms,https://www.metacritic.com/movie/how-to-eat-fried-worms,,13098996.0,98
4006,How to Eat Your Watermelon in White Company (and Enjoy It),https://www.metacritic.com/movie/how-to-eat-your-watermelon-in-white-company-and-enjoy-it,,,85
4007,How to Kill Your Neighbor's Dog,https://www.metacritic.com/movie/how-to-kill-your-neighbors-dog,,,107
4008,How to Live Forever,https://www.metacritic.com/movie/how-to-live-forever,,,92
4009,How to Lose a Guy in 10 Days,https://www.metacritic.com/movie/how-to-lose-a-guy-in-10-days,50000000.0,178503788.0,116
4010,How to Lose Friends & Alienate People,https://www.metacritic.com/movie/how-to-lose-friends-alienate-people,28000000.0,12031443.0,110
4011,How to Make Money Selling Drugs,https://www.metacritic.com/movie/how-to-make-money-selling-drugs,,,96
4012,How to Survive a Plague,https://www.metacritic.com/movie/how-to-survive-a-plague,,133389.0,120
4013,How to Talk to Girls at Parties,https://www.metacritic.com/movie/how-to-talk-to-girls-at-parties,,382106.0,102
4014,How to Train Your Dragon,https://www.metacritic.com/movie/how-to-train-your-dragon,165000000.0,494870992.0,98
4015,How to Train Your Dragon 2,https://www.metacritic.com/movie/how-to-train-your-dragon-2,145000000.0,614586270.0,102
4016,How to Train Your Dragon: The Hidden World,https://www.metacritic.com/movie/how-to-train-your-dragon-the-hidden-world,129000000.0,522747474.0,104
4017,Howard,https://www.metacritic.com/movie/howard,,,94
4018,Howard Zinn: You Can't Be Neutral on a Moving Train,https://www.metacritic.com/movie/howard-zinn-you-cant-be-neutral-on-a-moving-train,,,78
4019,Howl,https://www.metacritic.com/movie/howl,,,90
4020,Howl's Moving Castle,https://www.metacritic.com/movie/howls-moving-castle,,,119
4021,Hubie Halloween,https://www.metacritic.com/movie/hubie-halloween,,,102
4022,"Hugh Hefner: Playboy, Activist and Rebel",https://www.metacritic.com/movie/hugh-hefner-playboy-activist-and-rebel,,,124
4023,Hugo,https://www.metacritic.com/movie/hugo,180000000.0,180047784.0,127
4024,Hukkle,https://www.metacritic.com/movie/hukkle,,,78
4025,Hulk,https://www.metacritic.com/movie/hulk,137000000.0,245031679.0,138
4026,Human Capital,https://www.metacritic.com/movie/human-capital,,,111
4027,Human Capital,https://www.metacritic.com/movie/human-capital-2019,,,95
4028,Human Flow,https://www.metacritic.com/movie/human-flow,,1782002.0,140
4029,Human Nature,https://www.metacritic.com/movie/human-nature,,,96
4030,Human Nature,https://www.metacritic.com/movie/human-nature-2019,,5834.0,95
4031,Human Resources,https://www.metacritic.com/movie/human-resources,,,100
4032,Human Traffic,https://www.metacritic.com/movie/human-traffic,3300000.0,5422740.0,99
4033,Humanité,https://www.metacritic.com/movie/humanite,,,148
4034,Humboldt County,https://www.metacritic.com/movie/humboldt-county,,,97
4035,Humor Me,https://www.metacritic.com/movie/humor-me,,,93
4036,Humpday,https://www.metacritic.com/movie/humpday,,862691.0,94
4037,Hunger,https://www.metacritic.com/movie/hunger,,192872.0,96
4038,Hungry Hearts,https://www.metacritic.com/movie/hungry-hearts,,561019.0,109
4039,Hunky Dory,https://www.metacritic.com/movie/hunky-dory,,22099.0,110
4040,Hunt for the Wilderpeople,https://www.metacritic.com/movie/hunt-for-the-wilderpeople,2500000.0,23900842.0,101
4041,Hunted,https://www.metacritic.com/movie/hunted,,6391.0,87
4042,Hunter Gatherer,https://www.metacritic.com/movie/hunter-gatherer,,,90
4043,Hunter Hunter,https://www.metacritic.com/movie/hunter-hunter,,,93
4044,Hunter Killer,https://www.metacritic.com/movie/hunter-killer,40000000.0,29312121.0,122
4045,Hush!,https://www.metacritic.com/movie/hush!,,,135
4046,Hush,https://www.metacritic.com/movie/hush-2016,,,81
4047,Hustle & Flow,https://www.metacritic.com/movie/hustle-flow,2800000.0,23591783.0,116
4048,Hustlers,https://www.metacritic.com/movie/hustlers,20700000.0,150472713.0,110
4049,Hyde Park on Hudson,https://www.metacritic.com/movie/hyde-park-on-hudson,,11242438.0,94
4050,Hyena,https://www.metacritic.com/movie/hyena,,,112
4051,Hyena Road,https://www.metacritic.com/movie/hyena-road,,,120
4052,Hysteria,https://www.metacritic.com/movie/hysteria,,15342913.0,100
4053,I Am,https://www.metacritic.com/movie/i-am,,,76
4054,I Am a Sex Addict,https://www.metacritic.com/movie/i-am-a-sex-addict,,,98
4055,I Am Ali,https://www.metacritic.com/movie/i-am-ali,,,111
4056,I Am Another You,https://www.metacritic.com/movie/i-am-another-you,,,80
4057,I Am Big Bird: The Caroll Spinney Story,https://www.metacritic.com/movie/i-am-big-bird-the-caroll-spinney-story,,75156.0,90
4058,I Am Breathing,https://www.metacritic.com/movie/i-am-breathing,,6452.0,72
4059,I Am Chris Farley,https://www.metacritic.com/movie/i-am-chris-farley,,,96
4060,I Am David,https://www.metacritic.com/movie/i-am-david,,,90
4061,I Am Divine,https://www.metacritic.com/movie/i-am-divine,,34242.0,90
4062,I Am Eleven,https://www.metacritic.com/movie/i-am-eleven,,,98
4063,I Am Greta,https://www.metacritic.com/movie/i-am-greta,,334465.0,97
4064,I Am I,https://www.metacritic.com/movie/i-am-i,,,
4065,I Am Legend,https://www.metacritic.com/movie/i-am-legend,150000000.0,585532684.0,101
4066,I Am Love,https://www.metacritic.com/movie/i-am-love,,,120
4067,I Am Michael,https://www.metacritic.com/movie/i-am-michael,,3996.0,98
4068,I Am Mother,https://www.metacritic.com/movie/i-am-mother,,,113
4069,I Am Not a Serial Killer,https://www.metacritic.com/movie/i-am-not-a-serial-killer,,26403.0,104
4070,I Am Not a Witch,https://www.metacritic.com/movie/i-am-not-a-witch,,160484.0,93
4071,I Am Not Madame Bovary,https://www.metacritic.com/movie/i-am-not-madame-bovary,,70840654.0,128
4072,I Am Not Your Negro,https://www.metacritic.com/movie/i-am-not-your-negro,1000000.0,9617402.0,93
4073,I Am Number Four,https://www.metacritic.com/movie/i-am-number-four,50000000.0,146195159.0,110
4074,I Am Sam,https://www.metacritic.com/movie/i-am-sam,22000000.0,92542418.0,132
4075,"I Am Taraneh, I Am Fifteen Years Old",https://www.metacritic.com/movie/i-am-taraneh-i-am-fifteen-years-old,,,110
4076,I Am the Pretty Thing That Lives in the House,https://www.metacritic.com/movie/i-am-the-pretty-thing-that-lives-in-the-house,,,87
4077,I Am Trying to Break Your Heart,https://www.metacritic.com/movie/i-am-trying-to-break-your-heart,,,92
4078,I Am Woman,https://www.metacritic.com/movie/i-am-woman,,442992.0,116
4079,I Believe in Unicorns,https://www.metacritic.com/movie/i-believe-in-unicorns,,,80
4080,I Called Him Morgan,https://www.metacritic.com/movie/i-called-him-morgan,,,92
4081,I Can Do Bad All by Myself,https://www.metacritic.com/movie/i-can-do-bad-all-by-myself,19000000.0,,113
4082,I Can Only Imagine,https://www.metacritic.com/movie/i-can-only-imagine,7000000.0,85783567.0,110
4083,I Capture the Castle,https://www.metacritic.com/movie/i-capture-the-castle,,6575415.0,113
4084,I Care a Lot,https://www.metacritic.com/movie/i-care-a-lot,,1154104.0,118
4085,I Carry You with Me,https://www.metacritic.com/movie/i-carry-you-with-me,,192824.0,111
4086,"I, Daniel Blake",https://www.metacritic.com/movie/i-daniel-blake,,15887187.0,100
4087,I Declare War,https://www.metacritic.com/movie/i-declare-war,,,94
4088,I Do Not Care If We Go Down in History as Barbarians,https://www.metacritic.com/movie/i-do-not-care-if-we-go-down-in-history-as-barbarians,,,140
4089,I Do... Until I Don't,https://www.metacritic.com/movie/i-do-until-i-dont,,,103
4090,I don't feel at home in this world anymore.,https://www.metacritic.com/movie/i-dont-feel-at-home-in-this-world-anymore,,,93
4091,I Don't Know How She Does It,https://www.metacritic.com/movie/i-dont-know-how-she-does-it,24000000.0,24474463.0,95
4092,I Dreamed of Africa,https://www.metacritic.com/movie/i-dreamed-of-africa,34000000.0,14291999.0,114
4093,I Feel Pretty,https://www.metacritic.com/movie/i-feel-pretty,32000000.0,91444095.0,110
4094,"I, Frankenstein",https://www.metacritic.com/movie/i-frankenstein,65000000.0,74575290.0,92
4095,I Give It a Year,https://www.metacritic.com/movie/i-give-it-a-year,,28328531.0,97
4096,I Hate Valentine's Day,https://www.metacritic.com/movie/i-hate-valentines-day,,,98
4097,I Have Never Forgotten You: The Life & Legacy of Simon Wiesenthal,https://www.metacritic.com/movie/i-have-never-forgotten-you-the-life-legacy-of-simon-wiesenthal,,,105
4098,I Heart Huckabees,https://www.metacritic.com/movie/i-heart-huckabees,22000000.0,20034713.0,107
4099,I Hope They Serve Beer in Hell,https://www.metacritic.com/movie/i-hope-they-serve-beer-in-hell,7000000.0,1429453.0,105
4100,I Kill Giants,https://www.metacritic.com/movie/i-kill-giants,,256092.0,106
4101,I Killed My Mother,https://www.metacritic.com/movie/i-killed-my-mother,,,96
4102,I Know Who Killed Me,https://www.metacritic.com/movie/i-know-who-killed-me,,,105
4103,I Like Killing Flies,https://www.metacritic.com/movie/i-like-killing-flies,,,80
4104,I Lost My Body,https://www.metacritic.com/movie/i-lost-my-body,,,81
4105,"I Love You, Beth Cooper",https://www.metacritic.com/movie/i-love-you-beth-cooper,18000000.0,16382538.0,102
4106,"I Love You, Man",https://www.metacritic.com/movie/i-love-you-man,40000000.0,92302502.0,105
4107,I Love You Phillip Morris,https://www.metacritic.com/movie/i-love-you-phillip-morris,13000000.0,23014027.0,98
4108,I Love Your Work,https://www.metacritic.com/movie/i-love-your-work,1600000.0,,111
4109,I Melt with You,https://www.metacritic.com/movie/i-melt-with-you,,,129
4110,I Now Pronounce You Chuck & Larry,https://www.metacritic.com/movie/i-now-pronounce-you-chuck-larry,,,115
4111,"I, Olga Hepnarová",https://www.metacritic.com/movie/i-olga-hepnarova,,,105
4112,I Origins,https://www.metacritic.com/movie/i-origins,1000000.0,852399.0,106
4113,I Remember Me,https://www.metacritic.com/movie/i-remember-me,,,74
4114,"I, Robot",https://www.metacritic.com/movie/i-robot,105000000.0,348629585.0,115
4115,I Saw the Devil,https://www.metacritic.com/movie/i-saw-the-devil,,,141
4116,I Saw the Light,https://www.metacritic.com/movie/i-saw-the-light,,1767963.0,123
4117,I See You,https://www.metacritic.com/movie/i-see-you,,,96
4118,I Sell the Dead,https://www.metacritic.com/movie/i-sell-the-dead,,,85
4119,I Served the King of England,https://www.metacritic.com/movie/i-served-the-king-of-england,,,120
4120,I Smile Back,https://www.metacritic.com/movie/i-smile-back,,,85
4121,I Spit on Your Grave,https://www.metacritic.com/movie/i-spit-on-your-grave,1750000.0,1278471.0,
4122,I Spy,https://www.metacritic.com/movie/i-spy,70000000.0,60279822.0,97
4123,I Still Believe,https://www.metacritic.com/movie/i-still-believe,12000000.0,16373474.0,116
4124,I Still See You,https://www.metacritic.com/movie/i-still-see-you,,1629431.0,98
4125,I Think I Love My Wife,https://www.metacritic.com/movie/i-think-i-love-my-wife,14000000.0,13205411.0,90
4126,I Think We're Alone Now,https://www.metacritic.com/movie/i-think-were-alone-now,,3156.0,93
4127,"I, Tonya",https://www.metacritic.com/movie/i-tonya,11000000.0,53797409.0,120
4128,I Trapped the Devil,https://www.metacritic.com/movie/i-trapped-the-devil,,,82
4129,"I Travel Because I Have to, I Come Back Because I Love You",https://www.metacritic.com/movie/i-travel-because-i-have-to-i-come-back-because-i-love-you,,,75
4130,I Trust You to Kill Me,https://www.metacritic.com/movie/i-trust-you-to-kill-me,,,105
4131,I Used to Be Darker,https://www.metacritic.com/movie/i-used-to-be-darker,,,90
4132,I Used to Go Here,https://www.metacritic.com/movie/i-used-to-go-here,,18340.0,80
4133,I Want Someone to Eat Cheese With,https://www.metacritic.com/movie/i-want-someone-to-eat-cheese-with,1500000.0,,80
4134,I Was a Simple Man,https://www.metacritic.com/movie/i-was-a-simple-man,,,100
4135,"I Was at Home, But",https://www.metacritic.com/movie/i-was-at-home-but,,,105
4136,I Will Follow,https://www.metacritic.com/movie/i-will-follow,,,88
4137,I Will Follow You Into the Dark,https://www.metacritic.com/movie/i-will-follow-you-into-the-dark-2013,,,112
4138,I Will Make You Mine,https://www.metacritic.com/movie/i-will-make-you-mine,,,80
4139,I Wish,https://www.metacritic.com/movie/i-wish,,,128
4140,I Wish I Knew,https://www.metacritic.com/movie/i-wish-i-knew,,,116
4141,Ibiza,https://www.metacritic.com/movie/ibiza,,,94
4142,Icaros: A Vision,https://www.metacritic.com/movie/icaros-a-vision,,,91
4143,Icarus,https://www.metacritic.com/movie/icarus,,,121
4144,Ice Age,https://www.metacritic.com/movie/ice-age,65000000.0,386116343.0,81
4145,Ice Age: Collision Course,https://www.metacritic.com/movie/ice-age-collision-course,105000000.0,402156682.0,94
4146,Ice Age: Continental Drift,https://www.metacritic.com/movie/ice-age-continental-drift,95000000.0,879765137.0,88
4147,Ice Age: Dawn of the Dinosaurs,https://www.metacritic.com/movie/ice-age-dawn-of-the-dinosaurs,90000000.0,886686817.0,94
4148,Ice Age: The Meltdown,https://www.metacritic.com/movie/ice-age-the-meltdown,75000000.0,651899282.0,91
4149,Ice Princess,https://www.metacritic.com/movie/ice-princess,25000000.0,25732334.0,98
4150,Iceberg Slim: Portrait of a Pimp,https://www.metacritic.com/movie/iceberg-slim-portrait-of-a-pimp,,,89
4151,Ich hiess Sabina Spielrein,https://www.metacritic.com/movie/ich-hiess-sabina-spielrein,,,90
4152,Ichi the Killer,https://www.metacritic.com/movie/ichi-the-killer,,,129
4153,Ida,https://www.metacritic.com/movie/ida,2600000.0,15298355.0,82
4154,Ideal Home,https://www.metacritic.com/movie/ideal-home,,191791.0,91
4155,Identifying Features,https://www.metacritic.com/movie/identifying-features,,,95
4156,Identity,https://www.metacritic.com/movie/identity,28000000.0,82119036.0,90
4157,Identity Thief,https://www.metacritic.com/movie/identity-thief,35000000.0,175361578.0,111
4158,Idiocracy,https://www.metacritic.com/movie/idiocracy,2400000.0,500296.0,84
4159,Idlewild,https://www.metacritic.com/movie/idlewild,15000000.0,,121
4160,If a Tree Falls: A Story of the Earth Liberation Front,https://www.metacritic.com/movie/if-a-tree-falls-a-story-of-the-earth-liberation-front,,,85
4161,If Beale Street Could Talk,https://www.metacritic.com/movie/if-beale-street-could-talk,12000000.0,21398371.0,119
4162,If I Stay,https://www.metacritic.com/movie/if-i-stay,11000000.0,78356170.0,107
4163,"If I Want to Whistle, I Whistle",https://www.metacritic.com/movie/if-i-want-to-whistle-i-whistle,,,94
4164,If I Were You,https://www.metacritic.com/movie/if-i-were-you,,,115
4165,If You Build It,https://www.metacritic.com/movie/if-you-build-it,,,85
4166,"If You Don't, I Will",https://www.metacritic.com/movie/if-you-dont-i-will,,,102
4167,Igby Goes Down,https://www.metacritic.com/movie/igby-goes-down,9000000.0,5512151.0,98
4168,Igor,https://www.metacritic.com/movie/igor,22000000.0,31013349.0,87
4169,Il Divo,https://www.metacritic.com/movie/il-divo,,6420093.0,110
4170,Il Futuro,https://www.metacritic.com/movie/il-futuro,,12826.0,94
4171,I'll See You in My Dreams,https://www.metacritic.com/movie/ill-see-you-in-my-dreams,,7464765.0,92
4172,I'll Sing for You,https://www.metacritic.com/movie/ill-sing-for-you,,,76
4173,I'll Sleep When I'm Dead,https://www.metacritic.com/movie/ill-sleep-when-im-dead,,489009.0,103
4174,Illegal Tender,https://www.metacritic.com/movie/illegal-tender,,,108
4175,Ilo Ilo,https://www.metacritic.com/movie/ilo-ilo,,1328680.0,99
4176,Iluzija,https://www.metacritic.com/movie/iluzija,,,107
4177,Ilya and Emilia Kabakov: Enter Here,https://www.metacritic.com/movie/ilya-and-emilia-kabakov-enter-here,,,103
4178,I'm Glad My Mother Is Alive,https://www.metacritic.com/movie/im-glad-my-mother-is-alive,,,90
4179,I'm Going Home,https://www.metacritic.com/movie/im-going-home,,,90
4180,I'm in Love with a Church Girl,https://www.metacritic.com/movie/im-in-love-with-a-church-girl,3000000.0,2503392.0,118
4181,I'm Not Here,https://www.metacritic.com/movie/im-not-here,,,81
4182,I'm Not Scared,https://www.metacritic.com/movie/im-not-scared,,,108
4183,I'm Not There.,https://www.metacritic.com/movie/im-not-there,20000000.0,12397613.0,135
4184,I'm Reed Fish,https://www.metacritic.com/movie/im-reed-fish,,,93
4185,I'm So Excited,https://www.metacritic.com/movie/im-so-excited,,,90
4186,I'm Still Here,https://www.metacritic.com/movie/im-still-here,,737645.0,108
4187,I'm the One That I Want,https://www.metacritic.com/movie/im-the-one-that-i-want,,,96
4188,i'm thinking of ending things,https://www.metacritic.com/movie/im-thinking-of-ending-things,,,134
4189,I'm Your Man,https://www.metacritic.com/movie/im-your-man,,501505.0,105
4190,I'm Your Woman,https://www.metacritic.com/movie/im-your-woman,,,
4191,Imaginary Heroes,https://www.metacritic.com/movie/imaginary-heroes,10000000.0,290875.0,111
4192,Imagine Me & You,https://www.metacritic.com/movie/imagine-me-you,7900000.0,3129471.0,94
4193,Imagine That,https://www.metacritic.com/movie/imagine-that,55000000.0,22438144.0,107
4194,IMAX: Hubble 3D,https://www.metacritic.com/movie/imax-hubble-3d,,,40
4195,Imelda,https://www.metacritic.com/movie/imelda,,500992.0,103
4196,Immigration Tango,https://www.metacritic.com/movie/immigration-tango,,,90
4197,Immortals,https://www.metacritic.com/movie/immortals,75000000.0,211562435.0,110
4198,Imperium,https://www.metacritic.com/movie/imperium,,349876.0,109
4199,Impostor,https://www.metacritic.com/movie/impostor,40000000.0,7974607.0,95
4200,In a Better World,https://www.metacritic.com/movie/in-a-better-world,,,119
4201,In a Relationship,https://www.metacritic.com/movie/in-a-relationship,,,92
4202,In a Valley of Violence,https://www.metacritic.com/movie/in-a-valley-of-violence,,,104
4203,In a World...,https://www.metacritic.com/movie/in-a-world,,3139211.0,93
4204,In America,https://www.metacritic.com/movie/in-america,,25382911.0,105
4205,In Another Country,https://www.metacritic.com/movie/in-another-country,,,89
4206,In Between,https://www.metacritic.com/movie/in-between,,,103
4207,In Between Days,https://www.metacritic.com/movie/in-between-days,,31987.0,83
4208,In Bloom,https://www.metacritic.com/movie/in-bloom,,,102
4209,In Bruges,https://www.metacritic.com/movie/in-bruges,15000000.0,34533783.0,107
4210,In Darkness,https://www.metacritic.com/movie/in-darkness,,16692775.0,145
4211,In Darkness,https://www.metacritic.com/movie/in-darkness-2018,,236409.0,100
4212,In Dubious Battle,https://www.metacritic.com/movie/in-dubious-battle,15000000.0,214182.0,110
4213,In Fabric,https://www.metacritic.com/movie/in-fabric,,198651.0,118
4214,In Fear,https://www.metacritic.com/movie/in-fear,,78682.0,85
4215,In Good Company,https://www.metacritic.com/movie/in-good-company,26000000.0,63463195.0,109
4216,In Heaven Underground: The Weissensee Jewish Cemetery,https://www.metacritic.com/movie/in-heaven-underground-the-weissensee-jewish-cemetery,,,90
4217,In Her Shoes,https://www.metacritic.com/movie/in-her-shoes,,82203030.0,130
4218,In Jackson Heights,https://www.metacritic.com/movie/in-jackson-heights,,,190
4219,In July,https://www.metacritic.com/movie/in-july,,,99
4220,In My Country,https://www.metacritic.com/movie/in-my-country,,,105
4221,In My Room,https://www.metacritic.com/movie/in-my-room,,783.0,119
4222,In My Skin,https://www.metacritic.com/movie/in-my-skin,,,93
4223,In Order of Disappearance,https://www.metacritic.com/movie/in-order-of-disappearance,,,116
4224,In Our Nature,https://www.metacritic.com/movie/in-our-nature,,,103
4225,In Paris,https://www.metacritic.com/movie/in-paris,,,92
4226,In Praise of Love,https://www.metacritic.com/movie/in-praise-of-love,,,97
4227,In Pursuit of Silence,https://www.metacritic.com/movie/in-pursuit-of-silence,,41056.0,81
4228,In Satmar Custody,https://www.metacritic.com/movie/in-satmar-custody,,,70
4229,In Search of a Midnight Kiss,https://www.metacritic.com/movie/in-search-of-a-midnight-kiss,,1329014.0,90
4230,In Search of Beethoven,https://www.metacritic.com/movie/in-search-of-beethoven,,310555.0,139
4231,In Search of Greatness,https://www.metacritic.com/movie/in-search-of-greatness,,,77
4232,In Search of Mozart,https://www.metacritic.com/movie/in-search-of-mozart,,,129
4233,In Secret,https://www.metacritic.com/movie/in-secret,,696227.0,107
4234,In Stereo,https://www.metacritic.com/movie/in-stereo,,,97
4235,In the Aisles,https://www.metacritic.com/movie/in-the-aisles,,,125
4236,In the Basement,https://www.metacritic.com/movie/in-the-basement,,,81
4237,In the Bedroom,https://www.metacritic.com/movie/in-the-bedroom,1700000.0,42137871.0,130
4238,In the Blood,https://www.metacritic.com/movie/in-the-blood,,650881.0,108
4239,In the Cut,https://www.metacritic.com/movie/in-the-cut,12000000.0,23693646.0,119
4240,In the Earth,https://www.metacritic.com/movie/in-the-earth,,1330962.0,100
4241,In the Face of Evil: Reagan's War in Word and Deed,https://www.metacritic.com/movie/in-the-face-of-evil-reagans-war-in-word-and-deed,,,110
4242,In the Fade,https://www.metacritic.com/movie/in-the-fade,,,106
4243,In the Family,https://www.metacritic.com/movie/in-the-family,,,169
4244,In the Fog,https://www.metacritic.com/movie/in-the-fog,,,127
4245,In the Heart of the Sea,https://www.metacritic.com/movie/in-the-heart-of-the-sea,100000000.0,89693309.0,122
4246,In the Heights,https://www.metacritic.com/movie/in-the-heights,55000000.0,43679828.0,143
4247,In the House,https://www.metacritic.com/movie/in-the-house,,,105
4248,In the Intense Now,https://www.metacritic.com/movie/in-the-intense-now,,,127
4249,In the Land of Blood and Honey,https://www.metacritic.com/movie/in-the-land-of-blood-and-honey,13000000.0,509193.0,127
4250,In the Land of Women,https://www.metacritic.com/movie/in-the-land-of-women,10500000.0,14140402.0,97
4251,In the Last Days of the City,https://www.metacritic.com/movie/in-the-last-days-of-the-city,,,118
4252,In the Loop,https://www.metacritic.com/movie/in-the-loop,,7788804.0,106
4253,In the Mirror of Maya Deren,https://www.metacritic.com/movie/in-the-mirror-of-maya-deren,,,103
4254,In the Mix,https://www.metacritic.com/movie/in-the-mix,,,95
4255,In the Mood for Love,https://www.metacritic.com/movie/in-the-mood-for-love,,13823646.0,98
4256,In the Name Of,https://www.metacritic.com/movie/in-the-name-of,,,102
4257,In the Name of My Daughter,https://www.metacritic.com/movie/in-the-name-of-my-daughter,,,116
4258,In the Name of the King: A Dungeon Siege Tale,https://www.metacritic.com/movie/in-the-name-of-the-king-a-dungeon-siege-tale,60000000.0,13233220.0,127
4259,In the Pit,https://www.metacritic.com/movie/in-the-pit,,,84
4260,In the Realms of the Unreal,https://www.metacritic.com/movie/in-the-realms-of-the-unreal,,,81
4261,In the Same Breath,https://www.metacritic.com/movie/in-the-same-breath,,,95
4262,In the Shadow of the Moon,https://www.metacritic.com/movie/in-the-shadow-of-the-moon,2000000.0,2175587.0,109
4263,In the Shadow of the Moon,https://www.metacritic.com/movie/in-the-shadow-of-the-moon-2019,,,115
4264,In the Shadow of Women,https://www.metacritic.com/movie/in-the-shadow-of-women,,,73
4265,In the Tall Grass,https://www.metacritic.com/movie/in-the-tall-grass,,,101
4266,In the Valley of Elah,https://www.metacritic.com/movie/in-the-valley-of-elah,23000000.0,24489150.0,121
4267,In This Corner of the World,https://www.metacritic.com/movie/in-this-corner-of-the-world,,,130
4268,In This World,https://www.metacritic.com/movie/in-this-world,,312118.0,88
4269,In Time,https://www.metacritic.com/movie/in-time,35000000.0,165103952.0,109
4270,In Transit,https://www.metacritic.com/movie/in-transit,,,76
4271,Incantato,https://www.metacritic.com/movie/incantato,,,107
4272,Incarnate,https://www.metacritic.com/movie/incarnate,5000000.0,9371036.0,91
4273,Incendies,https://www.metacritic.com/movie/incendies,,,130
4274,Inception,https://www.metacritic.com/movie/inception,160000000.0,728582465.0,148
4275,Incident at Loch Ness,https://www.metacritic.com/movie/incident-at-loch-ness,1400000.0,56073.0,94
4276,Incitement,https://www.metacritic.com/movie/incitement,,143204.0,123
4277,Incredibles 2,https://www.metacritic.com/movie/incredibles-2,200000000.0,1242805359.0,118
4278,Independence Day: Resurgence,https://www.metacritic.com/movie/independence-day-resurgence,165000000.0,384169424.0,120
4279,India Sweets and Spices,https://www.metacritic.com/movie/india-sweets-and-spices,,318082.0,101
4280,Indiana Jones and the Kingdom of the Crystal Skull,https://www.metacritic.com/movie/indiana-jones-and-the-kingdom-of-the-crystal-skull,185000000.0,786635413.0,122
4281,Indie Game: The Movie,https://www.metacritic.com/movie/indie-game-the-movie,100000.0,,94
4282,Indignation,https://www.metacritic.com/movie/indignation,,3635525.0,110
4283,Indivisible,https://www.metacritic.com/movie/indivisible,,,100
4284,Inequality for All,https://www.metacritic.com/movie/inequality-for-all,,1225769.0,89
4285,Inescapable,https://www.metacritic.com/movie/inescapable,4000000.0,,93
4286,Infamous,https://www.metacritic.com/movie/infamous,13000000.0,2613717.0,110
4287,Infernal Affairs,https://www.metacritic.com/movie/infernal-affairs,,,101
4288,Inferno,https://www.metacritic.com/movie/inferno,75000000.0,219519367.0,121
4289,Infinite,https://www.metacritic.com/movie/infinite,,,106
4290,Infinite Football,https://www.metacritic.com/movie/infinite-football,,,70
4291,Infinitely Polar Bear,https://www.metacritic.com/movie/infinitely-polar-bear,,2130086.0,90
4292,Informant,https://www.metacritic.com/movie/informant,,,81
4293,Inglourious Basterds,https://www.metacritic.com/movie/inglourious-basterds,70000000.0,316915264.0,153
4294,Ingrid Bergman in Her Own Words,https://www.metacritic.com/movie/ingrid-bergman-in-her-own-words,,,114
4295,Ingrid Goes West,https://www.metacritic.com/movie/ingrid-goes-west,,3271468.0,98
4296,Inhale,https://www.metacritic.com/movie/inhale,,,100
4297,Inherent Vice,https://www.metacritic.com/movie/inherent-vice,20000000.0,14772346.0,
4298,Inherit the Viper,https://www.metacritic.com/movie/inherit-the-viper,,,90
4299,Inheritance,https://www.metacritic.com/movie/inheritance-2020,,,111
4300,Injeong sajeong bol geot eobtda,https://www.metacritic.com/movie/injeong-sajeong-bol-geot-eobtda,,,112
4301,Inkheart,https://www.metacritic.com/movie/inkheart,60000000.0,66655938.0,106
4302,Inland Empire,https://www.metacritic.com/movie/inland-empire,,850411.0,180
4303,Inner Demons,https://www.metacritic.com/movie/inner-demons,,,85
4304,Innocence,https://www.metacritic.com/movie/innocence,,,122
4305,Innocence,https://www.metacritic.com/movie/innocence-2001,,,94
4306,Innocence,https://www.metacritic.com/movie/innocence-2014,,,96
4307,Innocent Voices,https://www.metacritic.com/movie/innocent-voices,,6982159.0,120
4308,Inside Deep Throat,https://www.metacritic.com/movie/inside-deep-throat,2000000.0,,92
4309,Inside Hana's Suitcase,https://www.metacritic.com/movie/inside-hanas-suitcase,,,88
4310,Inside Job,https://www.metacritic.com/movie/inside-job,2000000.0,7799257.0,120
4311,Inside Llewyn Davis,https://www.metacritic.com/movie/inside-llewyn-davis,11000000.0,32943247.0,104
4312,Inside Man,https://www.metacritic.com/movie/inside-man,50000000.0,185798265.0,129
4313,Inside Out,https://www.metacritic.com/movie/inside-out,,,93
4314,Inside Out,https://www.metacritic.com/movie/inside-out-2015,175000000.0,852830107.0,94
4315,Inside the Rain,https://www.metacritic.com/movie/inside-the-rain,,,90
4316,Insidious,https://www.metacritic.com/movie/insidious,1500000.0,99870886.0,102
4317,Insidious: Chapter 2,https://www.metacritic.com/movie/insidious-chapter-2,5000000.0,161921515.0,106
4318,Insidious: Chapter 3,https://www.metacritic.com/movie/insidious-chapter-3,10000000.0,120453155.0,97
4319,Insidious: The Last Key,https://www.metacritic.com/movie/insidious-the-last-key,10000000.0,172811971.0,103
4320,Insomnia,https://www.metacritic.com/movie/insomnia,46000000.0,113622499.0,118
4321,Inspector Bellamy,https://www.metacritic.com/movie/inspector-bellamy,,,110
4322,Instant Family,https://www.metacritic.com/movie/instant-family,48000000.0,119736188.0,118
4323,Intact,https://www.metacritic.com/movie/intact,,,108
4324,Interior. Leather Bar.,https://www.metacritic.com/movie/interior-leather-bar,,,60
4325,Intermission,https://www.metacritic.com/movie/intermission,,4552486.0,105
4326,Interstellar,https://www.metacritic.com/movie/interstellar,165000000.0,651994868.0,169
4327,Interview,https://www.metacritic.com/movie/interview,,,84
4328,Interview with the Assassin,https://www.metacritic.com/movie/interview-with-the-assassin,750000.0,,88
4329,Intimacy,https://www.metacritic.com/movie/intimacy,,785775.0,119
4330,Intimate Stories,https://www.metacritic.com/movie/intimate-stories,,,92
4331,Intimate Strangers,https://www.metacritic.com/movie/intimate-strangers,,,104
4332,Into Eternity,https://www.metacritic.com/movie/into-eternity,,,75
4333,Into Great Silence,https://www.metacritic.com/movie/into-great-silence,,,169
4334,Into My Heart,https://www.metacritic.com/movie/into-my-heart,,,97
4335,Into the Abyss,https://www.metacritic.com/movie/into-the-abyss,,550645.0,107
4336,Into the Arms of Strangers: Stories of the Kindertransport,https://www.metacritic.com/movie/into-the-arms-of-strangers-stories-of-the-kindertransport,,470952.0,122
4337,Into the Ashes,https://www.metacritic.com/movie/into-the-ashes,,9687.0,98
4338,Into the Blue,https://www.metacritic.com/movie/into-the-blue,50000000.0,41982227.0,110
4339,Into the Forest,https://www.metacritic.com/movie/into-the-forest,,132306.0,101
4340,Into the Inferno,https://www.metacritic.com/movie/into-the-inferno,,4861.0,104
4341,Into the Storm,https://www.metacritic.com/movie/into-the-storm,50000000.0,150429371.0,89
4342,Into the Wild,https://www.metacritic.com/movie/into-the-wild,20000000.0,56822960.0,148
4343,Into the Woods,https://www.metacritic.com/movie/into-the-woods,56200000.0,212550576.0,125
4344,Intolerable Cruelty,https://www.metacritic.com/movie/intolerable-cruelty,60000000.0,121327628.0,100
4345,"Introducing, Selma Blair",https://www.metacritic.com/movie/introducing-selma-blair,,,90
4346,Introducing the Dwights,https://www.metacritic.com/movie/introducing-the-dwights,,,105
4347,Intruders,https://www.metacritic.com/movie/intruders,,5818427.0,100
4348,Intruders,https://www.metacritic.com/movie/intruders-2016,,,90
4349,Invictus,https://www.metacritic.com/movie/invictus,60000000.0,124514011.0,134
4350,Invincible,https://www.metacritic.com/movie/invincible,40000000.0,58501127.0,105
4351,Invincible,https://www.metacritic.com/movie/invincible-2002,,,133
4352,Invisible Life,https://www.metacritic.com/movie/invisible-life,,,139
4353,I.O.U.S.A.,https://www.metacritic.com/movie/iousa,,,85
4354,Iowa,https://www.metacritic.com/movie/iowa,,,104
4355,Ip Man,https://www.metacritic.com/movie/ip-man,,22114423.0,106
4356,Ip Man 2,https://www.metacritic.com/movie/ip-man-2,,,108
4357,Ip Man 3,https://www.metacritic.com/movie/ip-man-3,,,105
4358,Ip Man 4: The Finale,https://www.metacritic.com/movie/ip-man-4-the-finale,,,107
4359,Ip Man: The Final Fight,https://www.metacritic.com/movie/ip-man-the-final-fight,,,100
4360,Ira & Abby,https://www.metacritic.com/movie/ira-abby,,,104
4361,Iraq for Sale: The War Profiteers,https://www.metacritic.com/movie/iraq-for-sale-the-war-profiteers,775000.0,,75
4362,Iraq in Fragments,https://www.metacritic.com/movie/iraq-in-fragments,,240462.0,94
4363,Irene in Time,https://www.metacritic.com/movie/irene-in-time,,,95
4364,Irina Palm,https://www.metacritic.com/movie/irina-palm,,3437024.0,103
4365,Iris,https://www.metacritic.com/movie/iris,5500000.0,5692941.0,91
4366,Iris,https://www.metacritic.com/movie/iris-2015,,2493802.0,80
4367,Iron Crows,https://www.metacritic.com/movie/iron-crows,,,60
4368,Iron Island,https://www.metacritic.com/movie/iron-island,,,90
4369,Iron Man,https://www.metacritic.com/movie/iron-man,186000000.0,585171547.0,126
4370,Iron Man 2,https://www.metacritic.com/movie/iron-man-2,170000000.0,621156389.0,124
4371,Iron Man 3,https://www.metacritic.com/movie/iron-man-3,200000000.0,1215392272.0,130
4372,Iron Monkey,https://www.metacritic.com/movie/iron-monkey,,,85
4373,Ironclad,https://www.metacritic.com/movie/ironclad,25000000.0,5297411.0,121
4374,Irrational Man,https://www.metacritic.com/movie/irrational-man,,29083597.0,95
4375,Irreplaceable You,https://www.metacritic.com/movie/irreplaceable-you,,,96
4376,Irresistible,https://www.metacritic.com/movie/irresistible,,338763.0,101
4377,Irreversible,https://www.metacritic.com/movie/irreversible,5400000.0,8133256.0,97
4378,Is Anybody There?,https://www.metacritic.com/movie/is-anybody-there,,3377778.0,94
4379,Is That a Gun in Your Pocket?,https://www.metacritic.com/movie/is-that-a-gun-in-your-pocket,,,95
4380,Is the Man Who Is Tall Happy?,https://www.metacritic.com/movie/is-the-man-who-is-tall-happy,,,88
4381,Island of Lemurs: Madagascar,https://www.metacritic.com/movie/island-of-lemurs-madagascar,,11689591.0,39
4382,Isle of Dogs,https://www.metacritic.com/movie/isle-of-dogs,,58829585.0,101
4383,Ismael's Ghosts,https://www.metacritic.com/movie/ismaels-ghosts,,,114
4384,Isn't It Romantic,https://www.metacritic.com/movie/isnt-it-romantic,31000000.0,,89
4385,Isn't She Great,https://www.metacritic.com/movie/isnt-she-great,36000000.0,,95
4386,Isn't This a Time! A Tribute Concert for Harold Leventhal,https://www.metacritic.com/movie/isnt-this-a-time!-a-tribute-concert-for-harold-leventhal,,,90
4387,Israel: A Home Movie,https://www.metacritic.com/movie/israel-a-home-movie,,,100
4388,It,https://www.metacritic.com/movie/it,35000000.0,701083042.0,135
4389,I.T.,https://www.metacritic.com/movie/it-2016,,1718502.0,95
4390,It Came from Kuchar,https://www.metacritic.com/movie/it-came-from-kuchar,,,86
4391,It: Chapter Two,https://www.metacritic.com/movie/it-chapter-two,70000000.0,469566806.0,169
4392,It Comes at Night,https://www.metacritic.com/movie/it-comes-at-night,5000000.0,19720203.0,91
4393,It Felt Like Love,https://www.metacritic.com/movie/it-felt-like-love,,,82
4394,It Follows,https://www.metacritic.com/movie/it-follows,2000000.0,23236296.0,100
4395,It Happened in L.A.,https://www.metacritic.com/movie/it-happened-in-la,,,97
4396,It Might Get Loud,https://www.metacritic.com/movie/it-might-get-loud,,,98
4397,It Runs in the Family,https://www.metacritic.com/movie/it-runs-in-the-family,,,109
4398,Italian for Beginners,https://www.metacritic.com/movie/italian-for-beginners,,,112
4399,Ithaca,https://www.metacritic.com/movie/ithaca,,,96
4400,It's a Disaster,https://www.metacritic.com/movie/its-a-disaster,,,88
4401,It's a Wonderful Afterlife,https://www.metacritic.com/movie/its-a-wonderful-afterlife,10000000.0,1642939.0,100
4402,It's About You,https://www.metacritic.com/movie/its-about-you,,,86
4403,It's All About Love,https://www.metacritic.com/movie/its-all-about-love,,,104
4404,It's All Gone Pete Tong,https://www.metacritic.com/movie/its-all-gone-pete-tong,2000000.0,2226603.0,90
4405,It's All So Quiet,https://www.metacritic.com/movie/its-all-so-quiet,,,93
4406,It's Complicated,https://www.metacritic.com/movie/its-complicated,85000000.0,224614744.0,120
4407,It's Easier for a Camel...,https://www.metacritic.com/movie/its-easier-for-a-camel,,,110
4408,It's Kind of a Funny Story,https://www.metacritic.com/movie/its-kind-of-a-funny-story,8000000.0,6632950.0,101
4409,It's Not Yet Dark,https://www.metacritic.com/movie/its-not-yet-dark,,5275.0,81
4410,It's Only the End of the World,https://www.metacritic.com/movie/its-only-the-end-of-the-world,,,97
4411,It's Such a Beautiful Day,https://www.metacritic.com/movie/its-such-a-beautiful-day-2012,,,62
4412,Itzhak,https://www.metacritic.com/movie/itzhak,,724641.0,82
4413,Ivansxtc,https://www.metacritic.com/movie/ivansxtc,,,93
4414,I've Loved You So Long,https://www.metacritic.com/movie/ive-loved-you-so-long,,,117
4415,Ivory Tower,https://www.metacritic.com/movie/ivory-tower,,,90
4416,Ixcanul,https://www.metacritic.com/movie/ixcanul,,590207.0,93
4417,Izzy Gets the F*ck Across Town,https://www.metacritic.com/movie/izzy-gets-the-fck-across-town,,,86
4418,J. Edgar,https://www.metacritic.com/movie/j-edgar,35000000.0,84606030.0,137
4419,Jack and Diane,https://www.metacritic.com/movie/jack-and-diane,,,110
4420,Jack and Jill,https://www.metacritic.com/movie/jack-and-jill,79000000.0,150519217.0,96
4421,Jack Brooks: Monster Slayer,https://www.metacritic.com/movie/jack-brooks-monster-slayer,,,85
4422,Jack Goes Boating,https://www.metacritic.com/movie/jack-goes-boating,,,89
4423,Jack Goes Home,https://www.metacritic.com/movie/jack-goes-home,,,100
4424,Jack Reacher,https://www.metacritic.com/movie/jack-reacher,60000000.0,217370736.0,130
4425,Jack Reacher: Never Go Back,https://www.metacritic.com/movie/jack-reacher-never-go-back,60000000.0,159946489.0,118
4426,Jack Ryan: Shadow Recruit,https://www.metacritic.com/movie/jack-ryan-shadow-recruit,60000000.0,131377412.0,105
4427,Jack Smith and the Destruction of Atlantis,https://www.metacritic.com/movie/jack-smith-and-the-destruction-of-atlantis,,,94
4428,Jack the Giant Slayer,https://www.metacritic.com/movie/jack-the-giant-slayer,195000000.0,197687603.0,114
4429,Jackass 3-D,https://www.metacritic.com/movie/jackass-3-d,20000000.0,171685793.0,94
4430,Jackass Number Two,https://www.metacritic.com/movie/jackass-number-two,11000000.0,85278712.0,92
4431,Jackass Presents: Bad Grandpa,https://www.metacritic.com/movie/jackass-presents-bad-grandpa,15000000.0,160903019.0,92
4432,Jackass: The Movie,https://www.metacritic.com/movie/jackass-the-movie,2000000.0,79282312.0,87
4433,Jackie,https://www.metacritic.com/movie/jackie,9000000.0,36588512.0,100
4434,Jackie & Ryan,https://www.metacritic.com/movie/jackie-ryan,,,90
4435,Jackpot,https://www.metacritic.com/movie/jackpot,400000.0,,97
4436,Jackpot,https://www.metacritic.com/movie/jackpot-2014,,,90
4437,Jacob's Ladder,https://www.metacritic.com/movie/jacobs-ladder-2019,,,89
4438,Jafar Panahi's Taxi,https://www.metacritic.com/movie/jafar-panahis-taxi,,,82
4439,Jailbait,https://www.metacritic.com/movie/jailbait,,,90
4440,"Jails, Hospitals & Hip-Hop",https://www.metacritic.com/movie/jails-hospitals-hip-hop,,,90
4441,J'aimerais pas crever un dimanche,https://www.metacritic.com/movie/jaimerais-pas-crever-un-dimanche,,,90
4442,Jakob's Wife,https://www.metacritic.com/movie/jakobs-wife,,,98
4443,James' Journey to Jerusalem,https://www.metacritic.com/movie/james-journey-to-jerusalem,,232445.0,87
4444,James White,https://www.metacritic.com/movie/james-white,,112951.0,85
4445,Jamie Marks Is Dead,https://www.metacritic.com/movie/jamie-marks-is-dead,,,101
4446,Jane,https://www.metacritic.com/movie/jane,,1956083.0,90
4447,Jane Eyre,https://www.metacritic.com/movie/jane-eyre,,33983855.0,115
4448,Jane Fonda in Five Acts,https://www.metacritic.com/movie/jane-fonda-in-five-acts,,,133
4449,Jane Got a Gun,https://www.metacritic.com/movie/jane-got-a-gun,25000000.0,3771345.0,98
4450,Jane's Journey,https://www.metacritic.com/movie/janes-journey,,,107
4451,Janice Beard,https://www.metacritic.com/movie/janice-beard,,,81
4452,Janie Jones,https://www.metacritic.com/movie/janie-jones,,,114
4453,Janis: Little Girl Blue,https://www.metacritic.com/movie/janis-little-girl-blue,,2404466.0,103
4454,Japan,https://www.metacritic.com/movie/japan,,,122
4455,Japanese Story,https://www.metacritic.com/movie/japanese-story,,4647054.0,110
4456,Jarhead,https://www.metacritic.com/movie/jarhead,72000000.0,96947540.0,125
4457,Jason Becker: Not Dead Yet,https://www.metacritic.com/movie/jason-becker-not-dead-yet,,4556.0,87
4458,Jason Bourne,https://www.metacritic.com/movie/jason-bourne,120000000.0,416168316.0,123
4459,Jason X,https://www.metacritic.com/movie/jason-x,14000000.0,16951798.0,91
4460,Jauja,https://www.metacritic.com/movie/jauja,,115289.0,109
4461,Java Heat,https://www.metacritic.com/movie/java-heat,,,104
4462,Jawline,https://www.metacritic.com/movie/jawline,,,99
4463,Jay and Silent Bob Reboot,https://www.metacritic.com/movie/jay-and-silent-bob-reboot,10000000.0,4710507.0,105
4464,Jay and Silent Bob Strike Back,https://www.metacritic.com/movie/jay-and-silent-bob-strike-back,22000000.0,33762400.0,104
4465,Jay Myself,https://www.metacritic.com/movie/jay-myself,,,79
4466,Jayne Mansfield's Car,https://www.metacritic.com/movie/jayne-mansfields-car,,,122
4467,JCVD,https://www.metacritic.com/movie/jcvd,,2309944.0,97
4468,Jealousy,https://www.metacritic.com/movie/jealousy,,,77
4469,Jean-Michel Basquiat: The Radiant Child,https://www.metacritic.com/movie/jean-michel-basquiat-the-radiant-child,,258558.0,88
4470,Jeannette: The Childhood of Joan of Arc,https://www.metacritic.com/movie/jeannette-the-childhood-of-joan-of-arc,,,105
4471,Jeepers Creepers,https://www.metacritic.com/movie/jeepers-creepers,10000000.0,58939035.0,90
4472,Jeepers Creepers II,https://www.metacritic.com/movie/jeepers-creepers-ii,,,104
4473,Jeff Who Lives at Home,https://www.metacritic.com/movie/jeff-who-lives-at-home,10000000.0,4708127.0,83
4474,Jem and the Holograms,https://www.metacritic.com/movie/jem-and-the-holograms,5000000.0,2368937.0,118
4475,Jennifer's Body,https://www.metacritic.com/movie/jennifers-body,16000000.0,31943401.0,102
4476,Jenny's Wedding,https://www.metacritic.com/movie/jennys-wedding,,25884.0,94
4477,Jeremiah Tower: The Last Magnificent,https://www.metacritic.com/movie/jeremiah-tower-the-last-magnificent,,,103
4478,Jerichow,https://www.metacritic.com/movie/jerichow,,61095.0,89
4479,Jersey Boys,https://www.metacritic.com/movie/jersey-boys,40000000.0,65282732.0,134
4480,Jersey Girl,https://www.metacritic.com/movie/jersey-girl,35000000.0,37066129.0,102
4481,Jersey Guy,https://www.metacritic.com/movie/jersey-guy,,,90
4482,JeruZalem,https://www.metacritic.com/movie/jeruzalem,,52225.0,94
4483,Jessabelle,https://www.metacritic.com/movie/jessabelle,10000000.0,6998359.0,90
4484,Jesús,https://www.metacritic.com/movie/jesus,,,85
4485,Jesus Camp,https://www.metacritic.com/movie/jesus-camp,,1394989.0,87
4486,Jesus Henry Christ,https://www.metacritic.com/movie/jesus-henry-christ,,,92
4487,Jesus' Son,https://www.metacritic.com/movie/jesus-son,2500000.0,1687548.0,107
4488,"Jesus, You Know",https://www.metacritic.com/movie/jesus-you-know,,,87
4489,Jet Lag,https://www.metacritic.com/movie/jet-lag,,,91
4490,Jews and Baseball: An American Love Story,https://www.metacritic.com/movie/jews-and-baseball-an-american-love-story,,,91
4491,Jexi,https://www.metacritic.com/movie/jexi,5000000.0,10601127.0,84
4492,Jezebel,https://www.metacritic.com/movie/jezebel,,,88
4493,"Jia Zhangke, A guy from Fenyang",https://www.metacritic.com/movie/jia-zhangke-a-guy-from-fenyang,,1617.0,105
4494,Jig,https://www.metacritic.com/movie/jig,,,93
4495,Jigsaw,https://www.metacritic.com/movie/jigsaw,10000000.0,104223315.0,92
4496,"Jim & Andy: The Great Beyond — Featuring a Very Special, Contractually Obligated Mention of Tony Clifton",https://www.metacritic.com/movie/jim-andy-the-great-beyond-featuring-a-very-special-contractually-obligated-mention-of-tony-clifton,,,94
4497,Jim Brown: All American,https://www.metacritic.com/movie/jim-brown-all-american,,,130
4498,Jim: The James Foley Story,https://www.metacritic.com/movie/jim-the-james-foley-story,,8236.0,113
4499,Jimi: All Is by My Side,https://www.metacritic.com/movie/jimi-all-is-by-my-side,5000000.0,927074.0,118
4500,Jiminy Glick in Lalawood,https://www.metacritic.com/movie/jiminy-glick-in-lalawood,,,90
4501,Jimmy Carter Man from Plains,https://www.metacritic.com/movie/jimmy-carter-man-from-plains,,125843.0,125
4502,Jimmy Carter: Rock & Roll President,https://www.metacritic.com/movie/jimmy-carter-rock-roll-president,,,
4503,Jimmy Neutron: Boy Genius,https://www.metacritic.com/movie/jimmy-neutron-boy-genius,25000000.0,102992536.0,82
4504,Jimmy P.,https://www.metacritic.com/movie/jimmy-p,,,117
4505,Jimmy's Hall,https://www.metacritic.com/movie/jimmys-hall,,4143253.0,109
4506,Jin Roh: The Wolf Brigade,https://www.metacritic.com/movie/jin-roh-the-wolf-brigade,,,102
4507,Jindabyne,https://www.metacritic.com/movie/jindabyne,10800000.0,2862544.0,123
4508,Jingle Jangle: A Christmas Journey,https://www.metacritic.com/movie/jingle-jangle-a-christmas-journey,,,122
4509,Jinn,https://www.metacritic.com/movie/jinn-2018,,,92
4510,Jiro Dreams of Sushi,https://www.metacritic.com/movie/jiro-dreams-of-sushi,,2790035.0,81
4511,Jiu Jitsu,https://www.metacritic.com/movie/jiu-jitsu,,7427.0,102
4512,Joan Didion: The Center Will Not Hold,https://www.metacritic.com/movie/joan-didion-the-center-will-not-hold,,,94
4513,Joan of Arc,https://www.metacritic.com/movie/joan-of-arc,,,137
4514,Joan Rivers: A Piece of Work,https://www.metacritic.com/movie/joan-rivers-a-piece-of-work,,,84
4515,Jobs,https://www.metacritic.com/movie/jobs,18000000.0,43402515.0,128
4516,Jockey,https://www.metacritic.com/movie/jockey,,120507.0,94
4517,Jodorowsky's Dune,https://www.metacritic.com/movie/jodorowskys-dune,,661115.0,90
4518,Joe,https://www.metacritic.com/movie/joe,4000000.0,,117
4519,Joe Bell,https://www.metacritic.com/movie/joe-bell,,1738764.0,94
4520,Joe Dirt,https://www.metacritic.com/movie/joe-dirt,16000000.0,30987695.0,91
4521,Joe Gould's Secret,https://www.metacritic.com/movie/joe-goulds-secret,,1387255.0,104
4522,Joe Somebody,https://www.metacritic.com/movie/joe-somebody,38000000.0,24515990.0,98
4523,Joe Strummer: The Future Is Unwritten,https://www.metacritic.com/movie/joe-strummer-the-future-is-unwritten,,1453275.0,124
4524,John and the Hole,https://www.metacritic.com/movie/john-and-the-hole,,,98
4525,John Carter,https://www.metacritic.com/movie/john-carter,263700000.0,282778100.0,132
4526,John Dies at the End,https://www.metacritic.com/movie/john-dies-at-the-end,,,99
4527,John Lewis: Good Trouble,https://www.metacritic.com/movie/john-lewis-good-trouble,,,96
4528,John McEnroe: In the Realm of Perfection,https://www.metacritic.com/movie/john-mcenroe-in-the-realm-of-perfection,,,95
4529,John Q,https://www.metacritic.com/movie/john-q,36000000.0,102226631.0,116
4530,John Rabe,https://www.metacritic.com/movie/john-rabe,,,134
4531,John Tucker Must Die,https://www.metacritic.com/movie/john-tucker-must-die,,68824526.0,89
4532,John Wick,https://www.metacritic.com/movie/john-wick,30000000.0,76010510.0,101
4533,John Wick: Chapter 2,https://www.metacritic.com/movie/john-wick-chapter-2,,,122
4534,John Wick: Chapter 3 - Parabellum,https://www.metacritic.com/movie/john-wick-chapter-3---parabellum,40000000.0,325674995.0,131
4535,Johnny English,https://www.metacritic.com/movie/johnny-english,45000000.0,161735791.0,87
4536,Johnny English Reborn,https://www.metacritic.com/movie/johnny-english-reborn,45000000.0,164640401.0,101
4537,Johnny English Strikes Again,https://www.metacritic.com/movie/johnny-english-strikes-again,30000000.0,159378778.0,89
4538,Johnny Got His Gun,https://www.metacritic.com/movie/johnny-got-his-gun,,,75
4539,Johnson Family Vacation,https://www.metacritic.com/movie/johnson-family-vacation,12000000.0,31286759.0,97
4540,Jojo Rabbit,https://www.metacritic.com/movie/jojo-rabbit,14000000.0,87068472.0,108
4541,Joker,https://www.metacritic.com/movie/joker,55000000.0,1072507517.0,122
4542,Jolene,https://www.metacritic.com/movie/jolene,,,
4543,Jolt,https://www.metacritic.com/movie/jolt,,,91
4544,Jonah: A VeggieTales Movie,https://www.metacritic.com/movie/jonah-a-veggietales-movie,14000000.0,25608779.0,82
4545,Jonah Hex,https://www.metacritic.com/movie/jonah-hex,47000000.0,11022696.0,81
4546,Jonas Brothers: The 3D Concert Experience,https://www.metacritic.com/movie/jonas-brothers-the-3d-concert-experience,,30428831.0,76
4547,Jonathan,https://www.metacritic.com/movie/jonathan,,52923.0,95
4548,Jonestown: The Life and Death of Peoples Temple,https://www.metacritic.com/movie/jonestown-the-life-and-death-of-peoples-temple,,,86
4549,José,https://www.metacritic.com/movie/jose,,,85
4550,Joshua,https://www.metacritic.com/movie/joshua,,715704.0,106
4551,Joshua: Teenager vs. Superpower,https://www.metacritic.com/movie/joshua-teenager-vs-superpower,,,79
4552,Joshy,https://www.metacritic.com/movie/joshy,,,93
4553,Josie and the Pussycats,https://www.metacritic.com/movie/josie-and-the-pussycats,22000000.0,14307223.0,98
4554,Journey from the Fall,https://www.metacritic.com/movie/journey-from-the-fall,1300000.0,,135
4555,Journey to the Center of the Earth,https://www.metacritic.com/movie/journey-to-the-center-of-the-earth,45000000.0,243180937.0,93
4556,Journey to the Sun,https://www.metacritic.com/movie/journey-to-the-sun,,,104
4557,Journey to the West,https://www.metacritic.com/movie/journey-to-the-west,,,110
4558,Journey's End,https://www.metacritic.com/movie/journeys-end,,979521.0,107
4559,Joy,https://www.metacritic.com/movie/joy,60000000.0,101134059.0,124
4560,Joy Ride,https://www.metacritic.com/movie/joy-ride,23000000.0,22204890.0,97
4561,Joyful Noise,https://www.metacritic.com/movie/joyful-noise,27500000.0,31157914.0,118
4562,J.S.A.: Joint Security Area,https://www.metacritic.com/movie/jsa-joint-security-area,,,110
4563,J.T. Leroy,https://www.metacritic.com/movie/jt-leroy,,18441.0,108
4564,Judas and the Black Messiah,https://www.metacritic.com/movie/judas-and-the-black-messiah,26000000.0,7058280.0,126
4565,Judy,https://www.metacritic.com/movie/judy,,45481469.0,118
4566,Judy Berlin,https://www.metacritic.com/movie/judy-berlin,,,93
4567,Judy Moody and the Not Bummer Summer,https://www.metacritic.com/movie/judy-moody-and-the-not-bummer-summer,,17029882.0,91
4568,Judy & Punch,https://www.metacritic.com/movie/judy-punch,,,105
4569,Jug Face,https://www.metacritic.com/movie/jug-face,,,81
4570,Julia,https://www.metacritic.com/movie/julia,6000000.0,1365108.0,144
4571,Julia,https://www.metacritic.com/movie/julia-2021,,491342.0,95
4572,Julian Schnabel: A Private Portrait,https://www.metacritic.com/movie/julian-schnabel-a-private-portrait,,,84
4573,Julie & Julia,https://www.metacritic.com/movie/julie-julia,40000000.0,131516178.0,123
4574,"Juliet, Naked",https://www.metacritic.com/movie/juliet-naked,,4349492.0,97
4575,Juliet of the Spirits (re-release),https://www.metacritic.com/movie/juliet-of-the-spirits,,,137
4576,Julieta,https://www.metacritic.com/movie/julieta,,22880442.0,99
4577,Jumanji: The Next Level,https://www.metacritic.com/movie/jumanji-the-next-level,125000000.0,798332900.0,123
4578,Jumanji: Welcome to the Jungle,https://www.metacritic.com/movie/jumanji-welcome-to-the-jungle,90000000.0,961613199.0,119
4579,Jumbo,https://www.metacritic.com/movie/jumbo,,,93
4580,Jump Tomorrow,https://www.metacritic.com/movie/jump-tomorrow,,,97
4581,Jumper,https://www.metacritic.com/movie/jumper,82500000.0,222640812.0,88
4582,Jumping the Broom,https://www.metacritic.com/movie/jumping-the-broom,7000000.0,38158601.0,108
4583,Junction 48,https://www.metacritic.com/movie/junction-48,,,95
4584,Junebug,https://www.metacritic.com/movie/junebug,1000000.0,3553253.0,106
4585,Jung (War) in the Land of the Mujaheddin,https://www.metacritic.com/movie/jung-war-in-the-land-of-the-mujaheddin,,,114
4586,Jungle,https://www.metacritic.com/movie/jungle,,1287789.0,115
4587,Jungle Cruise,https://www.metacritic.com/movie/jungle-cruise,200000000.0,210384144.0,127
4588,Jungleland,https://www.metacritic.com/movie/jungleland,,,90
4589,Juno,https://www.metacritic.com/movie/juno,7000000.0,231450102.0,96
4590,Jupiter Ascending,https://www.metacritic.com/movie/jupiter-ascending,179000000.0,181982519.0,127
4591,Jurassic Park III,https://www.metacritic.com/movie/jurassic-park-iii,93000000.0,365900000.0,92
4592,Jurassic World,https://www.metacritic.com/movie/jurassic-world,215000000.0,1669979967.0,124
4593,Jurassic World: Fallen Kingdom,https://www.metacritic.com/movie/jurassic-world-fallen-kingdom,170000000.0,1308334005.0,128
4594,Just 45 Minutes from Broadway,https://www.metacritic.com/movie/just-45-minutes-from-broadway,,,
4595,Just a Kiss,https://www.metacritic.com/movie/just-a-kiss,,,89
4596,Just a Sigh,https://www.metacritic.com/movie/just-a-sigh,,,104
4597,Just an American Boy,https://www.metacritic.com/movie/just-an-american-boy,,,95
4598,Just Another Love Story,https://www.metacritic.com/movie/just-another-love-story,,,100
4599,Just Friends,https://www.metacritic.com/movie/just-friends,,42797679.0,96
4600,Just Getting Started,https://www.metacritic.com/movie/just-getting-started,22000000.0,6756412.0,91
4601,Just Go with It,https://www.metacritic.com/movie/just-go-with-it,80000000.0,214974953.0,
4602,Just Like a Woman,https://www.metacritic.com/movie/just-like-a-woman,,,90
4603,Just Like Heaven,https://www.metacritic.com/movie/just-like-heaven,58000000.0,100687083.0,95
4604,Just Like Us,https://www.metacritic.com/movie/just-like-us,,,72
4605,Just Looking,https://www.metacritic.com/movie/just-looking,3000000.0,,97
4606,Just Married,https://www.metacritic.com/movie/just-married,19000000.0,101564935.0,95
4607,Just Mercy,https://www.metacritic.com/movie/just-mercy,25000000.0,50401502.0,137
4608,Just My Luck,https://www.metacritic.com/movie/just-my-luck,28000000.0,38159905.0,103
4609,Just One Time,https://www.metacritic.com/movie/just-one-time,,,111
4610,Just Visiting,https://www.metacritic.com/movie/just-visiting,40000000.0,16172200.0,88
4611,Just Wright,https://www.metacritic.com/movie/just-wright,12000000.0,21867665.0,100
4612,Justice League,https://www.metacritic.com/movie/justice-league,300000000.0,655945209.0,120
4613,Justin Bieber: Never Say Never,https://www.metacritic.com/movie/justin-bieber-never-say-never,13000000.0,99034125.0,
4614,Justin Bieber's Believe,https://www.metacritic.com/movie/justin-biebers-believe,,32226781.0,92
4615,Juwanna Mann,https://www.metacritic.com/movie/juwanna-mann,15600000.0,13771817.0,91
4616,K-19: The Widowmaker,https://www.metacritic.com/movie/k-19-the-widowmaker,90000000.0,65716126.0,138
4617,K-PAX,https://www.metacritic.com/movie/k-pax,,,120
4618,Kaaterskill Falls,https://www.metacritic.com/movie/kaaterskill-falls,,,86
4619,Kabluey,https://www.metacritic.com/movie/kabluey,,,86
4620,Kaboom,https://www.metacritic.com/movie/kaboom,,126851.0,86
4621,Kadosh,https://www.metacritic.com/movie/kadosh,,,110
4622,Kaena: The Prophecy,https://www.metacritic.com/movie/kaena-the-prophecy,,,85
4623,Kahlil Gibran's The Prophet,https://www.metacritic.com/movie/kahlil-gibrans-the-prophet,12000000.0,1080362.0,84
4624,Kaili Blues,https://www.metacritic.com/movie/kaili-blues,,,113
4625,Kajillionaire,https://www.metacritic.com/movie/kajillionaire,,1615171.0,104
4626,Kalamity,https://www.metacritic.com/movie/kalamity,,,98
4627,Kaleidoscope,https://www.metacritic.com/movie/kaleidoscope,,6976.0,100
4628,Kamikaze Girls,https://www.metacritic.com/movie/kamikaze-girls,,,102
4629,Kandahar,https://www.metacritic.com/movie/kandahar,,,81
4630,Kangaroo Jack,https://www.metacritic.com/movie/kangaroo-jack,60000000.0,90558582.0,89
4631,The Karate Kid,https://www.metacritic.com/movie/karatekid,40000000.0,351774938.0,140
4632,Karl Marx City,https://www.metacritic.com/movie/karl-marx-city,,,89
4633,Karmen Gei,https://www.metacritic.com/movie/karmen-gei,,,86
4634,Katakuri-ke no kôfuku,https://www.metacritic.com/movie/katakuri-ke-no-kofuku,,,113
4635,Kate,https://www.metacritic.com/movie/kate,,,106
4636,Kate & Leopold,https://www.metacritic.com/movie/kate-leopold,,,118
4637,Kate Plays Christine,https://www.metacritic.com/movie/kate-plays-christine,,27364.0,112
4638,Katie Says Goodbye,https://www.metacritic.com/movie/katie-says-goodbye,,,88
4639,Katy Perry: Part of Me,https://www.metacritic.com/movie/katy-perry-part-of-me,12000000.0,32700439.0,93
4640,Katyn,https://www.metacritic.com/movie/katyn,,11882290.0,121
4641,Keane,https://www.metacritic.com/movie/keane,,309197.0,100
4642,Keanu,https://www.metacritic.com/movie/keanu,15000000.0,20688141.0,100
4643,Kedi,https://www.metacritic.com/movie/kedi,,4797784.0,80
4644,Kedma,https://www.metacritic.com/movie/kedma,,,100
4645,Keep an Eye Out,https://www.metacritic.com/movie/keep-an-eye-out,,,73
4646,Keep On Keepin' On,https://www.metacritic.com/movie/keep-on-keepin-on,,,84
4647,Keep Quiet,https://www.metacritic.com/movie/keep-quiet,,,90
4648,Keep the Change,https://www.metacritic.com/movie/keep-the-change,,222061.0,94
4649,Keep the Lights On,https://www.metacritic.com/movie/keep-the-lights-on,,459181.0,101
4650,Keep the River on Your Right: A Modern Cannibal Tale,https://www.metacritic.com/movie/keep-the-river-on-your-right-a-modern-cannibal-tale,,,93
4651,Keeping Mum,https://www.metacritic.com/movie/keeping-mum,,18114037.0,103
4652,Keeping the Faith,https://www.metacritic.com/movie/keeping-the-faith,29000000.0,45336404.0,128
4653,Keeping Up with the Joneses,https://www.metacritic.com/movie/keeping-up-with-the-joneses,40000000.0,28804426.0,105
4654,Keeping Up with the Steins,https://www.metacritic.com/movie/keeping-up-with-the-steins,5000000.0,4414753.0,90
4655,Kelly & Cal,https://www.metacritic.com/movie/kelly-cal,,,111
4656,Kenny Chesney: Summer in 3D,https://www.metacritic.com/movie/kenny-chesney-summer-in-3d,,,99
4657,Kettle of Fish,https://www.metacritic.com/movie/kettle-of-fish,,,97
4658,Kevin Hart: Let Me Explain,https://www.metacritic.com/movie/kevin-hart-let-me-explain,2500000.0,32327255.0,75
4659,Kevin Hart: What Now?,https://www.metacritic.com/movie/kevin-hart-what-now,10000000.0,,96
4660,Keyhole,https://www.metacritic.com/movie/keyhole,,,94
4661,Khadak,https://www.metacritic.com/movie/khadak,,,104
4662,Khodorkovsky,https://www.metacritic.com/movie/khodorkovsky,,,111
4663,Kick-Ass,https://www.metacritic.com/movie/kick-ass,28000000.0,97531134.0,117
4664,Kick-Ass 2,https://www.metacritic.com/movie/kick-ass-2,28000000.0,63129909.0,103
4665,Kickboxer: Vengeance,https://www.metacritic.com/movie/kickboxer-vengeance,,,90
4666,Kickin It Old Skool,https://www.metacritic.com/movie/kickin-it-old-skool,,,108
4667,Kicking & Screaming,https://www.metacritic.com/movie/kicking-screaming,,,95
4668,Kicks,https://www.metacritic.com/movie/kicks,10000000.0,,80
4669,Kid 90,https://www.metacritic.com/movie/kid-90,,,71
4670,Kid-Thing,https://www.metacritic.com/movie/kid-thing,,,83
4671,Kidnap,https://www.metacritic.com/movie/kidnap,21000000.0,34836080.0,95
4672,Kidnapped,https://www.metacritic.com/movie/kidnapped,,,105
4673,Kidnapping Mr. Heineken,https://www.metacritic.com/movie/kidnapping-mr-heineken,,3237282.0,95
4674,Kids for Cash,https://www.metacritic.com/movie/kids-for-cash,,,102
4675,Kids in America,https://www.metacritic.com/movie/kids-in-america,,,91
4676,Kiki,https://www.metacritic.com/movie/kiki,,,94
4677,Kikujirô no natsu,https://www.metacritic.com/movie/kikujiro-no-natsu,,,121
4678,Kill Bill: Vol. 1,https://www.metacritic.com/movie/kill-bill-vol-1,,,111
4679,Kill Bill: Vol. 2,https://www.metacritic.com/movie/kill-bill-vol-2,,,136
4680,Kill by Inches,https://www.metacritic.com/movie/kill-by-inches,,,80
4681,Kill It and Leave This Town,https://www.metacritic.com/movie/kill-it-and-leave-this-town,,168705.0,88
4682,Kill List,https://www.metacritic.com/movie/kill-list,800000.0,462206.0,95
4683,Kill Me Later,https://www.metacritic.com/movie/kill-me-later,,,89
4684,Kill Me Please,https://www.metacritic.com/movie/kill-me-please,,8242805.0,101
4685,Kill Me Three Times,https://www.metacritic.com/movie/kill-me-three-times,,,90
4686,Kill Switch,https://www.metacritic.com/movie/kill-switch,,163348.0,91
4687,Kill the Irishman,https://www.metacritic.com/movie/kill-the-irishman,12000000.0,,106
4688,Kill the Messenger,https://www.metacritic.com/movie/kill-the-messenger,5000000.0,6656705.0,112
4689,Kill the Poor,https://www.metacritic.com/movie/kill-the-poor,,,85
4690,Kill Your Darlings,https://www.metacritic.com/movie/kill-your-darlings,,2084815.0,104
4691,Kill Your Friends,https://www.metacritic.com/movie/kill-your-friends,,506721.0,103
4692,Kill Your Idols,https://www.metacritic.com/movie/kill-your-idols,,,75
4693,Kill Zone 2,https://www.metacritic.com/movie/kill-zone-2,,,120
4694,Killer Elite,https://www.metacritic.com/movie/killer-elite,70000000.0,65409046.0,100
4695,Killer Joe,https://www.metacritic.com/movie/killer-joe,10000000.0,4659110.0,102
4696,Killer of Sheep,https://www.metacritic.com/movie/killer-of-sheep,,,80
4697,Killerman,https://www.metacritic.com/movie/killerman,,553407.0,112
4698,Killers,https://www.metacritic.com/movie/killers,75000000.0,95572749.0,93
4699,Killing Bono,https://www.metacritic.com/movie/killing-bono,,1019343.0,114
4700,Killing Ground,https://www.metacritic.com/movie/killing-ground,,44186.0,88
4701,Killing Gunther,https://www.metacritic.com/movie/killing-gunther,,,92
4702,Killing Season,https://www.metacritic.com/movie/killing-season,,48922.0,91
4703,Killing Them Safely,https://www.metacritic.com/movie/killing-them-safely,,,100
4704,Killing Them Softly,https://www.metacritic.com/movie/killing-them-softly,15000000.0,39238443.0,97
4705,Kin,https://www.metacritic.com/movie/kin,30000000.0,10383524.0,102
4706,Kindred,https://www.metacritic.com/movie/kindred,,58102.0,101
4707,King Arthur,https://www.metacritic.com/movie/king-arthur,90000000.0,203653524.0,126
4708,King Arthur: Legend of the Sword,https://www.metacritic.com/movie/king-arthur-legend-of-the-sword,175000000.0,139630336.0,126
4709,King Cobra,https://www.metacritic.com/movie/king-cobra,,,91
4710,King Corn,https://www.metacritic.com/movie/king-corn,,,88
4711,King Georges,https://www.metacritic.com/movie/king-georges,,,77
4712,King Jack,https://www.metacritic.com/movie/king-jack,,9241.0,81
4713,King Kong,https://www.metacritic.com/movie/king-kong,207000000.0,550517357.0,187
4714,King Leopold's Ghost,https://www.metacritic.com/movie/king-leopolds-ghost,,,108
4715,King of California,https://www.metacritic.com/movie/king-of-california,10000000.0,1165102.0,93
4716,King of the Corner,https://www.metacritic.com/movie/king-of-the-corner,,,93
4717,King of the Jungle,https://www.metacritic.com/movie/king-of-the-jungle,,,87
4718,King of Thieves,https://www.metacritic.com/movie/king-of-thieves,,9789472.0,108
4719,King Richard,https://www.metacritic.com/movie/king-richard,50000000.0,38083946.0,144
4720,Kingdom Come,https://www.metacritic.com/movie/kingdom-come,7000000.0,23393939.0,94
4721,Kingdom of Heaven,https://www.metacritic.com/movie/kingdom-of-heaven,110000000.0,218674938.0,144
4722,Kings,https://www.metacritic.com/movie/kings,,874499.0,92
4723,Kings of Pastry,https://www.metacritic.com/movie/kings-of-pastry,,,87
4724,Kings & Queen,https://www.metacritic.com/movie/kings-queen,,,150
4725,King's Ransom,https://www.metacritic.com/movie/kings-ransom,25000000.0,4049527.0,95
4726,Kingsglaive: Final Fantasy XV,https://www.metacritic.com/movie/kingsglaive-final-fantasy-xv,,,110
4727,Kingsman: The Golden Circle,https://www.metacritic.com/movie/kingsman-the-golden-circle,104000000.0,408803696.0,141
4728,Kingsman: The Secret Service,https://www.metacritic.com/movie/kingsman-the-secret-service,94000000.0,404561724.0,129
4729,Kink,https://www.metacritic.com/movie/kink,,,80
4730,Kinky Boots,https://www.metacritic.com/movie/kinky-boots,,8818428.0,107
4731,Kinsey,https://www.metacritic.com/movie/kinsey,11000000.0,17443529.0,118
4732,Kippur,https://www.metacritic.com/movie/kippur,,,124
4733,Kirk Cameron's Saving Christmas,https://www.metacritic.com/movie/kirk-camerons-saving-christmas,,,80
4734,Kiss Kiss Bang Bang,https://www.metacritic.com/movie/kiss-kiss-bang-bang,15000000.0,16829464.0,103
4735,Kiss of the Damned,https://www.metacritic.com/movie/kiss-of-the-damned,,,97
4736,Kiss of the Dragon,https://www.metacritic.com/movie/kiss-of-the-dragon,25000000.0,,98
4737,Kiss of the Spider Woman (re-release),https://www.metacritic.com/movie/kiss-of-the-spider-woman,,,120
4738,Kisses,https://www.metacritic.com/movie/kisses,,,72
4739,Kissing Jessica Stein,https://www.metacritic.com/movie/kissing-jessica-stein,1500000.0,9345061.0,97
4740,Kit Kittredge: An American Girl,https://www.metacritic.com/movie/kit-kittredge-an-american-girl,10000000.0,,101
4741,Kitchen Stories,https://www.metacritic.com/movie/kitchen-stories,,2406347.0,95
4742,Kite,https://www.metacritic.com/movie/kite,,,
4743,Kite,https://www.metacritic.com/movie/kite-2014,,,90
4744,Kites,https://www.metacritic.com/movie/kites,9200000.0,17155193.0,130
4745,Klaus,https://www.metacritic.com/movie/klaus,40000000.0,,96
4746,Klimt,https://www.metacritic.com/movie/klimt,,,
4747,Klitschko,https://www.metacritic.com/movie/klitschko,,,110
4748,Klown,https://www.metacritic.com/movie/klown,,,89
4749,Klown Forever,https://www.metacritic.com/movie/klown-forever,,,99
4750,Km. 0 - Kilometer Zero,https://www.metacritic.com/movie/km-0---kilometer-zero,,,108
4751,Knafayim Shvurot,https://www.metacritic.com/movie/knafayim-shvurot,,606858.0,87
4752,Knife + Heart,https://www.metacritic.com/movie/knife-+-heart,,,102
4753,Knife Fight,https://www.metacritic.com/movie/knife-fight,,,100
4754,Knight and Day,https://www.metacritic.com/movie/knight-and-day,117000000.0,258751370.0,109
4755,Knight of Cups,https://www.metacritic.com/movie/knight-of-cups,,1075486.0,118
4756,Knives and Skin,https://www.metacritic.com/movie/knives-and-skin,,,111
4757,Knives Out,https://www.metacritic.com/movie/knives-out,40000000.0,312952178.0,131
4758,Knock Down the House,https://www.metacritic.com/movie/knock-down-the-house,,,86
4759,Knock Knock,https://www.metacritic.com/movie/knock-knock,2000000.0,6328516.0,99
4760,Knockaround Guys,https://www.metacritic.com/movie/knockaround-guys,15000000.0,12419700.0,92
4761,Knocked Up,https://www.metacritic.com/movie/knocked-up,27500000.0,219265952.0,129
4762,Knocking,https://www.metacritic.com/movie/knocking,,,78
4763,Knockout,https://www.metacritic.com/movie/knockout,,,99
4764,Knowing,https://www.metacritic.com/movie/knowing,50000000.0,186450317.0,121
4765,Knuckle,https://www.metacritic.com/movie/knuckle,,,97
4766,Knuckleball!,https://www.metacritic.com/movie/knuckleball!,,,
4767,Knucklehead,https://www.metacritic.com/movie/knucklehead,,,100
4768,Koch,https://www.metacritic.com/movie/koch,,,100
4769,Kodachrome,https://www.metacritic.com/movie/kodachrome,,119948.0,105
4770,Kon-Tiki,https://www.metacritic.com/movie/kon-tiki,,21572102.0,118
4771,Kong: Skull Island,https://www.metacritic.com/movie/kong-skull-island,185000000.0,561072059.0,118
4772,Korengal,https://www.metacritic.com/movie/korengal,,102538.0,84
4773,Krampus,https://www.metacritic.com/movie/krampus,15000000.0,61788393.0,98
4774,Krisha,https://www.metacritic.com/movie/krisha,30000.0,,83
4775,Krystal,https://www.metacritic.com/movie/krystal,,,90
4776,Kubo and the Two Strings,https://www.metacritic.com/movie/kubo-and-the-two-strings,55000000.0,77548122.0,101
4777,Kumaré,https://www.metacritic.com/movie/kumar,,,84
4778,"Kumiko, The Treasure Hunter",https://www.metacritic.com/movie/kumiko-the-treasure-hunter,,774341.0,105
4779,Kundo: Age of the Rampant,https://www.metacritic.com/movie/kundo-age-of-the-rampant,,,137
4780,Kung Fu Hustle,https://www.metacritic.com/movie/kung-fu-hustle,20000000.0,102034104.0,95
4781,Kung Fu Killer,https://www.metacritic.com/movie/kung-fu-killer,,,100
4782,Kung Fu Panda,https://www.metacritic.com/movie/kung-fu-panda,130000000.0,631910531.0,92
4783,Kung Fu Panda 2,https://www.metacritic.com/movie/kung-fu-panda-2,150000000.0,664837547.0,90
4784,Kung Fu Panda 3,https://www.metacritic.com/movie/kung-fu-panda-3,140000000.0,521170825.0,95
4785,Kung Fu Yoga,https://www.metacritic.com/movie/kung-fu-yoga,,,107
4786,Kung Pow: Enter the Fist,https://www.metacritic.com/movie/kung-pow-enter-the-fist,10000000.0,17033556.0,81
4787,Kurt Cobain About a Son,https://www.metacritic.com/movie/kurt-cobain-about-a-son,,,96
4788,Kurt Cobain: Montage of Heck,https://www.metacritic.com/movie/kurt-cobain-montage-of-heck,,1960196.0,145
4789,Kurt Vonnegut: Unstuck in Time,https://www.metacritic.com/movie/kurt-vonnegut-unstuck-in-time,,,127
4790,Kusama - Infinity,https://www.metacritic.com/movie/kusama---infinity,,541220.0,76
4791,Kuso,https://www.metacritic.com/movie/kuso,,,105
4792,LA 92,https://www.metacritic.com/movie/la-92,,2425.0,114
4793,La bûche,https://www.metacritic.com/movie/la-buche,,,106
4794,La Camioneta: The Journey of One American School Bus,https://www.metacritic.com/movie/la-camioneta-the-journey-of-one-american-school-bus,,,
4795,La Cienaga,https://www.metacritic.com/movie/la-cienaga,,,103
4796,La faute à Fidel!,https://www.metacritic.com/movie/la-faute-a-fidel!,,,99
4797,La Flor,https://www.metacritic.com/movie/la-flor,,1520.0,808
4798,La grande strada azzurra,https://www.metacritic.com/movie/la-grande-strada-azzurra,,,99
4799,La La Land,https://www.metacritic.com/movie/la-la-land,20000000.0,441890079.0,128
4800,La Llorona,https://www.metacritic.com/movie/la-llorona,,300173.0,96
4801,La Maison de la Radio,https://www.metacritic.com/movie/la-maison-de-la-radio,,,99
4802,La mission,https://www.metacritic.com/movie/la-mission,,,117
4803,La Moustache,https://www.metacritic.com/movie/la-moustache,,3078324.0,87
4804,La Mujer de Mi Hermano,https://www.metacritic.com/movie/la-mujer-de-mi-hermano,,7622028.0,89
4805,La nouvelle Ève,https://www.metacritic.com/movie/la-nouvelle-eve,,,94
4806,La Rafle (The Round Up),https://www.metacritic.com/movie/la-rafle-the-round-up,,,115
4807,La Sapienza,https://www.metacritic.com/movie/la-sapienza,,,101
4808,L.A. Twister,https://www.metacritic.com/movie/la-twister,,,92
4809,La Vie en Rose,https://www.metacritic.com/movie/la-vie-en-rose,,,140
4810,Labor Day,https://www.metacritic.com/movie/labor-day-2013,,,111
4811,Labyrinth of Cinema,https://www.metacritic.com/movie/labyrinth-of-cinema,,,179
4812,Labyrinth of Lies,https://www.metacritic.com/movie/labyrinth-of-lies,,,124
4813,Lace Crater,https://www.metacritic.com/movie/lace-crater,,,83
4814,Ladder 49,https://www.metacritic.com/movie/ladder-49,60000000.0,102332848.0,115
4815,Ladies in Lavender.,https://www.metacritic.com/movie/ladies-in-lavender,,19168295.0,104
4816,Ladrón que roba a ladrón,https://www.metacritic.com/movie/ladron-que-roba-a-ladron,,,98
4817,Lady and the Tramp,https://www.metacritic.com/movie/lady-and-the-tramp-2019,,,103
4818,Lady Bird,https://www.metacritic.com/movie/lady-bird,10000000.0,78944998.0,94
4819,Lady Chatterley,https://www.metacritic.com/movie/lady-chatterley,,,168
4820,Lady in the Water,https://www.metacritic.com/movie/lady-in-the-water,75000000.0,72785169.0,110
4821,Lady Macbeth,https://www.metacritic.com/movie/lady-macbeth,,5245263.0,89
4822,Lady Vengeance,https://www.metacritic.com/movie/lady-vengeance,,,112
4823,Lagaan: Once Upon a Time in India,https://www.metacritic.com/movie/lagaan-once-upon-a-time-in-india,,,224
4824,Laggies,https://www.metacritic.com/movie/laggies,,2262436.0,99
4825,Lake City,https://www.metacritic.com/movie/lake-city,,,93
4826,Lake of Fire,https://www.metacritic.com/movie/lake-of-fire,6000000.0,26007.0,152
4827,Lake Tahoe,https://www.metacritic.com/movie/lake-tahoe,,,89
4828,Lakeboat,https://www.metacritic.com/movie/lakeboat,,,98
4829,Lakeview Terrace,https://www.metacritic.com/movie/lakeview-terrace,20000000.0,44821299.0,110
4830,Lamb,https://www.metacritic.com/movie/lamb,,30949.0,97
4831,Lamb,https://www.metacritic.com/movie/lamb-2021,,3089532.0,106
4832,Lambert & Stamp,https://www.metacritic.com/movie/lambert-stamp,,,117
4833,L'amour fou,https://www.metacritic.com/movie/lamour-fou,,1086580.0,98
4834,Lan yu,https://www.metacritic.com/movie/lan-yu,,,86
4835,Lana's Rain,https://www.metacritic.com/movie/lanas-rain,,,107
4836,Land,https://www.metacritic.com/movie/land,,3170075.0,89
4837,Land and Shade,https://www.metacritic.com/movie/land-and-shade,,,97
4838,Land Ho!,https://www.metacritic.com/movie/land-ho!,,,95
4839,Land of Mine,https://www.metacritic.com/movie/land-of-mine,,,100
4840,Land of Plenty,https://www.metacritic.com/movie/land-of-plenty,,,123
4841,Land of the Blind,https://www.metacritic.com/movie/land-of-the-blind,,,
4842,Land of the Dead,https://www.metacritic.com/movie/land-of-the-dead,,,93
4843,Land of the Lost,https://www.metacritic.com/movie/land-of-the-lost,100000000.0,69548641.0,102
4844,Landline,https://www.metacritic.com/movie/landline,,,97
4845,Langrishe Go Down,https://www.metacritic.com/movie/langrishe-go-down,,,105
4846,Language Lessons,https://www.metacritic.com/movie/language-lessons,,,91
4847,Language of a Broken Heart,https://www.metacritic.com/movie/language-of-a-broken-heart,,,
4848,Lansky,https://www.metacritic.com/movie/lansky,,,119
4849,Lantana,https://www.metacritic.com/movie/lantana,,,121
4850,Lara Croft: Tomb Raider,https://www.metacritic.com/movie/lara-croft-tomb-raider,94000000.0,273330185.0,100
4851,Lara Croft Tomb Raider: The Cradle of Life,https://www.metacritic.com/movie/lara-croft-tomb-raider-the-cradle-of-life,90000000.0,157092943.0,117
4852,Larry Crowne,https://www.metacritic.com/movie/larry-crowne,30000000.0,61449135.0,99
4853,Larry the Cable Guy: Health Inspector,https://www.metacritic.com/movie/larry-the-cable-guy-health-inspector,17000000.0,,89
4854,Lars and the Real Girl,https://www.metacritic.com/movie/lars-and-the-real-girl,12500000.0,11277119.0,106
4855,Lassie,https://www.metacritic.com/movie/lassie,,7875911.0,100
4856,Last and First Men,https://www.metacritic.com/movie/last-and-first-men,,,70
4857,Last Cab to Darwin,https://www.metacritic.com/movie/last-cab-to-darwin,,5821137.0,123
4858,Last Call at the Oasis,https://www.metacritic.com/movie/last-call-at-the-oasis,,,105
4859,Last Chance Harvey,https://www.metacritic.com/movie/last-chance-harvey,,34487202.0,93
4860,Last Christmas,https://www.metacritic.com/movie/last-christmas,30000000.0,123446172.0,103
4861,Last Dance,https://www.metacritic.com/movie/last-dance,,,84
4862,Last Days,https://www.metacritic.com/movie/last-days,,1920616.0,97
4863,Last Days Here,https://www.metacritic.com/movie/last-days-here,,,91
4864,Last Days in the Desert,https://www.metacritic.com/movie/last-days-in-the-desert,,6948.0,98
4865,Last Days in Vietnam,https://www.metacritic.com/movie/last-days-in-vietnam,,,98
4866,Last Flag Flying,https://www.metacritic.com/movie/last-flag-flying,,1627983.0,125
4867,Last Hijack,https://www.metacritic.com/movie/last-hijack,,2088.0,83
4868,Last Holiday,https://www.metacritic.com/movie/last-holiday,45000000.0,43343247.0,112
4869,Last Knights,https://www.metacritic.com/movie/last-knights,,1975720.0,115
4870,Last Letter from Your Lover,https://www.metacritic.com/movie/last-letter-from-your-lover,,,110
4871,Last Life in the Universe,https://www.metacritic.com/movie/last-life-in-the-universe,,,112
4872,Last Love,https://www.metacritic.com/movie/last-love,,,116
4873,Last Man Standing: Suge Knight and the Murders of Biggie & Tupac,https://www.metacritic.com/movie/last-man-standing-suge-knight-and-the-murders-of-biggie-tupac,,,105
4874,Last Men in Aleppo,https://www.metacritic.com/movie/last-men-in-aleppo,,,83
4875,Last Night,https://www.metacritic.com/movie/last-night-1969,,12646519.0,90
4876,Last Night in Soho,https://www.metacritic.com/movie/last-night-in-soho,43000000.0,22881725.0,116
4877,Last Orders,https://www.metacritic.com/movie/last-orders,,,109
4878,Last Party 2000,https://www.metacritic.com/movie/last-party-2000,,,90
4879,Last Passenger,https://www.metacritic.com/movie/last-passenger,,26249.0,97
4880,Last Resort,https://www.metacritic.com/movie/last-resort,,,73
4881,Last Ride,https://www.metacritic.com/movie/last-ride,,,90
4882,The Last Stand,https://www.metacritic.com/movie/last-stand,30000000.0,48330757.0,107
4883,Last Stop for Paul,https://www.metacritic.com/movie/last-stop-for-paul,,,83
4884,Last Train Home,https://www.metacritic.com/movie/last-train-home,,,85
4885,Last Vegas,https://www.metacritic.com/movie/last-vegas,,,105
4886,Last Weekend,https://www.metacritic.com/movie/last-weekend,,,94
4887,Late Bloomers,https://www.metacritic.com/movie/late-bloomers,,,95
4888,Late Marriage,https://www.metacritic.com/movie/late-marriage,,,102
4889,Late Night,https://www.metacritic.com/movie/late-night,4000000.0,22373378.0,102
4890,Late Phases,https://www.metacritic.com/movie/late-phases,,,95
4891,Latter Days,https://www.metacritic.com/movie/latter-days,850000.0,865708.0,107
4892,L'Attesa (The Wait),https://www.metacritic.com/movie/lattesa-the-wait,,,100
4893,L'Auberge Espagnole,https://www.metacritic.com/movie/lauberge-espagnole,5900000.0,3910861.0,122
4894,Laura Smiles,https://www.metacritic.com/movie/laura-smiles,,,98
4895,Laurel Canyon,https://www.metacritic.com/movie/laurel-canyon,,4561150.0,103
4896,Laurence Anyways,https://www.metacritic.com/movie/laurence-anyways,,312280.0,168
4897,L'autre monde,https://www.metacritic.com/movie/lautre-monde,,,95
4898,Lavender,https://www.metacritic.com/movie/lavender,,,92
4899,Law Abiding Citizen,https://www.metacritic.com/movie/law-abiding-citizen,53000000.0,131159781.0,108
4900,Lawless,https://www.metacritic.com/movie/lawless,26000000.0,54393687.0,116
4901,Lawless Heart,https://www.metacritic.com/movie/lawless-heart,,,100
4902,Laws of Attraction,https://www.metacritic.com/movie/laws-of-attraction,32000000.0,29939591.0,90
4903,Lay the Favorite,https://www.metacritic.com/movie/lay-the-favorite,,1095134.0,94
4904,Layer Cake,https://www.metacritic.com/movie/layer-cake,6500000.0,11745931.0,105
4905,Lazer Team,https://www.metacritic.com/movie/lazer-team,,1405548.0,102
4906,LBJ,https://www.metacritic.com/movie/lbj,20000000.0,2507181.0,98
4907,Lbs.,https://www.metacritic.com/movie/lbs,,,
4908,Le bossu,https://www.metacritic.com/movie/le-bossu,,,128
4909,Le Chef,https://www.metacritic.com/movie/le-chef,,,84
4910,Change of Plans (Le code a changé),https://www.metacritic.com/movie/le-code-a-change,,,100
4911,Le divorce,https://www.metacritic.com/movie/le-divorce,,12985489.0,117
4912,Le Havre,https://www.metacritic.com/movie/le-havre,5500000.0,13480196.0,103
4913,Le petit lieutenant,https://www.metacritic.com/movie/le-petit-lieutenant,,,110
4914,Le Week-End,https://www.metacritic.com/movie/le-week-end,,10600030.0,93
4915,Lean on Pete,https://www.metacritic.com/movie/lean-on-pete,8000000.0,2455027.0,121
4916,Leaning Into the Wind,https://www.metacritic.com/movie/leaning-into-the-wind,,452372.0,97
4917,Leap!,https://www.metacritic.com/movie/leap!,,,89
4918,Leap of Faith: William Friedkin on the Exorcist,https://www.metacritic.com/movie/leap-of-faith-william-friedkin-on-the-exorcist,,,104
4919,Leap Year,https://www.metacritic.com/movie/leap-year,19000000.0,32618920.0,100
4920,Leap Year,https://www.metacritic.com/movie/leap-year-2011,,,94
4921,Learning to Drive,https://www.metacritic.com/movie/learning-to-drive,,6132564.0,90
4922,Least Among Saints,https://www.metacritic.com/movie/least-among-saints,,,107
4923,Leatherface,https://www.metacritic.com/movie/leatherface,,958650.0,90
4924,Leatherheads,https://www.metacritic.com/movie/leatherheads,58000000.0,41348628.0,114
4925,Leave No Trace,https://www.metacritic.com/movie/leave-no-trace,,7691967.0,109
4926,Leaves of Grass,https://www.metacritic.com/movie/leaves-of-grass,9000000.0,85527.0,105
4927,Leaving,https://www.metacritic.com/movie/leaving,,,85
4928,Lebanon,https://www.metacritic.com/movie/lebanon,,1964789.0,93
4929,"Lebanon, Pa.",https://www.metacritic.com/movie/lebanon-pa,,,100
4930,Lee Daniels' The Butler,https://www.metacritic.com/movie/lee-daniels-the-butler,30000000.0,177025498.0,132
4931,Left Behind,https://www.metacritic.com/movie/left-behind,18500000.0,,96
4932,Left Behind,https://www.metacritic.com/movie/left-behind-2014,16000000.0,20769209.0,110
4933,Left Luggage,https://www.metacritic.com/movie/left-luggage,,,100
4934,Legally Blonde,https://www.metacritic.com/movie/legally-blonde,18000000.0,141809235.0,96
4935,"Legally Blonde 2: Red, White & Blonde",https://www.metacritic.com/movie/legally-blonde-2-red-white-blonde,25000000.0,125339088.0,95
4936,Legend,https://www.metacritic.com/movie/legend,25000000.0,42425450.0,132
4937,Legend of the Fist: The Return of Chen Zhen,https://www.metacritic.com/movie/legend-of-the-fist-the-return-of-chen-zhen,,,105
4938,Legend of the Guardians: The Owls of Ga'Hoole,https://www.metacritic.com/movie/legend-of-the-guardians-the-owls-of-gahoole,100000000.0,139716717.0,97
4939,Legendary,https://www.metacritic.com/movie/legendary,,,107
4940,Legends of Oz: Dorothy's Return,https://www.metacritic.com/movie/legends-of-oz-dorothys-return,70000000.0,20107933.0,88
4941,Legion,https://www.metacritic.com/movie/legion,26000000.0,67647574.0,100
4942,Lemming,https://www.metacritic.com/movie/lemming,,793604.0,129
4943,Lemmy,https://www.metacritic.com/movie/lemmy,,,116
4944,Lemon,https://www.metacritic.com/movie/lemon,,,83
4945,Lemon Tree,https://www.metacritic.com/movie/lemon-tree,,7069672.0,106
4946,Lemony Snicket's A Series of Unfortunate Events,https://www.metacritic.com/movie/lemony-snickets-a-series-of-unfortunate-events,100000000.0,212956024.0,108
4947,Len and Company,https://www.metacritic.com/movie/len-and-company,,,102
4948,L'Enfant (The Child),https://www.metacritic.com/movie/lenfant-the-child,,,100
4949,Lenny Cooke,https://www.metacritic.com/movie/lenny-cooke,,,88
4950,Leonard Cohen: I'm Your Man,https://www.metacritic.com/movie/leonard-cohen-im-your-man,,1394254.0,105
4951,Leonie,https://www.metacritic.com/movie/leonie,,,102
4952,Les amants criminels,https://www.metacritic.com/movie/les-amants-criminels,,,96
4953,Les amitiés maléfiques,https://www.metacritic.com/movie/les-amities-malefiques,,,100
4954,Les convoyeurs attendent,https://www.metacritic.com/movie/les-convoyeurs-attendent,,,94
4955,Les Cowboys,https://www.metacritic.com/movie/les-cowboys,,1317130.0,104
4956,Les Destinées,https://www.metacritic.com/movie/les-destinees,,,180
4957,Les Miserables,https://www.metacritic.com/movie/les-miserables,,,158
4958,Les Misérables,https://www.metacritic.com/movie/les-miserables-2019,,,102
4959,Les Nôtres,https://www.metacritic.com/movie/les-notres,,,103
4960,Let Fury Have the Hour,https://www.metacritic.com/movie/let-fury-have-the-hour,,,100
4961,Let Him Go,https://www.metacritic.com/movie/let-him-go,,10773008.0,113
4962,Let It Snow,https://www.metacritic.com/movie/let-it-snow,,,90
4963,Let Me In,https://www.metacritic.com/movie/let-me-in,20000000.0,28270399.0,116
4964,Let My People Go!,https://www.metacritic.com/movie/let-my-people-go!,,,96
4965,Let the Bullets Fly,https://www.metacritic.com/movie/let-the-bullets-fly,,,132
4966,Let the Corpses Tan,https://www.metacritic.com/movie/let-the-corpses-tan,,,92
4967,Let the Fire Burn,https://www.metacritic.com/movie/let-the-fire-burn,,,88
4968,Let the Right One In,https://www.metacritic.com/movie/let-the-right-one-in,,,115
4969,Let the Sunshine In,https://www.metacritic.com/movie/let-the-sunshine-in,,,94
4970,Let Them All Talk,https://www.metacritic.com/movie/let-them-all-talk,,,113
4971,Leto,https://www.metacritic.com/movie/leto,,,126
4972,Let's Be Cops,https://www.metacritic.com/movie/lets-be-cops,17000000.0,136890774.0,104
4973,Let's Get Frank,https://www.metacritic.com/movie/lets-get-frank,,,75
4974,Let's Go to Prison,https://www.metacritic.com/movie/lets-go-to-prison,4000000.0,,84
4975,Letters from Baghdad,https://www.metacritic.com/movie/letters-from-baghdad,,479651.0,95
4976,Letters from Iwo Jima,https://www.metacritic.com/movie/letters-from-iwo-jima,13000000.0,67867998.0,141
4977,Letters to God,https://www.metacritic.com/movie/letters-to-god,3000000.0,3237452.0,110
4978,Letters to Juliet,https://www.metacritic.com/movie/letters-to-juliet,30000000.0,82148538.0,105
4979,Leviathan,https://www.metacritic.com/movie/leviathan,,,87
4980,Leviathan,https://www.metacritic.com/movie/leviathan-2014,,,140
4981,Levitated Mass,https://www.metacritic.com/movie/levitated-mass,,,88
4982,Levity,https://www.metacritic.com/movie/levity,,,100
4983,Liam,https://www.metacritic.com/movie/liam,,1665705.0,90
4984,Liam Gallagher: As It Was,https://www.metacritic.com/movie/liam-gallagher-as-it-was,,499881.0,85
4985,Liberal Arts,https://www.metacritic.com/movie/liberal-arts,,1143950.0,97
4986,Liberation Day,https://www.metacritic.com/movie/liberation-day,,,100
4987,Liberté,https://www.metacritic.com/movie/liberte,,,132
4988,L'iceberg,https://www.metacritic.com/movie/liceberg,,,84
4989,License to Wed,https://www.metacritic.com/movie/license-to-wed,35000000.0,70187088.0,91
4990,Licorice Pizza,https://www.metacritic.com/movie/licorice-pizza,40000000.0,28820264.0,133
4991,L.I.E.,https://www.metacritic.com/movie/lie,700000.0,,97
4992,Lies,https://www.metacritic.com/movie/lies,,,112
4993,Lies We Tell,https://www.metacritic.com/movie/lies-we-tell,,5765.0,109
4994,Life,https://www.metacritic.com/movie/life-2015,,5536354.0,111
4995,Life,https://www.metacritic.com/movie/life-2017,58000000.0,101815660.0,104
4996,"Life, Above All",https://www.metacritic.com/movie/life-above-all,,,100
4997,Life After Beth,https://www.metacritic.com/movie/life-after-beth,,334491.0,89
4998,Life and Debt,https://www.metacritic.com/movie/life-and-debt,,,80
4999,Life and Nothing More,https://www.metacritic.com/movie/life-and-nothing-more,,,114
5000,"Life, Animated",https://www.metacritic.com/movie/life-animated,,382203.0,89
5001,Life as a House,https://www.metacritic.com/movie/life-as-a-house,18000000.0,23889158.0,125
5002,Life as We Know It,https://www.metacritic.com/movie/life-as-we-know-it,38000000.0,105887837.0,114
5003,Life During Wartime,https://www.metacritic.com/movie/life-during-wartime,4500000.0,,98
5004,Life Happens,https://www.metacritic.com/movie/life-happens,,,100
5005,Life in a Day,https://www.metacritic.com/movie/life-in-a-day,,,95
5006,Life in a Day 2020,https://www.metacritic.com/movie/life-in-a-day-2020,,,90
5007,Life Itself,https://www.metacritic.com/movie/life-itself,,819245.0,120
5008,Life Itself,https://www.metacritic.com/movie/life-itself-2018,,6740747.0,117
5009,Life of a King,https://www.metacritic.com/movie/life-of-a-king,,52666.0,100
5010,Life of Crime,https://www.metacritic.com/movie/life-of-crime,,,98
5011,Life of Pi,https://www.metacritic.com/movie/life-of-pi,120000000.0,619310368.0,127
5012,Life of Riley,https://www.metacritic.com/movie/life-of-riley,,,108
5013,Life of the Party,https://www.metacritic.com/movie/life-of-the-party,30000000.0,65859911.0,105
5014,Life on the Line,https://www.metacritic.com/movie/life-on-the-line,,,97
5015,Life or Something Like It,https://www.metacritic.com/movie/life-or-something-like-it,40000000.0,,103
5016,Life Partners,https://www.metacritic.com/movie/life-partners,,,93
5017,Life's a Breeze,https://www.metacritic.com/movie/lifes-a-breeze,,,83
5018,Light From Light,https://www.metacritic.com/movie/light-from-light,,,82
5019,Light of My Life,https://www.metacritic.com/movie/light-of-my-life,,,119
5020,Lightning in a Bottle,https://www.metacritic.com/movie/lightning-in-a-bottle,,213091.0,103
5021,Lights in the Dusk,https://www.metacritic.com/movie/lights-in-the-dusk,,,78
5022,Lights Out,https://www.metacritic.com/movie/lights-out,5000000.0,148806510.0,81
5023,Like a Boss,https://www.metacritic.com/movie/like-a-boss,29000000.0,26567902.0,83
5024,Like Crazy,https://www.metacritic.com/movie/like-crazy,250000.0,3728400.0,90
5025,Like Crazy,https://www.metacritic.com/movie/like-crazy-2016,,,118
5026,Like Father,https://www.metacritic.com/movie/like-father,,,98
5027,"Like Father, Like Son",https://www.metacritic.com/movie/like-father-like-son,,,121
5028,Like Me,https://www.metacritic.com/movie/like-me,,,80
5029,Like Mike,https://www.metacritic.com/movie/like-mike,30000000.0,62432423.0,99
5030,Like Someone in Love,https://www.metacritic.com/movie/like-someone-in-love,,455688.0,109
5031,Li'l Quinquin,https://www.metacritic.com/movie/lil-quinquin,,14046.0,200
5032,Lila & Eve,https://www.metacritic.com/movie/lila-eve,,,94
5033,Lila Says,https://www.metacritic.com/movie/lila-says,,,89
5034,Lilo & Stitch,https://www.metacritic.com/movie/lilo-stitch,80000000.0,245800000.0,85
5035,Lilting,https://www.metacritic.com/movie/lilting,,47680.0,91
5036,Lilya 4-Ever,https://www.metacritic.com/movie/lilya-4-ever,,,109
5037,Limbo,https://www.metacritic.com/movie/limbo,,762254.0,104
5038,Limelight,https://www.metacritic.com/movie/limelight,,,101
5039,Limitless,https://www.metacritic.com/movie/limitless,27000000.0,155564919.0,105
5040,Lincoln,https://www.metacritic.com/movie/lincoln,65000000.0,273346281.0,150
5041,Linda Ronstadt: The Sound of My Voice,https://www.metacritic.com/movie/linda-ronstadt-the-sound-of-my-voice,,,95
5042,Lingua Franca,https://www.metacritic.com/movie/lingua-franca,,,89
5043,Linsanity,https://www.metacritic.com/movie/linsanity,,288772.0,89
5044,Lion,https://www.metacritic.com/movie/lion,12000000.0,149117900.0,118
5045,Lion's Den,https://www.metacritic.com/movie/lions-den,,,113
5046,Lions for Lambs,https://www.metacritic.com/movie/lions-for-lambs,35000000.0,63211088.0,92
5047,"Lipstick & Dynamite, Piss & Vinegar: The First Ladies of Wrestling",https://www.metacritic.com/movie/lipstick-dynamite-piss-vinegar-the-first-ladies-of-wrestling,,,83
5048,Lisa Picard Is Famous,https://www.metacritic.com/movie/lisa-picard-is-famous,1000000.0,,90
5049,Listen to Me Marlon,https://www.metacritic.com/movie/listen-to-me-marlon,,517793.0,103
5050,Listen Up Philip,https://www.metacritic.com/movie/listen-up-philip,,228263.0,108
5051,Listening to Kenny G,https://www.metacritic.com/movie/listening-to-kenny-g,,,97
5052,"Literally, Right Before Aaron",https://www.metacritic.com/movie/literally-right-before-aaron,,,105
5053,Little,https://www.metacritic.com/movie/little,,49207917.0,109
5054,Little Accidents,https://www.metacritic.com/movie/little-accidents,,,105
5055,Little Ashes,https://www.metacritic.com/movie/little-ashes,,,112
5056,Little Birds,https://www.metacritic.com/movie/little-birds,,,94
5057,Little Black Book,https://www.metacritic.com/movie/little-black-book,30000000.0,21758371.0,111
5058,Little Boxes,https://www.metacritic.com/movie/little-boxes,,,84
5059,Little Boy,https://www.metacritic.com/movie/little-boy,20000000.0,17769299.0,106
5060,Little Children,https://www.metacritic.com/movie/little-children,14000000.0,14121177.0,136
5061,Little Feet,https://www.metacritic.com/movie/little-feet,,,60
5062,Little Fish,https://www.metacritic.com/movie/little-fish,,3222453.0,114
5063,Little Fish,https://www.metacritic.com/movie/little-fish-2021,,,101
5064,Little Fockers,https://www.metacritic.com/movie/little-fockers,100000000.0,310650574.0,98
5065,Little Girl,https://www.metacritic.com/movie/little-girl,,,88
5066,Little Jerusalem,https://www.metacritic.com/movie/little-jerusalem,,,
5067,Little Joe,https://www.metacritic.com/movie/little-joe,,215366.0,105
5068,Little Lili,https://www.metacritic.com/movie/little-lili,,,104
5069,Little Man,https://www.metacritic.com/movie/little-man,64000000.0,101636047.0,98
5070,little man,https://www.metacritic.com/movie/little-man-2005,,,112
5071,Little Manhattan,https://www.metacritic.com/movie/little-manhattan,,469227.0,84
5072,Little Men,https://www.metacritic.com/movie/little-men,,2039514.0,85
5073,Little Miss Sunshine,https://www.metacritic.com/movie/little-miss-sunshine,8000000.0,100642353.0,101
5074,Little Monsters,https://www.metacritic.com/movie/little-monsters,,173622.0,93
5075,Little Nicky,https://www.metacritic.com/movie/little-nicky,80000000.0,58270391.0,90
5076,Little Pink House,https://www.metacritic.com/movie/little-pink-house,,,98
5077,Little Secrets,https://www.metacritic.com/movie/little-secrets,,,96
5078,Little Sister,https://www.metacritic.com/movie/little-sister,,,91
5079,Little White Lies,https://www.metacritic.com/movie/little-white-lies,,,154
5080,Little Women,https://www.metacritic.com/movie/little-women-2018,,1462977.0,112
5081,Little Women,https://www.metacritic.com/movie/little-women-2019,42000000.0,218895434.0,135
5082,Little Woods,https://www.metacritic.com/movie/little-woods,,171910.0,105
5083,Littlerock,https://www.metacritic.com/movie/littlerock,,,84
5084,Live by Night,https://www.metacritic.com/movie/live-by-night,65000000.0,21774432.0,129
5085,Live Cargo,https://www.metacritic.com/movie/live-cargo,,,88
5086,Live Free or Die Hard,https://www.metacritic.com/movie/live-free-or-die-hard,110000000.0,382288147.0,128
5087,Live From New York!,https://www.metacritic.com/movie/live-from-new-york!,,,90
5088,Live-In Maid,https://www.metacritic.com/movie/live-in-maid,,,83
5089,Living in Emergency: Stories of Doctors Without Borders,https://www.metacritic.com/movie/living-in-emergency-stories-of-doctors-without-borders,,,93
5090,Liyana,https://www.metacritic.com/movie/liyana,,,77
5091,Lizzie,https://www.metacritic.com/movie/lizzie,,866537.0,105
5092,Lo and Behold: Reveries of the Connected World,https://www.metacritic.com/movie/lo-and-behold-reveries-of-the-connected-world,,1041280.0,98
5093,Locke,https://www.metacritic.com/movie/locke,2000000.0,2088390.0,85
5094,Locked Down,https://www.metacritic.com/movie/locked-down,,,118
5095,Lockout,https://www.metacritic.com/movie/lockout,20000000.0,33943049.0,95
5096,Logan,https://www.metacritic.com/movie/logan-2017,127000000.0,614202315.0,137
5097,Logan Lucky,https://www.metacritic.com/movie/logan-lucky,29000000.0,49046121.0,118
5098,Loggerheads,https://www.metacritic.com/movie/loggerheads,,,95
5099,Loitering with Intent,https://www.metacritic.com/movie/loitering-with-intent,,,80
5100,Lola Versus,https://www.metacritic.com/movie/lola-versus,,509954.0,87
5101,Lolo,https://www.metacritic.com/movie/lolo,,7355896.0,99
5102,London,https://www.metacritic.com/movie/london,2000000.0,,92
5103,London Boulevard,https://www.metacritic.com/movie/london-boulevard,,6111194.0,103
5104,London Fields,https://www.metacritic.com/movie/london-fields,8000000.0,433732.0,118
5105,London Has Fallen,https://www.metacritic.com/movie/london-has-fallen,60000000.0,195194085.0,99
5106,London River,https://www.metacritic.com/movie/london-river,,,87
5107,London Road,https://www.metacritic.com/movie/london-road,,,91
5108,London to Brighton,https://www.metacritic.com/movie/london-to-brighton,,,85
5109,London Town,https://www.metacritic.com/movie/london-town,,1124.0,92
5110,The Lone Ranger,https://www.metacritic.com/movie/lone-ranger,225000000.0,260002115.0,149
5111,Lone Survivor,https://www.metacritic.com/movie/lone-survivor,40000000.0,149804632.0,121
5112,Lonely Hearts,https://www.metacritic.com/movie/lonely-hearts,,,108
5113,Lonesome Jim,https://www.metacritic.com/movie/lonesome-jim,500000.0,602789.0,91
5114,Long Day's Journey Into Night,https://www.metacritic.com/movie/long-days-journey-into-night,,,138
5115,Long Shot,https://www.metacritic.com/movie/long-shot-2019,40000000.0,53624424.0,125
5116,Long Strange Trip,https://www.metacritic.com/movie/long-strange-trip,,,238
5117,Long Way North,https://www.metacritic.com/movie/long-way-north,,,81
5118,Long Weekend,https://www.metacritic.com/movie/long-weekend-2021,,,91
5119,Look,https://www.metacritic.com/movie/look,,,98
5120,Look at Me,https://www.metacritic.com/movie/look-at-me,,45992.0,110
5121,Look Both Ways,https://www.metacritic.com/movie/look-both-ways,,107260.0,100
5122,Look & See: A Portrait of Wendell Berry,https://www.metacritic.com/movie/look-see-a-portrait-of-wendell-berry,,,82
5123,Looking for an Echo,https://www.metacritic.com/movie/looking-for-an-echo,,,97
5124,Looking for Comedy in the Muslim World,https://www.metacritic.com/movie/looking-for-comedy-in-the-muslim-world,,,98
5125,Looking for Eric,https://www.metacritic.com/movie/looking-for-eric,,10559972.0,116
5126,Looking for Kitty,https://www.metacritic.com/movie/looking-for-kitty,,,
5127,Looking for Palladin,https://www.metacritic.com/movie/looking-for-palladin,,,115
5128,Looking Glass,https://www.metacritic.com/movie/looking-glass,,80612.0,103
5129,Looney Tunes: Back in Action,https://www.metacritic.com/movie/looney-tunes-back-in-action,80000000.0,54540662.0,91
5130,Looper,https://www.metacritic.com/movie/looper,30000000.0,170466405.0,119
5131,Loosies,https://www.metacritic.com/movie/loosies,,425378.0,88
5132,Lord of the Dance in 3D,https://www.metacritic.com/movie/lord-of-the-dance-in-3d,,,90
5133,Lord of War,https://www.metacritic.com/movie/lord-of-war,42000000.0,60437727.0,122
5134,Lords of Chaos,https://www.metacritic.com/movie/lords-of-chaos,,343402.0,118
5135,Lords of Dogtown,https://www.metacritic.com/movie/lords-of-dogtown,,,107
5136,Lore,https://www.metacritic.com/movie/lore,,2197863.0,109
5137,Lorelei,https://www.metacritic.com/movie/lorelei,,,111
5138,Lorna's Silence,https://www.metacritic.com/movie/lornas-silence,,,105
5139,Loro,https://www.metacritic.com/movie/loro,,,158
5140,Los Angeles Plays Itself,https://www.metacritic.com/movie/los-angeles-plays-itself,,,169
5141,Loser,https://www.metacritic.com/movie/loser,20000000.0,18250106.0,98
5142,Losing Control,https://www.metacritic.com/movie/losing-control,,,
5143,Lost and Delirious,https://www.metacritic.com/movie/lost-and-delirious,,,103
5144,Lost Boys of Sudan,https://www.metacritic.com/movie/lost-boys-of-sudan,,,87
5145,Lost Embrace,https://www.metacritic.com/movie/lost-embrace,,,100
5146,Lost Girls,https://www.metacritic.com/movie/lost-girls,,,95
5147,Lost Girls & Love Hotels,https://www.metacritic.com/movie/lost-girls-love-hotels,,,97
5148,Lost in La Mancha,https://www.metacritic.com/movie/lost-in-la-mancha,,2440345.0,89
5149,Lost in Paris,https://www.metacritic.com/movie/lost-in-paris,,,83
5150,Lost in Translation,https://www.metacritic.com/movie/lost-in-translation,4000000.0,117085297.0,102
5151,Lost River,https://www.metacritic.com/movie/lost-river,,,95
5152,Lost Souls,https://www.metacritic.com/movie/lost-souls,28000000.0,31320293.0,97
5153,Lost Transmissions,https://www.metacritic.com/movie/lost-transmissions,,,105
5154,Lottery Ticket,https://www.metacritic.com/movie/lottery-ticket,17000000.0,,99
5155,Lotus Eaters,https://www.metacritic.com/movie/lotus-eaters,,,78
5156,Louder Than a Bomb,https://www.metacritic.com/movie/louder-than-a-bomb,,,99
5157,Louder Than Bombs,https://www.metacritic.com/movie/louder-than-bombs,,1428004.0,109
5158,Louder Than Words,https://www.metacritic.com/movie/louder-than-words,,,95
5159,loudQUIETloud: A Film About the Pixies,https://www.metacritic.com/movie/loudquietloud-a-film-about-the-pixies,,,85
5160,Lourdes,https://www.metacritic.com/movie/lourdes,,,96
5161,Love,https://www.metacritic.com/movie/love-2015,,814975.0,135
5162,Love Actually,https://www.metacritic.com/movie/love-actually,45000000.0,246671987.0,135
5163,Love After Love,https://www.metacritic.com/movie/love-after-love,,,91
5164,Love & Air Sex,https://www.metacritic.com/movie/love-air-sex,,,
5165,Love and Diane,https://www.metacritic.com/movie/love-and-diane,,,
5166,Love and Honor,https://www.metacritic.com/movie/love-and-honor,,76985.0,100
5167,Love and Monsters,https://www.metacritic.com/movie/love-and-monsters,,1131683.0,109
5168,Love and Other Drugs,https://www.metacritic.com/movie/love-and-other-drugs,30000000.0,102716321.0,112
5169,"Love, Antosha",https://www.metacritic.com/movie/love-antosha,,62900.0,92
5170,Love at First Fight,https://www.metacritic.com/movie/love-at-first-fight,,,98
5171,Love & Basketball,https://www.metacritic.com/movie/love-basketball,15000000.0,27709625.0,124
5172,"Love, Cecil",https://www.metacritic.com/movie/love-cecil,,107940.0,98
5173,Love Crime,https://www.metacritic.com/movie/love-crime,,,104
5174,Love Don't Cost a Thing,https://www.metacritic.com/movie/love-dont-cost-a-thing,,21937235.0,100
5175,Love Etc.,https://www.metacritic.com/movie/love-etc-2011,,,99
5176,Love Exposure,https://www.metacritic.com/movie/love-exposure,,,237
5177,Love & Friendship,https://www.metacritic.com/movie/love-friendship,,20896937.0,92
5178,"Love, Gilda",https://www.metacritic.com/movie/love-gilda,,,88
5179,Love Happens,https://www.metacritic.com/movie/love-happens,18000000.0,36133014.0,109
5180,Love Hard,https://www.metacritic.com/movie/love-hard,,,104
5181,Love in the Buff,https://www.metacritic.com/movie/love-in-the-buff,,,112
5182,Love in the Time of Cholera,https://www.metacritic.com/movie/love-in-the-time-of-cholera,45000000.0,31077418.0,139
5183,Love in the Time of Money,https://www.metacritic.com/movie/love-in-the-time-of-money,,,90
5184,Love Is All You Need,https://www.metacritic.com/movie/love-is-all-you-need,,,116
5185,Love Is in the Air,https://www.metacritic.com/movie/love-is-in-the-air,,,96
5186,Love Is Strange,https://www.metacritic.com/movie/love-is-strange,,2925217.0,94
5187,Love Liza,https://www.metacritic.com/movie/love-liza,1000000.0,,90
5188,"Love, Marilyn",https://www.metacritic.com/movie/love-marilyn,,,105
5189,Love Me If You Dare,https://www.metacritic.com/movie/love-me-if-you-dare,,8387030.0,93
5190,Love & Mercy,https://www.metacritic.com/movie/love-mercy,,14949908.0,121
5191,Love Object,https://www.metacritic.com/movie/love-object,,,88
5192,Love Ranch,https://www.metacritic.com/movie/love-ranch,25000000.0,146149.0,117
5193,"Love, Rosie",https://www.metacritic.com/movie/love-rosie,,6146520.0,102
5194,Love & Sex,https://www.metacritic.com/movie/love-sex,,,82
5195,"Love, Simon",https://www.metacritic.com/movie/love-simon,10000000.0,65520633.0,110
5196,Love Songs,https://www.metacritic.com/movie/love-songs,,,100
5197,Love the Coopers,https://www.metacritic.com/movie/love-the-coopers,18000000.0,44263413.0,107
5198,Love the Hard Way,https://www.metacritic.com/movie/love-the-hard-way,,,104
5199,"Love, Wedding, Marriage",https://www.metacritic.com/movie/love-wedding-marriage,,51917.0,90
5200,Love Wedding Repeat,https://www.metacritic.com/movie/love-wedding-repeat,,,100
5201,"Love, Weddings & Other Disasters",https://www.metacritic.com/movie/love-weddings-other-disasters,,658011.0,90
5202,Lovelace,https://www.metacritic.com/movie/lovelace,,437770.0,93
5203,Loveless,https://www.metacritic.com/movie/loveless,,,92
5204,Loveless,https://www.metacritic.com/movie/loveless-2017,,,127
5205,Lovely & Amazing,https://www.metacritic.com/movie/lovely-amazing,,,91
5206,Lovely Molly,https://www.metacritic.com/movie/lovely-molly,,368322.0,99
5207,"Lovely, Still",https://www.metacritic.com/movie/lovely-still,5000000.0,282687.0,92
5208,Lover for a Day,https://www.metacritic.com/movie/lover-for-a-day,,,76
5209,Loverboy,https://www.metacritic.com/movie/loverboy,,,84
5210,Lovers of Hate,https://www.metacritic.com/movie/lovers-of-hate,,,93
5211,Love's Labour's Lost,https://www.metacritic.com/movie/loves-labours-lost,,,93
5212,Lovesong,https://www.metacritic.com/movie/lovesong,,,84
5213,Loving,https://www.metacritic.com/movie/loving,9000000.0,12898064.0,123
5214,Loving Jezebel,https://www.metacritic.com/movie/loving-jezebel,,,87
5215,Loving Pablo,https://www.metacritic.com/movie/loving-pablo,,15450490.0,123
5216,Loving Vincent,https://www.metacritic.com/movie/loving-vincent,5500000.0,44077249.0,94
5217,Low Down,https://www.metacritic.com/movie/low-down,,,114
5218,Low Tide,https://www.metacritic.com/movie/low-tide,,,86
5219,Lower City,https://www.metacritic.com/movie/lower-city,,,98
5220,Lowlife,https://www.metacritic.com/movie/lowlife,,,96
5221,Lowriders,https://www.metacritic.com/movie/lowriders,916000.0,6188421.0,99
5222,Lu Over the Wall,https://www.metacritic.com/movie/lu-over-the-wall,,,112
5223,Luca,https://www.metacritic.com/movie/luca,,49788012.0,95
5224,Luce,https://www.metacritic.com/movie/luce,,2268375.0,109
5225,Lucha Mexico,https://www.metacritic.com/movie/lucha-mexico,,,103
5226,"Lucía, Lucía",https://www.metacritic.com/movie/lucia-lucia,,,110
5227,Lucky,https://www.metacritic.com/movie/lucky,,,103
5228,Lucky,https://www.metacritic.com/movie/lucky-2017,,2600032.0,88
5229,Lucky,https://www.metacritic.com/movie/lucky-2020,,,83
5230,Lucky Bastard,https://www.metacritic.com/movie/lucky-bastard,,,94
5231,Lucky Break,https://www.metacritic.com/movie/lucky-break,6000000.0,4316497.0,108
5232,Lucky Grandma,https://www.metacritic.com/movie/lucky-grandma,,82548.0,100
5233,Lucky Number Slevin,https://www.metacritic.com/movie/lucky-number-slevin,27000000.0,55495466.0,110
5234,Lucky Numbers,https://www.metacritic.com/movie/lucky-numbers,65000000.0,,105
5235,Lucky Them,https://www.metacritic.com/movie/lucky-them,,81819.0,97
5236,Lucky You,https://www.metacritic.com/movie/lucky-you,55000000.0,6521829.0,124
5237,Lucy,https://www.metacritic.com/movie/lucy,40000000.0,457507776.0,89
5238,Lucy in the Sky,https://www.metacritic.com/movie/lucy-in-the-sky,27000000.0,325943.0,124
5239,"Lula, the Son of Brazil",https://www.metacritic.com/movie/lula-the-son-of-brazil,,,130
5240,Lullaby,https://www.metacritic.com/movie/lullaby,,,117
5241,Luminarias,https://www.metacritic.com/movie/luminarias,1000000.0,,100
5242,Luminous Motion,https://www.metacritic.com/movie/luminous-motion,,,91
5243,Lumumba,https://www.metacritic.com/movie/lumumba,,,115
5244,Lunacy,https://www.metacritic.com/movie/lunacy,,,118
5245,Lupin III: The Castle of Cagliostro,https://www.metacritic.com/movie/lupin-iii-the-castle-of-cagliostro,,,100
5246,"Lust, Caution",https://www.metacritic.com/movie/lust-caution,,,157
5247,Lustre,https://www.metacritic.com/movie/lustre,,,81
5248,Luther,https://www.metacritic.com/movie/luther,35000000.0,32717063.0,123
5249,LUV,https://www.metacritic.com/movie/luv,,,94
5250,Luz,https://www.metacritic.com/movie/luz,,,70
5251,Luzzu,https://www.metacritic.com/movie/luzzu,,,94
5252,Lying and Stealing,https://www.metacritic.com/movie/lying-and-stealing,,465303.0,100
5253,Lymelife,https://www.metacritic.com/movie/lymelife,,,95
5254,Lynch,https://www.metacritic.com/movie/lynch,,,84
5255,Ma,https://www.metacritic.com/movie/ma,,,80
5256,Ma,https://www.metacritic.com/movie/ma-2019,5000000.0,61220784.0,99
5257,ma ma,https://www.metacritic.com/movie/ma-ma,,1205490.0,111
5258,Ma Rainey's Black Bottom,https://www.metacritic.com/movie/ma-raineys-black-bottom,,,94
5259,Macbeth,https://www.metacritic.com/movie/macbeth,,,109
5260,Macbeth,https://www.metacritic.com/movie/macbeth-2015,,13108052.0,113
5261,MacGruber,https://www.metacritic.com/movie/macgruber,10000000.0,8629895.0,90
5262,Machete,https://www.metacritic.com/movie/machete,12500000.0,46370970.0,105
5263,Machete Kills,https://www.metacritic.com/movie/machete-kills,20000000.0,18273009.0,107
5264,Machine Gun Preacher,https://www.metacritic.com/movie/machine-gun-preacher,30000000.0,3721988.0,123
5265,Machines,https://www.metacritic.com/movie/machines,,14331.0,71
5266,Machuca,https://www.metacritic.com/movie/machuca,,,121
5267,Mad As Hell,https://www.metacritic.com/movie/mad-as-hell,,,80
5268,Mad Detective,https://www.metacritic.com/movie/mad-detective,,,
5269,Mad Hot Ballroom,https://www.metacritic.com/movie/mad-hot-ballroom,500000.0,9387581.0,105
5270,Mad Love,https://www.metacritic.com/movie/mad-love,,,115
5271,Mad Max: Fury Road,https://www.metacritic.com/movie/mad-max-fury-road,150000000.0,367457874.0,120
5272,Mad Money,https://www.metacritic.com/movie/mad-money,22000000.0,25044057.0,104
5273,Madadayo,https://www.metacritic.com/movie/madadayo,,,134
5274,Madagascar,https://www.metacritic.com/movie/madagascar,75000000.0,556559566.0,86
5275,Madagascar 3: Europe's Most Wanted,https://www.metacritic.com/movie/madagascar-3-europes-most-wanted,145000000.0,746921271.0,93
5276,Madagascar: Escape 2 Africa,https://www.metacritic.com/movie/madagascar-escape-2-africa,150000000.0,599680774.0,89
5277,Madame Bovary,https://www.metacritic.com/movie/madame-bovary,,,118
5278,Madame Satã,https://www.metacritic.com/movie/madame-sata,,434053.0,105
5279,Made,https://www.metacritic.com/movie/made,5000000.0,5476060.0,95
5280,Made in America,https://www.metacritic.com/movie/made-in-america,,,
5281,Made in Dagenham,https://www.metacritic.com/movie/made-in-dagenham,8000000.0,15644196.0,113
5282,Made in Italy,https://www.metacritic.com/movie/made-in-italy,,2725424.0,94
5283,Made of Honor,https://www.metacritic.com/movie/made-of-honor,40000000.0,106548738.0,101
5284,Made-Up,https://www.metacritic.com/movie/made-up,,,96
5285,Madea Goes to Jail,https://www.metacritic.com/movie/madea-goes-to-jail,17500000.0,,103
5286,Madea's Big Happy Family,https://www.metacritic.com/movie/madeas-big-happy-family,25000000.0,54160818.0,106
5287,Madea's Family Reunion,https://www.metacritic.com/movie/madeas-family-reunion,10000000.0,63320521.0,107
5288,Madea's Witness Protection,https://www.metacritic.com/movie/madeas-witness-protection,,,114
5289,Madeline's Madeline,https://www.metacritic.com/movie/madelines-madeline,500000.0,197340.0,93
5290,Mademoiselle C,https://www.metacritic.com/movie/mademoiselle-c,,,93
5291,Mademoiselle Chambon,https://www.metacritic.com/movie/mademoiselle-chambon,,,101
5292,Madison,https://www.metacritic.com/movie/madison,15500000.0,,99
5293,"Madrid, 1987",https://www.metacritic.com/movie/madrid-1987,,,
5294,Maelstrom,https://www.metacritic.com/movie/maelstrom,,,87
5295,Maestro,https://www.metacritic.com/movie/maestro,,,89
5296,Maggie,https://www.metacritic.com/movie/maggie,4500000.0,1027760.0,95
5297,Maggie's Plan,https://www.metacritic.com/movie/maggies-plan,,7091326.0,98
5298,Magic in the Moonlight,https://www.metacritic.com/movie/magic-in-the-moonlight,,33518508.0,97
5299,Magic Magic,https://www.metacritic.com/movie/magic-magic,,,97
5300,Magic Mike,https://www.metacritic.com/movie/magic-mike,7000000.0,170549753.0,110
5301,Magic Mike XXL,https://www.metacritic.com/movie/magic-mike-xxl,14500000.0,123580421.0,115
5302,Magic Trip,https://www.metacritic.com/movie/magic-trip,,161897.0,90
5303,Magician: The Astonishing Life and Work of Orson Welles,https://www.metacritic.com/movie/magician-the-astonishing-life-and-work-of-orson-welles,,,
5304,Magnificent Desolation: Walking on the Moon 3D,https://www.metacritic.com/movie/magnificent-desolation-walking-on-the-moon-3d,,,40
5305,Magnus,https://www.metacritic.com/movie/magnus,,8041.0,78
5306,Maid in Manhattan,https://www.metacritic.com/movie/maid-in-manhattan,55000000.0,163838217.0,105
5307,Maidan,https://www.metacritic.com/movie/maidan,,,134
5308,Maiden,https://www.metacritic.com/movie/maiden,,3456725.0,97
5309,Maidentrip,https://www.metacritic.com/movie/maidentrip,,,82
5310,Mail Order Wife,https://www.metacritic.com/movie/mail-order-wife,,,92
5311,Mainstream,https://www.metacritic.com/movie/mainstream,,40209.0,94
5312,Major Dundee (re-release),https://www.metacritic.com/movie/major-dundee,,,123
5313,Makala,https://www.metacritic.com/movie/makala,,127277.0,96
5314,Make Believe,https://www.metacritic.com/movie/make-believe,,,88
5315,Make It Funky!,https://www.metacritic.com/movie/make-it-funky!,,,110
5316,Make Up,https://www.metacritic.com/movie/make-up,,32208.0,86
5317,Make Your Move,https://www.metacritic.com/movie/make-your-move,,176639.0,110
5318,Making the Boys,https://www.metacritic.com/movie/making-the-boys,,,90
5319,Making Waves: The Art of Cinematic Sound,https://www.metacritic.com/movie/making-waves-the-art-of-cinematic-sound,,64008.0,94
5320,Mala Mala,https://www.metacritic.com/movie/mala-mala,,,87
5321,Maladies,https://www.metacritic.com/movie/maladies,,,96
5322,Malcolm & Marie,https://www.metacritic.com/movie/malcolm-marie,,,106
5323,Maleficent,https://www.metacritic.com/movie/maleficent,180000000.0,758536735.0,97
5324,Maleficent: Mistress of Evil,https://www.metacritic.com/movie/maleficent-mistress-of-evil,185000000.0,489346495.0,119
5325,Malèna,https://www.metacritic.com/movie/malena,,,109
5326,Malevolence,https://www.metacritic.com/movie/malevolence,200000.0,346106.0,90
5327,Malibu's Most Wanted,https://www.metacritic.com/movie/malibus-most-wanted,15000000.0,34499204.0,86
5328,Malignant,https://www.metacritic.com/movie/malignant,40000000.0,33986283.0,111
5329,Malmkrog,https://www.metacritic.com/movie/malmkrog,,,201
5330,Mama,https://www.metacritic.com/movie/mama,15000000.0,148095566.0,100
5331,Mama Weed,https://www.metacritic.com/movie/mama-weed,,,104
5332,Mambo italiano,https://www.metacritic.com/movie/mambo-italiano,5500000.0,12399772.0,99
5333,Mamma Mia!,https://www.metacritic.com/movie/mamma-mia!,52000000.0,602891655.0,108
5334,Mamma Mia! Here We Go Again,https://www.metacritic.com/movie/mamma-mia!-here-we-go-again,75000000.0,399228127.0,114
5335,Mammoth,https://www.metacritic.com/movie/mammoth,,,125
5336,Man Down,https://www.metacritic.com/movie/man-down,,19623.0,92
5337,Man from Reno,https://www.metacritic.com/movie/man-from-reno,,,111
5338,Man in the Chair,https://www.metacritic.com/movie/man-in-the-chair,,,
5339,Man of Steel,https://www.metacritic.com/movie/man-of-steel,225000000.0,667999518.0,143
5340,Man of Tai Chi,https://www.metacritic.com/movie/man-of-tai-chi,,2054941.0,105
5341,Man of the House,https://www.metacritic.com/movie/man-of-the-house,50000000.0,22099706.0,100
5342,Man of the Year,https://www.metacritic.com/movie/man-of-the-year,20000000.0,41342180.0,115
5343,Man on a Ledge,https://www.metacritic.com/movie/man-on-a-ledge,42000000.0,49621440.0,102
5344,Man on Fire,https://www.metacritic.com/movie/man-on-fire,60000000.0,130968579.0,146
5345,Man on the Train,https://www.metacritic.com/movie/man-on-the-train,,,90
5346,Man on Wire,https://www.metacritic.com/movie/man-on-wire,1900000.0,5617067.0,94
5347,Man Push Cart,https://www.metacritic.com/movie/man-push-cart,,,87
5348,Man Up,https://www.metacritic.com/movie/man-up,,3056781.0,88
5349,Management,https://www.metacritic.com/movie/management,,2434658.0,94
5350,Manakamana,https://www.metacritic.com/movie/manakamana,,,118
5351,Manchester by the Sea,https://www.metacritic.com/movie/manchester-by-the-sea,8500000.0,77733867.0,137
5352,Manda Bala (Send a Bullet),https://www.metacritic.com/movie/manda-bala-send-a-bullet,,,
5353,Mandela: Long Walk to Freedom,https://www.metacritic.com/movie/mandela-long-walk-to-freedom,35000000.0,29890402.0,141
5354,Manderlay,https://www.metacritic.com/movie/manderlay,14200000.0,543306.0,139
5355,Mandibles,https://www.metacritic.com/movie/mandibles,,,77
5356,Mandy,https://www.metacritic.com/movie/mandy,6000000.0,1485002.0,121
5357,Manglehorn,https://www.metacritic.com/movie/manglehorn,4000000.0,797439.0,97
5358,Manhattan Night,https://www.metacritic.com/movie/manhattan-night,,155424.0,113
5359,Manhunt,https://www.metacritic.com/movie/manhunt,,,106
5360,Maniac,https://www.metacritic.com/movie/maniac,,,89
5361,Manic,https://www.metacritic.com/movie/manic,,,100
5362,Manifesto,https://www.metacritic.com/movie/manifesto,,432337.0,95
5363,Manito,https://www.metacritic.com/movie/manito,25000.0,,78
5364,Mank,https://www.metacritic.com/movie/mank,,99752.0,
5365,Manna from Heaven,https://www.metacritic.com/movie/manna-from-heaven,,,119
5366,Manny,https://www.metacritic.com/movie/manny,,,88
5367,Manolo: The Boy Who Made Shoes for Lizards,https://www.metacritic.com/movie/manolo-the-boy-who-made-shoes-for-lizards,,64887.0,89
5368,Manos Sucias,https://www.metacritic.com/movie/manos-sucias,,,84
5369,Mansome,https://www.metacritic.com/movie/mansome,,,82
5370,Manufactured Landscapes,https://www.metacritic.com/movie/manufactured-landscapes,,,80
5371,Manuscripts Don't Burn,https://www.metacritic.com/movie/manuscripts-dont-burn,,,125
5372,Mao's Last Dancer,https://www.metacritic.com/movie/maos-last-dancer,18000000.0,25941437.0,117
5373,Mapplethorpe,https://www.metacritic.com/movie/mapplethorpe,,,102
5374,Mapplethorpe: Look at the Pictures,https://www.metacritic.com/movie/mapplethorpe-look-at-the-pictures,,66522.0,108
5375,Maps to the Stars,https://www.metacritic.com/movie/maps-to-the-stars,,884136.0,111
5376,Maquia: When the Promised Flower Blooms,https://www.metacritic.com/movie/maquia-when-the-promised-flower-blooms,,,115
5377,Marathon,https://www.metacritic.com/movie/marathon,,,74
5378,Marcel Proust's Time Regained,https://www.metacritic.com/movie/marcel-prousts-time-regained,,,169
5379,March of the Penguins,https://www.metacritic.com/movie/march-of-the-penguins,,,80
5380,Marci X,https://www.metacritic.com/movie/marci-x,20000000.0,,84
5381,Mardi Gras: Made in China,https://www.metacritic.com/movie/mardi-gras-made-in-china,,,72
5382,Marebito (The Stranger from Afar),https://www.metacritic.com/movie/marebito-the-stranger-from-afar,,,92
5383,Marfa Girl,https://www.metacritic.com/movie/marfa-girl,,,105
5384,Margaret,https://www.metacritic.com/movie/margaret,14000000.0,623292.0,149
5385,Margaret Cho: Assassin,https://www.metacritic.com/movie/margaret-cho-assassin,,,90
5386,Margarita Happy Hour,https://www.metacritic.com/movie/margarita-happy-hour,,,98
5387,Margin Call,https://www.metacritic.com/movie/margin-call,3400000.0,20433227.0,105
5388,Margot at the Wedding,https://www.metacritic.com/movie/margot-at-the-wedding,,2368218.0,91
5389,Marguerite,https://www.metacritic.com/movie/marguerite,,9092352.0,129
5390,Marguerite & Julien,https://www.metacritic.com/movie/marguerite-julien,,,105
5391,Maria by Callas,https://www.metacritic.com/movie/maria-by-callas,,2795383.0,119
5392,Maria Full of Grace,https://www.metacritic.com/movie/maria-full-of-grace,3200000.0,14441158.0,101
5393,Marianne & Leonard: Words of Love,https://www.metacritic.com/movie/marianne-leonard-words-of-love,,2060462.0,102
5394,Marie Antoinette,https://www.metacritic.com/movie/marie-antoinette,40000000.0,60862471.0,123
5395,Marie's Story,https://www.metacritic.com/movie/maries-story,,234204.0,95
5396,Marilyn Hotchkiss' Ballroom Dancing & Charm School,https://www.metacritic.com/movie/marilyn-hotchkiss-ballroom-dancing-charm-school,,,103
5397,Marina Abramovic: The Artist Is Present,https://www.metacritic.com/movie/marina-abramovic-the-artist-is-present,,14663001.0,106
5398,Marion Bridge,https://www.metacritic.com/movie/marion-bridge,,,90
5399,Marius,https://www.metacritic.com/movie/marius,,,93
5400,Marjorie Prime,https://www.metacritic.com/movie/marjorie-prime,,224845.0,99
5401,Mark Felt: The Man Who Brought Down the White House,https://www.metacritic.com/movie/mark-felt-the-man-who-brought-down-the-white-house,,1806266.0,103
5402,"Mark, Mary & Some Other People",https://www.metacritic.com/movie/mark-mary-some-other-people,,,90
5403,Marley,https://www.metacritic.com/movie/marley,,5319734.0,144
5404,Marley & Me,https://www.metacritic.com/movie/marley-me,60000000.0,247812011.0,115
5405,Marlina the Murderer in Four Acts,https://www.metacritic.com/movie/marlina-the-murderer-in-four-acts,,7438.0,93
5406,Marmaduke,https://www.metacritic.com/movie/marmaduke,50000000.0,89895930.0,87
5407,Marona's Fantastic Tale,https://www.metacritic.com/movie/maronas-fantastic-tale,,,92
5408,Marooned in Iraq,https://www.metacritic.com/movie/marooned-in-iraq,,,
5409,Marriage Story,https://www.metacritic.com/movie/marriage-story,8600000.0,320349.0,137
5410,Married Life,https://www.metacritic.com/movie/married-life,12000000.0,2975188.0,91
5411,Mars Needs Moms,https://www.metacritic.com/movie/mars-needs-moms,150000000.0,39549758.0,88
5412,Marshall,https://www.metacritic.com/movie/marshall,12000000.0,10116816.0,118
5413,Martha Marcy May Marlene,https://www.metacritic.com/movie/martha-marcy-may-marlene,1000000.0,5438911.0,120
5414,Martian Child,https://www.metacritic.com/movie/martian-child,27000000.0,9352089.0,106
5415,Martin Eden,https://www.metacritic.com/movie/martin-eden,,3185003.0,129
5416,Martin Lawrence Live: Runteldat,https://www.metacritic.com/movie/martin-lawrence-live-runteldat,3000000.0,,113
5417,Martin Margiela: In His Own Words,https://www.metacritic.com/movie/martin-margiela-in-his-own-words,,,90
5418,Martin & Orloff,https://www.metacritic.com/movie/martin-orloff,,,87
5419,Martyrs,https://www.metacritic.com/movie/martyrs,,1548909.0,86
5420,Marwencol,https://www.metacritic.com/movie/marwencol,,,83
5421,Mary,https://www.metacritic.com/movie/mary-2019,,943159.0,84
5422,Mary and The Witch's Flower,https://www.metacritic.com/movie/mary-and-the-witchs-flower,,,102
5423,Mary Magdalene,https://www.metacritic.com/movie/mary-magdalene,,11710327.0,120
5424,Mary Poppins Returns,https://www.metacritic.com/movie/mary-poppins-returns,130000000.0,348901032.0,130
5425,Mary Queen of Scots,https://www.metacritic.com/movie/mary-queen-of-scots,25000000.0,47020146.0,124
5426,Mary Shelley,https://www.metacritic.com/movie/mary-shelley,,2792316.0,120
5427,Maryam,https://www.metacritic.com/movie/maryam,,,87
5428,Mascots,https://www.metacritic.com/movie/mascots,,,89
5429,Masked and Anonymous,https://www.metacritic.com/movie/masked-and-anonymous,7500000.0,555335.0,
5430,Mass,https://www.metacritic.com/movie/mass,,148183.0,110
5431,"Massoud, the Afghan",https://www.metacritic.com/movie/massoud-the-afghan,,,89
5432,Master and Commander: The Far Side of the World,https://www.metacritic.com/movie/master-and-commander-the-far-side-of-the-world,135000000.0,212912137.0,138
5433,Master Z: Ip Man Legacy,https://www.metacritic.com/movie/master-z-ip-man-legacy,,,107
5434,Masterminds,https://www.metacritic.com/movie/masterminds,25000000.0,30850666.0,95
5435,MATANGI/MAYA/M.I.A.,https://www.metacritic.com/movie/matangimayamia,,467363.0,96
5436,Match,https://www.metacritic.com/movie/match,,,90
5437,Match Point,https://www.metacritic.com/movie/match-point,15000000.0,87950928.0,124
5438,Matchstick Men,https://www.metacritic.com/movie/matchstick-men,,59165300.0,116
5439,Material Girls,https://www.metacritic.com/movie/material-girls,,12449638.0,97
5440,Materna,https://www.metacritic.com/movie/materna,,,105
5441,Matt Shepard Is a Friend of Mine,https://www.metacritic.com/movie/matt-shepard-is-a-friend-of-mine,,,89
5442,Matthew Barney: No Restraint,https://www.metacritic.com/movie/matthew-barney-no-restraint,,,72
5443,Matthias & Maxime,https://www.metacritic.com/movie/matthias-maxime,,,119
5444,Mau Mau Sex Sex,https://www.metacritic.com/movie/mau-mau-sex-sex,,,80
5445,Maudie,https://www.metacritic.com/movie/maudie,,11850575.0,115
5446,Mavis!,https://www.metacritic.com/movie/mavis!,,,80
5447,Max,https://www.metacritic.com/movie/max,,724675.0,106
5448,Max,https://www.metacritic.com/movie/max-2015,20000000.0,43658157.0,111
5449,Max Keeble's Big Move,https://www.metacritic.com/movie/max-keebles-big-move,12000000.0,,86
5450,Max Manus,https://www.metacritic.com/movie/max-manus,,,118
5451,Max Payne,https://www.metacritic.com/movie/max-payne,35000000.0,87775050.0,100
5452,Max Rose,https://www.metacritic.com/movie/max-rose,,,83
5453,Max Steel,https://www.metacritic.com/movie/max-steel,10000000.0,4563080.0,92
5454,"Maxed Out: Hard Times, Easy Credit and the Era of Predatory Lenders",https://www.metacritic.com/movie/maxed-out-hard-times-easy-credit-and-the-era-of-predatory-lenders,,,90
5455,May,https://www.metacritic.com/movie/may,1750000.0,634803.0,93
5456,May in the Summer,https://www.metacritic.com/movie/may-in-the-summer,,,99
5457,Maya Dardel,https://www.metacritic.com/movie/maya-dardel,,,104
5458,Maya the Bee Movie,https://www.metacritic.com/movie/maya-the-bee-movie,,,89
5459,Maybe Baby,https://www.metacritic.com/movie/maybe-baby,,7019147.0,104
5460,Mayhem,https://www.metacritic.com/movie/mayhem,,17366.0,86
5461,Mayor,https://www.metacritic.com/movie/mayor,,,89
5462,Mayor of the Sunset Strip,https://www.metacritic.com/movie/mayor-of-the-sunset-strip,,262564.0,94
5463,Mayor Pete,https://www.metacritic.com/movie/mayor-pete,,,96
5464,Maze,https://www.metacritic.com/movie/maze,,,97
5465,Maze Runner: The Death Cure,https://www.metacritic.com/movie/maze-runner-the-death-cure,61000000.0,265878536.0,141
5466,Maze Runner: The Scorch Trials,https://www.metacritic.com/movie/maze-runner-the-scorch-trials,61000000.0,310566162.0,132
5467,MC5*: A True Testimonial,https://www.metacritic.com/movie/mc5-a-true-testimonial,,10888.0,120
5468,McCanick,https://www.metacritic.com/movie/mccanick,,,96
5469,McCullin,https://www.metacritic.com/movie/mccullin,,,91
5470,McFarland USA,https://www.metacritic.com/movie/mcfarland-usa,17000000.0,45707924.0,129
5471,McQueen,https://www.metacritic.com/movie/mcqueen,,2693044.0,111
5472,Me and Earl and the Dying Girl,https://www.metacritic.com/movie/me-and-earl-and-the-dying-girl,8000000.0,9266180.0,105
5473,Me and Orson Welles,https://www.metacritic.com/movie/me-and-orson-welles,25000000.0,,114
5474,Me and You,https://www.metacritic.com/movie/me-and-you,,,103
5475,Me and You and Everyone We Know,https://www.metacritic.com/movie/me-and-you-and-everyone-we-know,2000000.0,9615464.0,91
5476,Me Before You,https://www.metacritic.com/movie/me-before-you,20000000.0,208064908.0,110
5477,Me & Isaac Newton,https://www.metacritic.com/movie/me-isaac-newton,,,
5478,Me Myself I,https://www.metacritic.com/movie/me-myself-i,,,104
5479,"Me, Myself & Irene",https://www.metacritic.com/movie/me-myself-irene,51000000.0,149270999.0,116
5480,Me Without You,https://www.metacritic.com/movie/me-without-you,,,107
5481,Me You Them,https://www.metacritic.com/movie/me-you-them,,,104
5482,Mea Maxima Culpa: Silence in the House of God,https://www.metacritic.com/movie/mea-maxima-culpa-silence-in-the-house-of-god,,64323.0,106
5483,Meadowland,https://www.metacritic.com/movie/meadowland,,,105
5484,Mean Creek,https://www.metacritic.com/movie/mean-creek,500000.0,1348750.0,90
5485,Mean Dreams,https://www.metacritic.com/movie/mean-dreams,,,108
5486,Mean Girls,https://www.metacritic.com/movie/mean-girls,18000000.0,130714469.0,97
5487,Mean Machine,https://www.metacritic.com/movie/mean-machine,4500000.0,,99
5488,Measure for Measure,https://www.metacritic.com/movie/measure-for-measure,,,107
5489,Measure of a Man,https://www.metacritic.com/movie/measure-of-a-man,,,100
5490,Mechanic: Resurrection,https://www.metacritic.com/movie/mechanic-resurrection,40000000.0,125729635.0,98
5491,Medeas,https://www.metacritic.com/movie/medeas,,,97
5492,Medicine for Melancholy,https://www.metacritic.com/movie/medicine-for-melancholy,,,88
5493,Mediterranea,https://www.metacritic.com/movie/mediterranea,,384501.0,107
5494,Medora,https://www.metacritic.com/movie/medora,,,100
5495,Meduzot,https://www.metacritic.com/movie/meduzot,,,78
5496,Meek's Cutoff,https://www.metacritic.com/movie/meeks-cutoff,2000000.0,1869928.0,104
5497,Meet Bill,https://www.metacritic.com/movie/meet-bill,,357464.0,93
5498,Meet Dave,https://www.metacritic.com/movie/meet-dave,60000000.0,50648806.0,90
5499,Meet Me in Montenegro,https://www.metacritic.com/movie/meet-me-in-montenegro,,,90
5500,Meet Monica Velour,https://www.metacritic.com/movie/meet-monica-velour,,,98
5501,Meet the Browns,https://www.metacritic.com/movie/meet-the-browns,20000000.0,,100
5502,Meet the Fockers,https://www.metacritic.com/movie/meet-the-fockers,60000000.0,516567575.0,115
5503,Meet the Fokkens,https://www.metacritic.com/movie/meet-the-fokkens,,,80
5504,Meet the Parents,https://www.metacritic.com/movie/meet-the-parents,55000000.0,330425040.0,108
5505,Meet the Patels,https://www.metacritic.com/movie/meet-the-patels,,,88
5506,Meet the Robinsons,https://www.metacritic.com/movie/meet-the-robinsons,,170552719.0,95
5507,Meet the Spartans,https://www.metacritic.com/movie/meet-the-spartans,30000000.0,84646831.0,
5508,Meeting Gorbachev,https://www.metacritic.com/movie/meeting-gorbachev,,327912.0,90
5509,Meeting Resistance,https://www.metacritic.com/movie/meeting-resistance,,,84
5510,Meeting Spencer,https://www.metacritic.com/movie/meeting-spencer,,,86
5511,Megamind,https://www.metacritic.com/movie/megamind,130000000.0,321887208.0,95
5512,Megan Leavey,https://www.metacritic.com/movie/megan-leavey,,14464838.0,116
5513,Melancholia,https://www.metacritic.com/movie/melancholia,9400000.0,21817298.0,137
5514,Melancholian 3 huonetta,https://www.metacritic.com/movie/melancholian-3-huonetta,,,106
5515,Melinda and Melinda,https://www.metacritic.com/movie/melinda-and-melinda,,19826280.0,99
5516,Memento,https://www.metacritic.com/movie/memento,5000000.0,39719431.0,113
5517,Memoir of War,https://www.metacritic.com/movie/memoir-of-war,,,127
5518,Memoirs of a Geisha,https://www.metacritic.com/movie/memoirs-of-a-geisha,85000000.0,161510853.0,145
5519,Memoirs of My Nervous Illness,https://www.metacritic.com/movie/memoirs-of-my-nervous-illness,,,80
5520,Memoria,https://www.metacritic.com/movie/memoria-2020,,462861.0,136
5521,Memories of Murder,https://www.metacritic.com/movie/memories-of-murder,,,132
5522,Memories of Tomorrow,https://www.metacritic.com/movie/memories-of-tomorrow,,,122
5523,Memory: The Origins of Alien,https://www.metacritic.com/movie/memory-the-origins-of-alien,,38995.0,95
5524,Memphis,https://www.metacritic.com/movie/memphis,,,75
5525,Men & Chicken,https://www.metacritic.com/movie/men-chicken,,,104
5526,Men Go to Battle,https://www.metacritic.com/movie/men-go-to-battle,,,98
5527,Men in Black II,https://www.metacritic.com/movie/men-in-black-ii,,,88
5528,Men in Black III,https://www.metacritic.com/movie/men-in-black-iii,,,106
5529,Men in Black: International,https://www.metacritic.com/movie/men-in-black-international,110000000.0,253020464.0,114
5530,Men of Honor,https://www.metacritic.com/movie/men-of-honor,32000000.0,82339483.0,129
5531,Men on the Bridge,https://www.metacritic.com/movie/men-on-the-bridge,,,87
5532,"Men, Women & Children",https://www.metacritic.com/movie/men-women-children,,,119
5533,Menashe,https://www.metacritic.com/movie/menashe,,1944300.0,82
5534,Mental,https://www.metacritic.com/movie/mental,,4385959.0,116
5535,Merchants of Doubt,https://www.metacritic.com/movie/merchants-of-doubt,,200562.0,96
5536,Merci Docteur Rey,https://www.metacritic.com/movie/merci-docteur-rey,,,91
5537,Merci pour le Chocolat,https://www.metacritic.com/movie/merci-pour-le-chocolat,,,99
5538,Mercy,https://www.metacritic.com/movie/mercy,,,87
5539,Merry Christmas,https://www.metacritic.com/movie/merry-christmas,,,116
5540,Meru,https://www.metacritic.com/movie/meru,,2350820.0,87
5541,Mesrine: Killer Instinct,https://www.metacritic.com/movie/mesrine-killer-instinct,,,113
5542,Mesrine: Public Enemy No. 1,https://www.metacritic.com/movie/mesrine-public-enemy-no-1,,,133
5543,Metal: A Headbanger's Journey,https://www.metacritic.com/movie/metal-a-headbangers-journey,,,96
5544,Metallica: Some Kind of Monster,https://www.metacritic.com/movie/metallica-some-kind-of-monster,,2223844.0,141
5545,Metallica: Through the Never,https://www.metacritic.com/movie/metallica-through-the-never,18000000.0,9082906.0,93
5546,Metro Manila,https://www.metacritic.com/movie/metro-manila,,,115
5547,Metropolis,https://www.metacritic.com/movie/metropolis-2002,,,108
5548,MI-5,https://www.metacritic.com/movie/mi-5,,,104
5549,Mia and the Migoo,https://www.metacritic.com/movie/mia-and-the-migoo,,,
5550,Mia Madre,https://www.metacritic.com/movie/mia-madre,,10885816.0,106
5551,Miami Vice,https://www.metacritic.com/movie/miami-vice,135000000.0,164920076.0,134
5552,Michael,https://www.metacritic.com/movie/michael-2012,,,96
5553,Michael Clayton,https://www.metacritic.com/movie/michael-clayton,21500000.0,92987651.0,119
5554,Michael Jackson's Journey from Motown to Off the Wall,https://www.metacritic.com/movie/michael-jacksons-journey-from-motown-to-off-the-wall,,3025.0,93
5555,Michael Jordan to the Max,https://www.metacritic.com/movie/michael-jordan-to-the-max,7000000.0,19276267.0,46
5556,Michael Moore in TrumpLand,https://www.metacritic.com/movie/michael-moore-in-trumpland,,,73
5557,Mickey and the Bear,https://www.metacritic.com/movie/mickey-and-the-bear,,,88
5558,Micmac - Au four et au moulin,https://www.metacritic.com/movie/micmac---au-four-et-au-moulin,,,47
5559,Micmacs,https://www.metacritic.com/movie/micmacs,42000000.0,18821576.0,105
5560,Microbe and Gasoline,https://www.metacritic.com/movie/microbe-and-gasoline,,,105
5561,Mid-August Lunch,https://www.metacritic.com/movie/mid-august-lunch,,,75
5562,Mid90s,https://www.metacritic.com/movie/mid90s,,9187575.0,85
5563,Middle Men,https://www.metacritic.com/movie/middle-men,20000000.0,,105
5564,Middle of Nowhere,https://www.metacritic.com/movie/middle-of-nowhere,200000.0,,97
5565,Middle School: The Worst Years of My Life,https://www.metacritic.com/movie/middle-school-the-worst-years-of-my-life,8500000.0,23311293.0,92
5566,Midnight Eagle,https://www.metacritic.com/movie/midnight-eagle,,,132
5567,Midnight Family,https://www.metacritic.com/movie/midnight-family,,77205.0,81
5568,Midnight in Paris,https://www.metacritic.com/movie/midnight-in-paris,30000000.0,162275213.0,100
5569,Midnight in the Switchgrass,https://www.metacritic.com/movie/midnight-in-the-switchgrass,15000000.0,97518.0,98
5570,Midnight Special,https://www.metacritic.com/movie/midnight-special,18000000.0,7680250.0,112
5571,Midnight Sun,https://www.metacritic.com/movie/midnight-sun,2800000.0,26952508.0,91
5572,Midnight Traveler,https://www.metacritic.com/movie/midnight-traveler,,50349.0,88
5573,Midnighters,https://www.metacritic.com/movie/midnighters,,,94
5574,Midnight's Children,https://www.metacritic.com/movie/midnights-children,,,146
5575,Midsommar,https://www.metacritic.com/movie/midsommar,9000000.0,46830824.0,147
5576,Midway,https://www.metacritic.com/movie/midway,100000000.0,126829063.0,138
5577,Mifune: The Last Samurai,https://www.metacritic.com/movie/mifune-the-last-samurai,,,80
5578,Mifune's Last Song,https://www.metacritic.com/movie/mifunes-last-song,,,98
5579,Mighty Fine,https://www.metacritic.com/movie/mighty-fine,,,
5580,Mike and Dave Need Wedding Dates,https://www.metacritic.com/movie/mike-and-dave-need-wedding-dates-2016,33000000.0,75898100.0,98
5581,Mike Wallace Is Here,https://www.metacritic.com/movie/mike-wallace-is-here,,,90
5582,Milarepa,https://www.metacritic.com/movie/milarepa,,,90
5583,Mile 22,https://www.metacritic.com/movie/mile-22,35000000.0,66295121.0,94
5584,Miles Ahead,https://www.metacritic.com/movie/miles-ahead,,5117098.0,100
5585,Miles Davis: Birth of the Cool,https://www.metacritic.com/movie/miles-davis-birth-of-the-cool,,1464542.0,115
5586,Milford Graves Full Mantis,https://www.metacritic.com/movie/milford-graves-full-mantis,,,91
5587,Military Wives,https://www.metacritic.com/movie/military-wives,,5088702.0,112
5588,Milk,https://www.metacritic.com/movie/milk,20000000.0,57293371.0,128
5589,Milk and Honey,https://www.metacritic.com/movie/milk-and-honey,,,90
5590,Millennium Actress,https://www.metacritic.com/movie/millennium-actress,,,87
5591,Millennium Mambo,https://www.metacritic.com/movie/millennium-mambo,,,119
5592,Million Dollar Arm,https://www.metacritic.com/movie/million-dollar-arm,25000000.0,39217912.0,124
5593,Million Dollar Baby,https://www.metacritic.com/movie/million-dollar-baby,30000000.0,231928227.0,132
5594,Millions,https://www.metacritic.com/movie/millions,,12337828.0,98
5595,"Milwaukee, Minnesota",https://www.metacritic.com/movie/milwaukee-minnesota,,,95
5596,Mimosas,https://www.metacritic.com/movie/mimosas,,103909.0,96
5597,Minari,https://www.metacritic.com/movie/minari,2000000.0,15516257.0,115
5598,Mind the Gap,https://www.metacritic.com/movie/mind-the-gap,,,134
5599,Mindhorn,https://www.metacritic.com/movie/mindhorn,,816452.0,89
5600,Mindhunters,https://www.metacritic.com/movie/mindhunters,27000000.0,16566235.0,106
5601,Minding the Gap,https://www.metacritic.com/movie/minding-the-gap,,90388.0,93
5602,Mine,https://www.metacritic.com/movie/mine,,1714156.0,106
5603,Mine 9,https://www.metacritic.com/movie/mine-9,,,83
5604,Minions,https://www.metacritic.com/movie/minions,74000000.0,1159631140.0,91
5605,Mini's First Time,https://www.metacritic.com/movie/minis-first-time,,,91
5606,Minority Report,https://www.metacritic.com/movie/minority-report,102000000.0,358824714.0,145
5607,Minyan,https://www.metacritic.com/movie/minyan,,2408.0,118
5608,Miracle,https://www.metacritic.com/movie/miracle,28000000.0,64474705.0,135
5609,Miracle at St. Anna,https://www.metacritic.com/movie/miracle-at-st-anna,45000000.0,9676497.0,160
5610,Miracles from Heaven,https://www.metacritic.com/movie/miracles-from-heaven,13000000.0,73814432.0,109
5611,Mirai,https://www.metacritic.com/movie/mirai,,,98
5612,Miral,https://www.metacritic.com/movie/miral,,,112
5613,Mirror Mirror,https://www.metacritic.com/movie/mirror-mirror,85000000.0,173613482.0,106
5614,MirrorMask,https://www.metacritic.com/movie/mirrormask,4000000.0,973613.0,101
5615,Mirrors,https://www.metacritic.com/movie/mirrors,35000000.0,77220596.0,110
5616,Misbehaviour,https://www.metacritic.com/movie/misbehaviour,,2024073.0,106
5617,Misconduct,https://www.metacritic.com/movie/misconduct,11000000.0,2352511.0,106
5618,Misery Loves Comedy,https://www.metacritic.com/movie/misery-loves-comedy,,,94
5619,Misha and the Wolves,https://www.metacritic.com/movie/misha-and-the-wolves,,,90
5620,Miss Americana,https://www.metacritic.com/movie/miss-americana,,,86
5621,Miss Bala,https://www.metacritic.com/movie/miss-bala,,,113
5622,Miss Bala,https://www.metacritic.com/movie/miss-bala-2019,15000000.0,15364632.0,104
5623,Miss Congeniality,https://www.metacritic.com/movie/miss-congeniality,45000000.0,213420951.0,109
5624,Miss Congeniality 2: Armed & Fabulous,https://www.metacritic.com/movie/miss-congeniality-2-armed-fabulous,,,115
5625,Miss Hokusai,https://www.metacritic.com/movie/miss-hokusai,,,93
5626,Miss Julie,https://www.metacritic.com/movie/miss-julie-2014,5500000.0,863895.0,129
5627,Miss Juneteenth,https://www.metacritic.com/movie/miss-juneteenth,,38355.0,103
5628,Miss Lovely,https://www.metacritic.com/movie/miss-lovely,,,113
5629,Miss March,https://www.metacritic.com/movie/miss-march,6000000.0,4713059.0,89
5630,Miss Meadows,https://www.metacritic.com/movie/miss-meadows,,,88
5631,Miss Minoes,https://www.metacritic.com/movie/miss-minoes,,,86
5632,Miss Peregrine's Home for Peculiar Children,https://www.metacritic.com/movie/miss-peregrines-home-for-peculiar-children,110000000.0,295986876.0,127
5633,Miss Pettigrew Lives for a Day,https://www.metacritic.com/movie/miss-pettigrew-lives-for-a-day,,15172953.0,92
5634,Miss Potter,https://www.metacritic.com/movie/miss-potter,30000000.0,35891257.0,92
5635,Miss Sharon Jones!,https://www.metacritic.com/movie/miss-sharon-jones!,,,93
5636,Miss Sloane,https://www.metacritic.com/movie/miss-sloane,18000000.0,7768259.0,132
5637,Miss Stevens,https://www.metacritic.com/movie/miss-stevens,,138760.0,86
5638,Miss You Already,https://www.metacritic.com/movie/miss-you-already,,8164049.0,112
5639,Missing Link,https://www.metacritic.com/movie/missing-link,,25390202.0,94
5640,Mission: Impossible - Ghost Protocol,https://www.metacritic.com/movie/mission-impossible---ghost-protocol,145000000.0,694713230.0,133
5641,Mission: Impossible - Rogue Nation,https://www.metacritic.com/movie/mission-impossible---rogue-nation,150000000.0,688858992.0,131
5642,Mission: Impossible – Fallout,https://www.metacritic.com/movie/mission-impossible-fallout,178000000.0,787176729.0,147
5643,Mission: Impossible II,https://www.metacritic.com/movie/mission-impossible-ii,,,123
5644,Mission: Impossible III,https://www.metacritic.com/movie/mission-impossible-iii,150000000.0,399387745.0,126
5645,Mission to Lars,https://www.metacritic.com/movie/mission-to-lars,,,74
5646,Mission to Mars,https://www.metacritic.com/movie/mission-to-mars,90000000.0,106000000.0,114
5647,Mississippi Grind,https://www.metacritic.com/movie/mississippi-grind,,448641.0,108
5648,Mistaken for Strangers,https://www.metacritic.com/movie/mistaken-for-strangers,,248397.0,75
5649,Mister America,https://www.metacritic.com/movie/mister-america,,,
5650,Mister Foe,https://www.metacritic.com/movie/mister-foe,,,95
5651,Mister Lonely,https://www.metacritic.com/movie/mister-lonely,,,112
5652,Mistress America,https://www.metacritic.com/movie/mistress-america,,4133126.0,84
5653,Misunderstood,https://www.metacritic.com/movie/misunderstood,,,103
5654,MLK/FBI,https://www.metacritic.com/movie/mlkfbi,,,104
5655,Moana,https://www.metacritic.com/movie/moana,150000000.0,634965560.0,107
5656,Mobile Homes,https://www.metacritic.com/movie/mobile-homes,,,105
5657,Moby Doc,https://www.metacritic.com/movie/moby-doc,,,92
5658,Modigliani,https://www.metacritic.com/movie/modigliani,,,128
5659,Moebius,https://www.metacritic.com/movie/moebius,,,89
5660,Moffie,https://www.metacritic.com/movie/moffie,,28701.0,104
5661,Mogul Mowgli,https://www.metacritic.com/movie/mogul-mowgli,,74476.0,89
5662,Mohawk,https://www.metacritic.com/movie/mohawk,,,91
5663,Mojados: Through the Night,https://www.metacritic.com/movie/mojados-through-the-night,,,65
5664,Mojave,https://www.metacritic.com/movie/mojave,,9213.0,93
5665,Moka,https://www.metacritic.com/movie/moka,,1889304.0,89
5666,Molière,https://www.metacritic.com/movie/moliere,21600000.0,791154.0,120
5667,Molly's Game,https://www.metacritic.com/movie/mollys-game,30000000.0,53296424.0,140
5668,Molly's Theory of Relativity,https://www.metacritic.com/movie/mollys-theory-of-relativity,,,102
5669,Mom and Dad,https://www.metacritic.com/movie/mom-and-dad,,,86
5670,Momma's Man,https://www.metacritic.com/movie/mommas-man,,,94
5671,Mommy,https://www.metacritic.com/movie/mommy,4900000.0,17536004.0,139
5672,Moms' Night Out,https://www.metacritic.com/movie/moms-night-out,5000000.0,10537341.0,98
5673,Mona Lisa Smile,https://www.metacritic.com/movie/mona-lisa-smile,65000000.0,141205169.0,117
5674,Monday,https://www.metacritic.com/movie/monday,,,116
5675,Mondays in the Sun,https://www.metacritic.com/movie/mondays-in-the-sun,4000000.0,,113
5676,Mondovino,https://www.metacritic.com/movie/mondovino,,2806533.0,135
5677,Money Buys Happiness,https://www.metacritic.com/movie/money-buys-happiness,,,109
5678,Money for Nothing: Inside the Federal Reserve,https://www.metacritic.com/movie/money-for-nothing-inside-the-federal-reserve,,,104
5679,Money Monster,https://www.metacritic.com/movie/money-monster,27000000.0,93466095.0,98
5680,Moneyball,https://www.metacritic.com/movie/moneyball,50000000.0,111300835.0,133
5681,Mongol: The Rise of Genghis Khan,https://www.metacritic.com/movie/mongol-the-rise-of-genghis-khan,,,126
5682,Mongolian Ping Pong,https://www.metacritic.com/movie/mongolian-ping-pong,,,102
5683,Monkey Kingdom,https://www.metacritic.com/movie/monkey-kingdom,,17159530.0,81
5684,Monkeybone,https://www.metacritic.com/movie/monkeybone,75000000.0,,93
5685,Monogamy,https://www.metacritic.com/movie/monogamy,,,94
5686,Monos,https://www.metacritic.com/movie/monos,2000000.0,2014409.0,102
5687,"Monrovia, Indiana",https://www.metacritic.com/movie/monrovia-indiana,,68127.0,143
5688,Monsieur Ibrahim,https://www.metacritic.com/movie/monsieur-ibrahim,,,95
5689,Monsieur Lazhar,https://www.metacritic.com/movie/monsieur-lazhar,,,94
5690,Monsieur N.,https://www.metacritic.com/movie/monsieur-n,,,120
5691,Monsoon,https://www.metacritic.com/movie/monsoon,,192814.0,85
5692,Monsoon Wedding,https://www.metacritic.com/movie/monsoon-wedding,1200000.0,27025600.0,114
5693,Monster,https://www.metacritic.com/movie/monster,5000000.0,64200321.0,109
5694,Monster,https://www.metacritic.com/movie/monster-2021,,,98
5695,Monster House,https://www.metacritic.com/movie/monster-house,75000000.0,141267370.0,91
5696,Monster Hunt,https://www.metacritic.com/movie/monster-hunt,,,117
5697,Monster Hunter,https://www.metacritic.com/movie/monster-hunter,60000000.0,44458221.0,103
5698,Monster-in-Law,https://www.metacritic.com/movie/monster-in-law,45000000.0,155931301.0,101
5699,Monster Trucks,https://www.metacritic.com/movie/monster-trucks,125000000.0,61642798.0,105
5700,Monsters,https://www.metacritic.com/movie/monsters,500000.0,5639730.0,94
5701,Monsters and Men,https://www.metacritic.com/movie/monsters-and-men,,510987.0,96
5702,Monster's Ball,https://www.metacritic.com/movie/monsters-ball,4000000.0,43766463.0,111
5703,Monsters: Dark Continent,https://www.metacritic.com/movie/monsters-dark-continent,,52750.0,119
5704,"Monsters, Inc.",https://www.metacritic.com/movie/monsters-inc,115000000.0,560483719.0,92
5705,Monsters University,https://www.metacritic.com/movie/monsters-university,200000000.0,743455810.0,104
5706,Monsters vs Aliens,https://www.metacritic.com/movie/monsters-vs-aliens,175000000.0,381687380.0,94
5707,Monte Carlo,https://www.metacritic.com/movie/monte-carlo,20000000.0,39686769.0,109
5708,Monumental: David Brower's Fight for Wild America,https://www.metacritic.com/movie/monumental-david-browers-fight-for-wild-america,,,88
5709,Mood Indigo,https://www.metacritic.com/movie/mood-indigo,,,94
5710,Moog,https://www.metacritic.com/movie/moog,,,72
5711,Moolaadé,https://www.metacritic.com/movie/moolaade,,361385.0,124
5712,Moon,https://www.metacritic.com/movie/moon,5000000.0,10676073.0,97
5713,Moonlight,https://www.metacritic.com/movie/moonlight,,,91
5714,Moonlight,https://www.metacritic.com/movie/moonlight-2016,1500000.0,65157139.0,111
5715,Moonlight Mile,https://www.metacritic.com/movie/moonlight-mile,21000000.0,,117
5716,Moonlight Sonata: Deafness in Three Movements,https://www.metacritic.com/movie/moonlight-sonata-deafness-in-three-movements,,,90
5717,Moonrise Kingdom,https://www.metacritic.com/movie/moonrise-kingdom,16000000.0,68848446.0,94
5718,Moonwalkers,https://www.metacritic.com/movie/moonwalkers,,189033.0,107
5719,More Than a Game,https://www.metacritic.com/movie/more-than-a-game,,960387.0,105
5720,More Than Honey,https://www.metacritic.com/movie/more-than-honey,,8244071.0,95
5721,Morgan,https://www.metacritic.com/movie/morgan,8000000.0,7298786.0,92
5722,Morlang,https://www.metacritic.com/movie/morlang,,,
5723,Morning,https://www.metacritic.com/movie/morning,,,95
5724,Morning Glory,https://www.metacritic.com/movie/morning-glory,40000000.0,59795070.0,107
5725,Morning Light,https://www.metacritic.com/movie/morning-light,,,97
5726,Morning Sun,https://www.metacritic.com/movie/morning-sun,,,117
5727,Morris from America,https://www.metacritic.com/movie/morris-from-america,,,91
5728,Mortal Engines,https://www.metacritic.com/movie/mortal-engines,100000000.0,85480271.0,128
5729,Mortal Kombat,https://www.metacritic.com/movie/mortal-kombat-2021,55000000.0,83508369.0,110
5730,Mortdecai,https://www.metacritic.com/movie/mortdecai,60000000.0,30396134.0,107
5731,Morvern Callar,https://www.metacritic.com/movie/morvern-callar,6000000.0,,97
5732,"Moscow, Belgium",https://www.metacritic.com/movie/moscow-belgium,,,102
5733,Moscow Never Sleeps,https://www.metacritic.com/movie/moscow-never-sleeps,,,100
5734,Mosquita y Mari,https://www.metacritic.com/movie/mosquita-y-mari,,,85
5735,Mosquito State,https://www.metacritic.com/movie/mosquito-state,,,100
5736,Most Beautiful Island,https://www.metacritic.com/movie/most-beautiful-island,,6596.0,80
5737,Most Wanted,https://www.metacritic.com/movie/most-wanted,,,125
5738,Mostly Martha,https://www.metacritic.com/movie/mostly-martha,,4412148.0,109
5739,Mother,https://www.metacritic.com/movie/mother,,,128
5740,mother!,https://www.metacritic.com/movie/mother!,30000000.0,42531076.0,121
5741,Mother and Child,https://www.metacritic.com/movie/mother-and-child,7000000.0,6537179.0,125
5742,Mother/Android,https://www.metacritic.com/movie/mother-android,,,
5743,Mother of George,https://www.metacritic.com/movie/mother-of-george,,,107
5744,Mother of Tears,https://www.metacritic.com/movie/mother-of-tears,,,
5745,Motherhood,https://www.metacritic.com/movie/motherhood,10000000.0,723388.0,90
5746,Mothering Sunday,https://www.metacritic.com/movie/mothering-sunday,,813201.0,104
5747,Motherless Brooklyn,https://www.metacritic.com/movie/motherless-brooklyn,26000000.0,18477736.0,144
5748,Mothers and Daughters,https://www.metacritic.com/movie/mothers-and-daughters,,,90
5749,Mother's Day,https://www.metacritic.com/movie/mothers-day,,,112
5750,Mother's Day,https://www.metacritic.com/movie/mothers-day-2016,25000000.0,52367022.0,118
5751,Moulin Rouge!,https://www.metacritic.com/movie/moulin-rouge!,53000000.0,179199536.0,127
5752,Mountain,https://www.metacritic.com/movie/mountain-2018,,997653.0,74
5753,Mountain Patrol,https://www.metacritic.com/movie/mountain-patrol,,,90
5754,Mountains May Depart,https://www.metacritic.com/movie/mountains-may-depart,,,131
5755,Mouth to Mouth,https://www.metacritic.com/movie/mouth-to-mouth,,,101
5756,Movie 43,https://www.metacritic.com/movie/movie-43,10000000.0,31164747.0,94
5757,Moving Midway,https://www.metacritic.com/movie/moving-midway,,,95
5758,Mowgli: Legend of the Jungle,https://www.metacritic.com/movie/mowgli-legend-of-the-jungle,,,104
5759,Moxie,https://www.metacritic.com/movie/moxie,,,111
5760,Mozart's Sister,https://www.metacritic.com/movie/mozarts-sister,,,120
5761,Mr 3000,https://www.metacritic.com/movie/mr-3000,30000000.0,21827296.0,104
5762,Mr. Bean's Vacation,https://www.metacritic.com/movie/mr-beans-vacation,,,90
5763,Mr. Brooks,https://www.metacritic.com/movie/mr-brooks,,45989012.0,120
5764,Mr. Church,https://www.metacritic.com/movie/mr-church,8000000.0,,104
5765,Mr. Deeds,https://www.metacritic.com/movie/mr-deeds,50000000.0,171269535.0,96
5766,Mr. Gaga,https://www.metacritic.com/movie/mr-gaga,,646059.0,100
5767,Mr. Holmes,https://www.metacritic.com/movie/mr-holmes,,28978721.0,104
5768,Mr. Jones,https://www.metacritic.com/movie/mr-jones-2019,,,141
5769,Mr. Magorium's Wonder Emporium,https://www.metacritic.com/movie/mr-magoriums-wonder-emporium,,68191643.0,93
5770,Mr. & Mrs. Smith,https://www.metacritic.com/movie/mr-mrs-smith,,,120
5771,Mr. Nice,https://www.metacritic.com/movie/mr-nice,,13302.0,121
5772,Mr. Nobody,https://www.metacritic.com/movie/mr-nobody,46500000.0,22254.0,141
5773,Mr. Peabody & Sherman,https://www.metacritic.com/movie/mr-peabody-sherman,145000000.0,269806430.0,92
5774,Mr. Popper's Penguins,https://www.metacritic.com/movie/mr-poppers-penguins,,,95
5775,Mr. Right,https://www.metacritic.com/movie/mr-right,,830374.0,90
5776,Mr. Roosevelt,https://www.metacritic.com/movie/mr-roosevelt,,,90
5777,Mr. Turner,https://www.metacritic.com/movie/mr-turner,14000000.0,25187026.0,150
5778,Mr. Untouchable,https://www.metacritic.com/movie/mr-untouchable,,,92
5779,Mr. Woodcock,https://www.metacritic.com/movie/mr-woodcock,,33035245.0,87
5780,Mrs Henderson Presents,https://www.metacritic.com/movie/mrs-henderson-presents,20000000.0,27836366.0,103
5781,Mrs. Hyde,https://www.metacritic.com/movie/mrs-hyde,,,95
5782,Mrs. Lowry & Son,https://www.metacritic.com/movie/mrs-lowry-son,,,91
5783,Mrs Palfrey at The Claremont,https://www.metacritic.com/movie/mrs-palfrey-at-the-claremont,,3917595.0,108
5784,Ms. Purple,https://www.metacritic.com/movie/ms-purple,,,87
5785,Much Ado About Nothing,https://www.metacritic.com/movie/much-ado-about-nothing,,,109
5786,Much Ado About Something,https://www.metacritic.com/movie/much-ado-about-something,,,70
5787,Mucho Mucho Amor,https://www.metacritic.com/movie/mucho-mucho-amor,,,96
5788,Mud,https://www.metacritic.com/movie/mud,10000000.0,31556959.0,130
5789,Mudbound,https://www.metacritic.com/movie/mudbound,10000000.0,53559.0,134
5790,Mugabe and the White African,https://www.metacritic.com/movie/mugabe-and-the-white-african,,,90
5791,Mulan,https://www.metacritic.com/movie/mulan-2020,200000000.0,69965374.0,115
5792,Mule Skinner Blues,https://www.metacritic.com/movie/mule-skinner-blues,,,93
5793,Mulholland Dr.,https://www.metacritic.com/movie/mulholland-dr,,,147
5794,Multiple Sarcasms,https://www.metacritic.com/movie/multiple-sarcasms,,,97
5795,Mumia: Long Distance Revolutionary,https://www.metacritic.com/movie/mumia-long-distance-revolutionary,,,120
5796,Munich,https://www.metacritic.com/movie/munich,75000000.0,131492772.0,164
5797,Muppets Most Wanted,https://www.metacritic.com/movie/muppets-most-wanted,55000000.0,79312301.0,107
5798,Murder by Numbers,https://www.metacritic.com/movie/murder-by-numbers,50000000.0,56643267.0,120
5799,Murder Mystery,https://www.metacritic.com/movie/murder-mystery,,,97
5800,Murder of a Cat,https://www.metacritic.com/movie/murder-of-a-cat,,,101
5801,Murder on the Orient Express,https://www.metacritic.com/movie/murder-on-the-orient-express,55000000.0,351767147.0,114
5802,Murderball,https://www.metacritic.com/movie/murderball,350000.0,1772979.0,88
5803,Murderous Maids,https://www.metacritic.com/movie/murderous-maids,,,94
5804,Murph: The Protector,https://www.metacritic.com/movie/murph-the-protector,,,
5805,Muscle Shoals,https://www.metacritic.com/movie/muscle-shoals,,,111
5806,Museo,https://www.metacritic.com/movie/museo,,220199.0,128
5807,Museum Hours,https://www.metacritic.com/movie/museum-hours,,542534.0,107
5808,Music,https://www.metacritic.com/movie/music,,639055.0,107
5809,Music and Lyrics,https://www.metacritic.com/movie/music-and-lyrics,40000000.0,146196885.0,96
5810,Music from the Inside Out,https://www.metacritic.com/movie/music-from-the-inside-out,,,89
5811,Music Within,https://www.metacritic.com/movie/music-within,,,94
5812,Musical Chairs,https://www.metacritic.com/movie/musical-chairs,,,102
5813,Must Love Dogs,https://www.metacritic.com/movie/must-love-dogs,35000000.0,58405313.0,98
5814,Must Read After My Death,https://www.metacritic.com/movie/must-read-after-my-death,,,73
5815,Mustang,https://www.metacritic.com/movie/mustang,1400000.0,5552584.0,97
5816,Mutant Aliens,https://www.metacritic.com/movie/mutant-aliens,,,81
5817,Mute,https://www.metacritic.com/movie/mute,,,126
5818,Mutual Appreciation,https://www.metacritic.com/movie/mutual-appreciation,30000.0,,110
5819,MVP: Most Valuable Primate,https://www.metacritic.com/movie/mvp-most-valuable-primate,,,93
5820,My Afternoons with Margueritte,https://www.metacritic.com/movie/my-afternoons-with-margueritte,,,82
5821,My All American,https://www.metacritic.com/movie/my-all-american,20000000.0,,118
5822,My Amityville Horror,https://www.metacritic.com/movie/my-amityville-horror,,,88
5823,My Architect,https://www.metacritic.com/movie/my-architect,,3623958.0,116
5824,My Art,https://www.metacritic.com/movie/my-art,,,86
5825,My Baby's Daddy,https://www.metacritic.com/movie/my-babys-daddy,12000000.0,17322212.0,86
5826,My Best Enemy,https://www.metacritic.com/movie/my-best-enemy,,,109
5827,My Best Friend,https://www.metacritic.com/movie/my-best-friend,,,94
5828,My Best Friend's Girl,https://www.metacritic.com/movie/my-best-friends-girl,20000000.0,34787111.0,101
5829,My Big Fat Greek Wedding,https://www.metacritic.com/movie/my-big-fat-greek-wedding,5000000.0,374890034.0,95
5830,My Big Fat Greek Wedding 2,https://www.metacritic.com/movie/my-big-fat-greek-wedding-2,18000000.0,92096558.0,94
5831,My Big Fat Independent Movie,https://www.metacritic.com/movie/my-big-fat-independent-movie,3000000.0,,80
5832,My Big Night,https://www.metacritic.com/movie/my-big-night,,,100
5833,My Blind Brother,https://www.metacritic.com/movie/my-blind-brother,,,85
5834,My Bloody Valentine,https://www.metacritic.com/movie/my-bloody-valentine,14000000.0,102836002.0,101
5835,My Blueberry Nights,https://www.metacritic.com/movie/my-blueberry-nights,10000000.0,22198996.0,95
5836,My Boss's Daughter,https://www.metacritic.com/movie/my-bosss-daughter,14000000.0,15565357.0,86
5837,My Brother Is an Only Child,https://www.metacritic.com/movie/my-brother-is-an-only-child,,,108
5838,My Brother the Devil,https://www.metacritic.com/movie/my-brother-the-devil,,132056.0,111
5839,"My Country, My Country",https://www.metacritic.com/movie/my-country-my-country,,,90
5840,My Cousin Rachel,https://www.metacritic.com/movie/my-cousin-rachel,,9833292.0,106
5841,My Darling Vivian,https://www.metacritic.com/movie/my-darling-vivian,,,90
5842,My Date with Drew,https://www.metacritic.com/movie/my-date-with-drew,1100.0,,90
5843,My Dog Skip,https://www.metacritic.com/movie/my-dog-skip,7000000.0,35795319.0,95
5844,My Dog Tulip,https://www.metacritic.com/movie/my-dog-tulip,350000.0,310891.0,83
5845,My Entire High School Sinking Into the Sea,https://www.metacritic.com/movie/my-entire-high-school-sinking-into-the-sea,,,75
5846,My Father and The Man In Black,https://www.metacritic.com/movie/my-father-and-the-man-in-black,,,87
5847,My Father Die,https://www.metacritic.com/movie/my-father-die,,,102
5848,My First Mister,https://www.metacritic.com/movie/my-first-mister,,,109
5849,My Flesh and Blood,https://www.metacritic.com/movie/my-flesh-and-blood,,42484.0,83
5850,My Friend Dahmer,https://www.metacritic.com/movie/my-friend-dahmer,,1481211.0,107
5851,My Golden Days,https://www.metacritic.com/movie/my-golden-days,,,123
5852,My Happy Family,https://www.metacritic.com/movie/my-happy-family,,,120
5853,My Hero Academia: Heroes Rising,https://www.metacritic.com/movie/my-hero-academia-heroes-rising,,,104
5854,My Journey Through French Cinema,https://www.metacritic.com/movie/my-journey-through-french-cinema,,,201
5855,My Joy,https://www.metacritic.com/movie/my-joy,,,127
5856,My Kid Could Paint That,https://www.metacritic.com/movie/my-kid-could-paint-that,,,82
5857,My King,https://www.metacritic.com/movie/my-king,,,124
5858,My Life as a Zucchini,https://www.metacritic.com/movie/my-life-as-a-zucchini,,,70
5859,My Life Directed by Nicolas Winding Refn,https://www.metacritic.com/movie/my-life-directed-by-nicolas-winding-refn,,,58
5860,My Life in Ruins,https://www.metacritic.com/movie/my-life-in-ruins,17000000.0,20477425.0,95
5861,My Life Without Me,https://www.metacritic.com/movie/my-life-without-me,2500000.0,12267275.0,106
5862,My Little Pony: The Movie,https://www.metacritic.com/movie/my-little-pony-the-movie,6500000.0,61294644.0,99
5863,My Little Sister,https://www.metacritic.com/movie/my-little-sister,,,99
5864,"My Love, Don't Cross That River",https://www.metacritic.com/movie/my-love-dont-cross-that-river,,34100278.0,86
5865,My Lucky Star,https://www.metacritic.com/movie/my-lucky-star,,,114
5866,My Mother,https://www.metacritic.com/movie/my-mother,,,110
5867,My Mother Likes Women,https://www.metacritic.com/movie/my-mother-likes-women,,,96
5868,My Mother's Smile,https://www.metacritic.com/movie/my-mothers-smile,,,105
5869,My Name Is Albert Ayler,https://www.metacritic.com/movie/my-name-is-albert-ayler,,,79
5870,My Name Is Bruce,https://www.metacritic.com/movie/my-name-is-bruce,1500000.0,,86
5871,My Name Is Hmmm...,https://www.metacritic.com/movie/my-name-is-hmmm,,,121
5872,My Name Is Khan,https://www.metacritic.com/movie/my-name-is-khan,8470000.0,42355526.0,165
5873,My Name Is Pauli Murray,https://www.metacritic.com/movie/my-name-is-pauli-murray,,,91
5874,My Old Lady,https://www.metacritic.com/movie/my-old-lady,5000000.0,15220308.0,107
5875,My One and Only,https://www.metacritic.com/movie/my-one-and-only,,3348954.0,108
5876,My Perestroika,https://www.metacritic.com/movie/my-perestroika,,,88
5877,My Psychedelic Love Story,https://www.metacritic.com/movie/my-psychedelic-love-story,,,
5878,My Reincarnation,https://www.metacritic.com/movie/my-reincarnation,,96115.0,100
5879,My Rembrandt,https://www.metacritic.com/movie/my-rembrandt,,,97
5880,My Salinger Year,https://www.metacritic.com/movie/my-salinger-year,,968849.0,101
5881,My Scientology Movie,https://www.metacritic.com/movie/my-scientology-movie,,2367220.0,99
5882,My Sister Maria,https://www.metacritic.com/movie/my-sister-maria,,,90
5883,My Sister's Keeper,https://www.metacritic.com/movie/my-sisters-keeper,27500000.0,96673002.0,109
5884,My Son,https://www.metacritic.com/movie/my-son,,,84
5885,"My Son, My Son, What Have Ye Done",https://www.metacritic.com/movie/my-son-my-son-what-have-ye-done,,,91
5886,My Soul to Take,https://www.metacritic.com/movie/my-soul-to-take,25000000.0,16727470.0,107
5887,My Spy,https://www.metacritic.com/movie/my-spy,,,99
5888,My Summer of Love,https://www.metacritic.com/movie/my-summer-of-love,1700000.0,4727375.0,86
5889,My Super Ex-Girlfriend,https://www.metacritic.com/movie/my-super-ex-girlfriend,30000000.0,60772856.0,95
5890,My Terrorist,https://www.metacritic.com/movie/my-terrorist,,,58
5891,My Voyage to Italy,https://www.metacritic.com/movie/my-voyage-to-italy,,,246
5892,My Way,https://www.metacritic.com/movie/my-way,,,137
5893,My Week with Marilyn,https://www.metacritic.com/movie/my-week-with-marilyn,10000000.0,34240572.0,99
5894,My Wife Is an Actress,https://www.metacritic.com/movie/my-wife-is-an-actress,,,95
5895,My Winnipeg,https://www.metacritic.com/movie/my-winnipeg,,,80
5896,My Wonderful Wanda,https://www.metacritic.com/movie/my-wonderful-wanda,,,111
5897,My Worst Nightmare,https://www.metacritic.com/movie/my-worst-nightmare,,,103
5898,My Zoe,https://www.metacritic.com/movie/my-zoe,,61224.0,100
5899,Mysteries of Lisbon,https://www.metacritic.com/movie/mysteries-of-lisbon,,,272
5900,Mysterious Object at Noon,https://www.metacritic.com/movie/mysterious-object-at-noon,,,83
5901,Mysterious Skin,https://www.metacritic.com/movie/mysterious-skin,,2148548.0,105
5902,Mystic River,https://www.metacritic.com/movie/mystic-river,30000000.0,156822020.0,138
5903,Mystify: Michael Hutchence,https://www.metacritic.com/movie/mystify-michael-hutchence,,869322.0,102
5904,Nabbeun namja,https://www.metacritic.com/movie/nabbeun-namja,,,100
5905,Nacho Libre,https://www.metacritic.com/movie/nacho-libre,32000000.0,99296462.0,92
5906,Naked Fame,https://www.metacritic.com/movie/naked-fame,,,84
5907,Naked in Ashes,https://www.metacritic.com/movie/naked-in-ashes,,,103
5908,Naked Singularity,https://www.metacritic.com/movie/naked-singularity,,9455.0,93
5909,Nakom,https://www.metacritic.com/movie/nakom,,,90
5910,Nancy,https://www.metacritic.com/movie/nancy,,75896.0,87
5911,Nancy Drew,https://www.metacritic.com/movie/nancy-drew,20000000.0,30703845.0,99
5912,Nancy Drew and the Hidden Staircase,https://www.metacritic.com/movie/nancy-drew-and-the-hidden-staircase,17000000.0,624531.0,89
5913,Nanking,https://www.metacritic.com/movie/nanking,,565934.0,88
5914,Nanny McPhee,https://www.metacritic.com/movie/nanny-mcphee,25000000.0,128745578.0,97
5915,Nanny McPhee Returns,https://www.metacritic.com/movie/nanny-mcphee-returns,,,109
5916,Napoleon Dynamite,https://www.metacritic.com/movie/napoleon-dynamite,400000.0,46122713.0,82
5917,Naqoyqatsi,https://www.metacritic.com/movie/naqoyqatsi,,,89
5918,Narc,https://www.metacritic.com/movie/narc,7500000.0,11843260.0,105
5919,Narco Cultura,https://www.metacritic.com/movie/narco-cultura,,,103
5920,Nas: Time Is Illmatic,https://www.metacritic.com/movie/nas-time-is-illmatic,,,74
5921,NASCAR: The IMAX Experience,https://www.metacritic.com/movie/nascar-the-imax-experience,,22199356.0,40
5922,Nasty Baby,https://www.metacritic.com/movie/nasty-baby,,80828.0,101
5923,Nathalie...,https://www.metacritic.com/movie/nathalie,,160329.0,100
5924,National Bird,https://www.metacritic.com/movie/national-bird,,,92
5925,National Champions,https://www.metacritic.com/movie/national-champions,9000000.0,,
5926,National Gallery,https://www.metacritic.com/movie/national-gallery,,1611769.0,180
5927,National Lampoon's Gold Diggers,https://www.metacritic.com/movie/national-lampoons-gold-diggers,,692000.0,
5928,National Security,https://www.metacritic.com/movie/national-security,,54599300.0,88
5929,National Treasure,https://www.metacritic.com/movie/national-treasure,100000000.0,331323410.0,131
5930,National Treasure: Book of Secrets,https://www.metacritic.com/movie/national-treasure-book-of-secrets,,457325804.0,124
5931,Native Son,https://www.metacritic.com/movie/native-son,,,104
5932,Natural Selection,https://www.metacritic.com/movie/natural-selection,,,90
5933,Nature Calls,https://www.metacritic.com/movie/nature-calls,,,79
5934,Naz & Maalik,https://www.metacritic.com/movie/naz-maalik,,,86
5935,Nearing Grace,https://www.metacritic.com/movie/nearing-grace,,,105
5936,Nebraska,https://www.metacritic.com/movie/nebraska,12000000.0,24761360.0,115
5937,Ned Kelly,https://www.metacritic.com/movie/ned-kelly,,6371899.0,110
5938,Ned Rifle,https://www.metacritic.com/movie/ned-rifle,,,85
5939,Need For Speed,https://www.metacritic.com/movie/need-for-speed,66000000.0,194169619.0,132
5940,Needle in a Timestack,https://www.metacritic.com/movie/needle-in-a-timestack,,,111
5941,Neighboring Sounds,https://www.metacritic.com/movie/neighboring-sounds,,,131
5942,Neighbors,https://www.metacritic.com/movie/neighbors,18000000.0,270944428.0,97
5943,Neighbors 2: Sorority Rising,https://www.metacritic.com/movie/neighbors-2-sorority-rising,35000000.0,108757621.0,92
5944,Neil Young: Heart of Gold,https://www.metacritic.com/movie/neil-young-heart-of-gold,,2238644.0,103
5945,Neil Young Journeys,https://www.metacritic.com/movie/neil-young-journeys,,231475.0,87
5946,Neil Young Trunk Show,https://www.metacritic.com/movie/neil-young-trunk-show,,,82
5947,Neither Heaven Nor Earth,https://www.metacritic.com/movie/neither-heaven-nor-earth,,,100
5948,Nénette,https://www.metacritic.com/movie/nenette,,,70
5949,Neon Bull,https://www.metacritic.com/movie/neon-bull,,,101
5950,Neruda,https://www.metacritic.com/movie/neruda,,6100591.0,107
5951,Nerve,https://www.metacritic.com/movie/nerve,20000000.0,85583945.0,96
5952,Neshoba,https://www.metacritic.com/movie/neshoba,,,86
5953,Never Again,https://www.metacritic.com/movie/never-again,500000.0,308793.0,98
5954,Never Back Down,https://www.metacritic.com/movie/never-back-down,21000000.0,39319801.0,110
5955,Never Been Thawed,https://www.metacritic.com/movie/never-been-thawed,,,87
5956,Never Die Alone,https://www.metacritic.com/movie/never-die-alone,,,88
5957,Never-Ending Man: Hayao Miyazaki,https://www.metacritic.com/movie/never-ending-man-hayao-miyazaki,,,70
5958,Never Goin' Back,https://www.metacritic.com/movie/never-goin-back,,,85
5959,Never Gonna Snow Again,https://www.metacritic.com/movie/never-gonna-snow-again,,,116
5960,Never Grow Old,https://www.metacritic.com/movie/never-grow-old,,150264.0,100
5961,Never Here,https://www.metacritic.com/movie/never-here,,,110
5962,Never Let Me Go,https://www.metacritic.com/movie/never-let-me-go,15000000.0,11173718.0,103
5963,Never Look Away,https://www.metacritic.com/movie/never-look-away,,,189
5964,Never Rarely Sometimes Always,https://www.metacritic.com/movie/never-rarely-sometimes-always,,409014.0,101
5965,"Never Steady, Never Still",https://www.metacritic.com/movie/never-steady-never-still,,1786.0,112
5966,New Best Friend,https://www.metacritic.com/movie/new-best-friend,,,91
5967,New Guy,https://www.metacritic.com/movie/new-guy,,,85
5968,New in Town,https://www.metacritic.com/movie/new-in-town,8000000.0,29937909.0,97
5969,New Order,https://www.metacritic.com/movie/new-order,,,86
5970,New Suit,https://www.metacritic.com/movie/new-suit,,,94
5971,New Year's Eve,https://www.metacritic.com/movie/new-years-eve,26000000.0,146850273.0,118
5972,New York Doll,https://www.metacritic.com/movie/new-york-doll,,237136.0,75
5973,"New York, I Love You",https://www.metacritic.com/movie/new-york-i-love-you,,9725060.0,103
5974,New York Minute,https://www.metacritic.com/movie/new-york-minute,40000000.0,21156715.0,91
5975,Newlyweeds,https://www.metacritic.com/movie/newlyweeds,,,87
5976,Newness,https://www.metacritic.com/movie/newness,,126003.0,112
5977,News of the World,https://www.metacritic.com/movie/news-of-the-world,38000000.0,,118
5978,Newtown,https://www.metacritic.com/movie/newtown,,,85
5979,Next,https://www.metacritic.com/movie/next,70000000.0,73591500.0,96
5980,Next Day Air,https://www.metacritic.com/movie/next-day-air,3000000.0,10172519.0,84
5981,Next Friday,https://www.metacritic.com/movie/next-friday,9500000.0,59675307.0,98
5982,Next Goal Wins,https://www.metacritic.com/movie/next-goal-wins,,,97
5983,Nicholas Nickleby,https://www.metacritic.com/movie/nicholas-nickleby,10000000.0,3311924.0,132
5984,Nick and Norah's Infinite Playlist,https://www.metacritic.com/movie/nick-and-norahs-infinite-playlist,10000000.0,33886017.0,90
5985,Nicky's Family,https://www.metacritic.com/movie/nickys-family,,,96
5986,"Nico, 1988",https://www.metacritic.com/movie/nico-1988,,83556.0,93
5987,Nico and Dani,https://www.metacritic.com/movie/nico-and-dani,,,91
5988,Nicotina,https://www.metacritic.com/movie/nicotina,,5559100.0,90
5989,Night Across the Street,https://www.metacritic.com/movie/night-across-the-street,,,110
5990,Night at the Golden Eagle,https://www.metacritic.com/movie/night-at-the-golden-eagle,,,87
5991,Night at the Museum,https://www.metacritic.com/movie/night-at-the-museum,110000000.0,579446407.0,108
5992,Night at the Museum: Battle of the Smithsonian,https://www.metacritic.com/movie/night-at-the-museum-battle-of-the-smithsonian,150000000.0,402231063.0,105
5993,Night at the Museum: Secret of the Tomb,https://www.metacritic.com/movie/night-at-the-museum-secret-of-the-tomb,127000000.0,353756621.0,98
5994,Night Catches Us,https://www.metacritic.com/movie/night-catches-us,,,90
5995,Night Comes On,https://www.metacritic.com/movie/night-comes-on,,,86
5996,Night Hunter,https://www.metacritic.com/movie/night-hunter,,929713.0,98
5997,Night Moves,https://www.metacritic.com/movie/night-moves,,1374431.0,112
5998,Night of the Kings,https://www.metacritic.com/movie/night-of-the-kings,,,93
5999,Night School,https://www.metacritic.com/movie/night-school,,,85
6000,Night School,https://www.metacritic.com/movie/night-school-2018,29000000.0,103113446.0,111
6001,Night Teeth,https://www.metacritic.com/movie/night-teeth,,,107
6002,Night Train to Lisbon,https://www.metacritic.com/movie/night-train-to-lisbon,,2035221.0,111
6003,Night Watch: Nochnoi Dozor,https://www.metacritic.com/movie/night-watch-nochnoi-dozor,,,114
6004,Night Will Fall,https://www.metacritic.com/movie/night-will-fall,,,75
6005,Nightcrawler,https://www.metacritic.com/movie/nightcrawler,8500000.0,50334418.0,117
6006,Nightmare Alley,https://www.metacritic.com/movie/nightmare-alley,60000000.0,35950421.0,150
6007,Nightmare Cinema,https://www.metacritic.com/movie/nightmare-cinema,,109835.0,119
6008,Nights in Rodanthe,https://www.metacritic.com/movie/nights-in-rodanthe,,79350659.0,97
6009,Nijinsky: The Diaries of Vaslav Nijinsky,https://www.metacritic.com/movie/nijinsky-the-diaries-of-vaslav-nijinsky,,,95
6010,Nim's Island,https://www.metacritic.com/movie/nims-island,37000000.0,101857425.0,96
6011,Nina,https://www.metacritic.com/movie/nina,,,90
6012,Nina Forever,https://www.metacritic.com/movie/nina-forever,,,98
6013,Nina Wu,https://www.metacritic.com/movie/nina-wu,,,102
6014,Nina's Heavenly Delights,https://www.metacritic.com/movie/ninas-heavenly-delights,,,94
6015,Nina's Tragedies,https://www.metacritic.com/movie/ninas-tragedies,,254068.0,110
6016,Nine,https://www.metacritic.com/movie/nine,80000000.0,56984219.0,118
6017,Nine Days,https://www.metacritic.com/movie/nine-days,,969204.0,124
6018,Nine Lives,https://www.metacritic.com/movie/nine-lives,,1578830.0,115
6019,Nine Lives,https://www.metacritic.com/movie/nine-lives-2016,30000000.0,57814445.0,87
6020,Nine Queens,https://www.metacritic.com/movie/nine-queens,,,114
6021,Ninja Assassin,https://www.metacritic.com/movie/ninja-assassin,50000000.0,62209892.0,99
6022,Nitro Circus: The Movie,https://www.metacritic.com/movie/nitro-circus-the-movie,,,92
6023,No,https://www.metacritic.com/movie/no,,5265825.0,118
6024,No Country for Old Men,https://www.metacritic.com/movie/no-country-for-old-men,25000000.0,164035753.0,122
6025,"No Date, No Signature",https://www.metacritic.com/movie/no-date-no-signature,,,104
6026,No End in Sight,https://www.metacritic.com/movie/no-end-in-sight,2000000.0,,102
6027,No Escape,https://www.metacritic.com/movie/no-escape,5000000.0,42844516.0,103
6028,"No God, No Master",https://www.metacritic.com/movie/no-god-no-master,,,94
6029,No Good Deed,https://www.metacritic.com/movie/no-good-deed-2014,13200000.0,54323210.0,84
6030,No Home Movie,https://www.metacritic.com/movie/no-home-movie,,,115
6031,No Impact Man: The Documentary,https://www.metacritic.com/movie/no-impact-man-the-documentary,,,93
6032,No Man of God,https://www.metacritic.com/movie/no-man-of-god,,188759.0,100
6033,No Man's Land,https://www.metacritic.com/movie/no-mans-land,1000000.0,2684207.0,98
6034,No Man's Land,https://www.metacritic.com/movie/no-mans-land-2021,,153686.0,
6035,No No: A Dockumentary,https://www.metacritic.com/movie/no-no-a-dockumentary,,,100
6036,No One Knows About Persian Cats,https://www.metacritic.com/movie/no-one-knows-about-persian-cats,,,101
6037,No One Lives,https://www.metacritic.com/movie/no-one-lives,,359742.0,86
6038,No Ordinary Man,https://www.metacritic.com/movie/no-ordinary-man,,,83
6039,No Place on Earth,https://www.metacritic.com/movie/no-place-on-earth,,,83
6040,No Reservations,https://www.metacritic.com/movie/no-reservations,28000000.0,91943956.0,104
6041,No Stone Unturned,https://www.metacritic.com/movie/no-stone-unturned,,167619.0,111
6042,No Stranger Than Love,https://www.metacritic.com/movie/no-stranger-than-love,,,89
6043,No Strings Attached,https://www.metacritic.com/movie/no-strings-attached,25000000.0,149228078.0,110
6044,No Such Thing,https://www.metacritic.com/movie/no-such-thing,,,102
6045,No Sudden Move,https://www.metacritic.com/movie/no-sudden-move,,,90
6046,No Time to Die,https://www.metacritic.com/movie/no-time-to-die,250000000.0,762485241.0,163
6047,Noah,https://www.metacritic.com/movie/noah,130000000.0,352831065.0,138
6048,Nobel Son,https://www.metacritic.com/movie/nobel-son,,544772.0,110
6049,Noble,https://www.metacritic.com/movie/noble,,985592.0,100
6050,Nobody,https://www.metacritic.com/movie/nobody,16000000.0,57510518.0,92
6051,Nobody Else But You (Poupoupidou),https://www.metacritic.com/movie/nobody-else-but-you-poupoupidou,,,102
6052,Nobody Knows,https://www.metacritic.com/movie/nobody-knows,,2291229.0,141
6053,Nobody Speak: Trials of the Free Press,https://www.metacritic.com/movie/nobody-speak-trials-of-the-free-press,,,95
6054,Nobody Walks,https://www.metacritic.com/movie/nobody-walks,,,83
6055,Nobody's Fool,https://www.metacritic.com/movie/nobodys-fool-2018,19000000.0,32589493.0,110
6056,Nocturama,https://www.metacritic.com/movie/nocturama,,291611.0,130
6057,Nocturnal Animals,https://www.metacritic.com/movie/nocturnal-animals,22500000.0,32398681.0,116
6058,Nocturne,https://www.metacritic.com/movie/nocturne,,,90
6059,Noel,https://www.metacritic.com/movie/noel,,,96
6060,Noelle,https://www.metacritic.com/movie/noelle,,,100
6061,Noi the Albino,https://www.metacritic.com/movie/noi-the-albino,,,93
6062,Noise,https://www.metacritic.com/movie/noise,,,92
6063,Nola,https://www.metacritic.com/movie/nola,,,97
6064,Noma: My Perfect Storm,https://www.metacritic.com/movie/noma-my-perfect-storm,,1611738.0,100
6065,Nomad,https://www.metacritic.com/movie/nomad,40000000.0,,112
6066,Nomad: In the Footsteps of Bruce Chatwin,https://www.metacritic.com/movie/nomad-in-the-footsteps-of-bruce-chatwin,,90654.0,85
6067,Nomadland,https://www.metacritic.com/movie/nomadland,,,107
6068,Non-Fiction,https://www.metacritic.com/movie/non-fiction,,,108
6069,Non-Stop,https://www.metacritic.com/movie/non-stop,,,82
6070,Non-Stop,https://www.metacritic.com/movie/non-stop-2014,50000000.0,222383055.0,106
6071,Norbit,https://www.metacritic.com/movie/norbit,,158973607.0,102
6072,Noriko's Dinner Table,https://www.metacritic.com/movie/norikos-dinner-table,,,159
6073,Norm of the North,https://www.metacritic.com/movie/norm-of-the-north,18000000.0,30535660.0,90
6074,Norman,https://www.metacritic.com/movie/norman,,,97
6075,Norman Lear: Just Another Version of You,https://www.metacritic.com/movie/norman-lear-just-another-version-of-you,,,91
6076,Norman: The Moderate Rise and Tragic Fall of a New York Fixer,https://www.metacritic.com/movie/norman-the-moderate-rise-and-tragic-fall-of-a-new-york-fixer,,6068999.0,118
6077,"Norte, the End of History",https://www.metacritic.com/movie/norte-the-end-of-history,,,250
6078,North Country,https://www.metacritic.com/movie/north-country,30000000.0,23676771.0,126
6079,North Face,https://www.metacritic.com/movie/north-face,,,126
6080,North Sea Texas,https://www.metacritic.com/movie/north-sea-texas,,,94
6081,Northern Soul,https://www.metacritic.com/movie/northern-soul,,,102
6082,Northfork,https://www.metacritic.com/movie/northfork,1900000.0,1445140.0,103
6083,Norwegian Wood,https://www.metacritic.com/movie/norwegian-wood,,,133
6084,Nossa Chape,https://www.metacritic.com/movie/nossa-chape,,,101
6085,Nostalgia,https://www.metacritic.com/movie/nostalgia,,,114
6086,Nostalgia for the Light,https://www.metacritic.com/movie/nostalgia-for-the-light,,,90
6087,Not Another Teen Movie,https://www.metacritic.com/movie/not-another-teen-movie,15000000.0,62401343.0,89
6088,Not Easily Broken,https://www.metacritic.com/movie/not-easily-broken,5000000.0,10732909.0,99
6089,Not Fade Away,https://www.metacritic.com/movie/not-fade-away,,,112
6090,Not Forgotten,https://www.metacritic.com/movie/not-forgotten,,,96
6091,Not Going Quietly,https://www.metacritic.com/movie/not-going-quietly,,,96
6092,Not One Less,https://www.metacritic.com/movie/not-one-less,,,106
6093,"Not Quite Hollywood: The Wild, Untold Story of Ozploitation!",https://www.metacritic.com/movie/not-quite-hollywood-the-wild-untold-story-of-ozploitation!,,,103
6094,Notes on a Scandal,https://www.metacritic.com/movie/notes-on-a-scandal,27500000.0,50578411.0,92
6095,Notes on Blindness,https://www.metacritic.com/movie/notes-on-blindness,,104094.0,90
6096,Nothing Bad Can Happen,https://www.metacritic.com/movie/nothing-bad-can-happen,,,110
6097,Nothing But the Truth,https://www.metacritic.com/movie/nothing-but-the-truth,,226630.0,108
6098,Nothing Left to Fear,https://www.metacritic.com/movie/nothing-left-to-fear,,1675381.0,100
6099,Nothing Like the Holidays,https://www.metacritic.com/movie/nothing-like-the-holidays,,7519490.0,98
6100,Notorious,https://www.metacritic.com/movie/notorious,19000000.0,44972183.0,122
6101,Notorious C.H.O.,https://www.metacritic.com/movie/notorious-cho,,,95
6102,Notre musique,https://www.metacritic.com/movie/notre-musique,,285354.0,80
6103,Notturno,https://www.metacritic.com/movie/notturno,,119851.0,100
6104,November,https://www.metacritic.com/movie/november,250000.0,,73
6105,November,https://www.metacritic.com/movie/november-2018,,,115
6106,Novitiate,https://www.metacritic.com/movie/novitiate,,,123
6107,Novocaine,https://www.metacritic.com/movie/novocaine,6000000.0,2522928.0,95
6108,NOW: In the Wings on a World Stage,https://www.metacritic.com/movie/now-in-the-wings-on-a-world-stage,,,97
6109,Now You See Me,https://www.metacritic.com/movie/now-you-see-me,75000000.0,342769200.0,115
6110,Now You See Me 2,https://www.metacritic.com/movie/now-you-see-me-2,90000000.0,328325007.0,129
6111,Nowhere Boy,https://www.metacritic.com/movie/nowhere-boy,1900000.0,7785229.0,98
6112,Nowhere in Africa,https://www.metacritic.com/movie/nowhere-in-africa,6500000.0,6568446.0,141
6113,Nowhere Man,https://www.metacritic.com/movie/nowhere-man,,,78
6114,Nowhere to Hide,https://www.metacritic.com/movie/nowhere-to-hide,,,86
6115,Nuclear Nation,https://www.metacritic.com/movie/nuclear-nation,,,145
6116,Nuit #1,https://www.metacritic.com/movie/nuit-1,,,91
6117,Nurse 3D,https://www.metacritic.com/movie/nurse-3d,10000000.0,379584.0,84
6118,Nurse Betty,https://www.metacritic.com/movie/nurse-betty,24000000.0,27732366.0,110
6119,Nuts!,https://www.metacritic.com/movie/nuts!,,,79
6120,Nutty Professor II: The Klumps,https://www.metacritic.com/movie/nutty-professor-ii-the-klumps,84000000.0,166307945.0,106
6121,Nymphomaniac: Volume I,https://www.metacritic.com/movie/nymphomaniac-volume-i,,2094302.0,118
6122,Nymphomaniac: Volume II,https://www.metacritic.com/movie/nymphomaniac-volume-ii,,653914.0,123
6123,O,https://www.metacritic.com/movie/o,5000000.0,,95
6124,"O Brother, Where Art Thou?",https://www.metacritic.com/movie/o-brother-where-art-thou,26000000.0,75763814.0,106
6125,O Jerusalem,https://www.metacritic.com/movie/o-jerusalem,,2195669.0,100
6126,Oasis,https://www.metacritic.com/movie/oasis,,,133
6127,Oasis: Supersonic,https://www.metacritic.com/movie/oasis-supersonic,,1432485.0,122
6128,Obit,https://www.metacritic.com/movie/obit,,,93
6129,Oblivion,https://www.metacritic.com/movie/oblivion,120000000.0,287916633.0,124
6130,Obscene,https://www.metacritic.com/movie/obscene,,,97
6131,Observe and Report,https://www.metacritic.com/movie/observe-and-report,18000000.0,27148898.0,86
6132,Obsessed,https://www.metacritic.com/movie/obsessed,20000000.0,73964713.0,108
6133,Obvious Child,https://www.metacritic.com/movie/obvious-child,1000000.0,3324070.0,84
6134,"OC87: The Obsessive Compulsive, Major Depression, Bipolar, Asperger's Movie",https://www.metacritic.com/movie/oc87-the-obsessive-compulsive-major-depression-bipolar-aspergers-movie-2012,,,100
6135,Occupation: Dreamland,https://www.metacritic.com/movie/occupation-dreamland,,,78
6136,Oceans,https://www.metacritic.com/movie/oceans,80000000.0,86787530.0,84
6137,Ocean's 8,https://www.metacritic.com/movie/oceans-8,70000000.0,297718711.0,110
6138,Ocean's Eleven,https://www.metacritic.com/movie/oceans-eleven,85000000.0,450728529.0,116
6139,Ocean's Thirteen,https://www.metacritic.com/movie/oceans-thirteen,85000000.0,311744465.0,122
6140,Ocean's Twelve,https://www.metacritic.com/movie/oceans-twelve,110000000.0,362989076.0,125
6141,October Baby,https://www.metacritic.com/movie/october-baby,1000000.0,5391992.0,107
6142,October Country,https://www.metacritic.com/movie/october-country,,,80
6143,October Gale,https://www.metacritic.com/movie/october-gale,,,91
6144,Oculus,https://www.metacritic.com/movie/oculus,5000000.0,44115496.0,104
6145,Odd Thomas,https://www.metacritic.com/movie/odd-thomas,,1321097.0,97
6146,Ode to Joy,https://www.metacritic.com/movie/ode-to-joy,,22594.0,97
6147,Odessa... Odessa!,https://www.metacritic.com/movie/odessa-odessa!,,,96
6148,Of Fathers and Sons,https://www.metacritic.com/movie/of-fathers-and-sons,,,99
6149,Of Gods and Men,https://www.metacritic.com/movie/of-gods-and-men,,,120
6150,Of Men and War,https://www.metacritic.com/movie/of-men-and-war,,37801.0,142
6151,Of Time and the City,https://www.metacritic.com/movie/of-time-and-the-city,,,74
6152,Off Label,https://www.metacritic.com/movie/off-label,,,80
6153,Off the Black,https://www.metacritic.com/movie/off-the-black,,,90
6154,Off the Hook,https://www.metacritic.com/movie/off-the-hook,,,108
6155,Off the Map,https://www.metacritic.com/movie/off-the-map,,,105
6156,Off the Rails,https://www.metacritic.com/movie/off-the-rails,,,86
6157,Office,https://www.metacritic.com/movie/office,,,119
6158,Office Christmas Party,https://www.metacritic.com/movie/office-christmas-party,45000000.0,115097874.0,105
6159,Official Secrets,https://www.metacritic.com/movie/official-secrets,,9135230.0,112
6160,Offside,https://www.metacritic.com/movie/offside,,,93
6161,Oh Lucy!,https://www.metacritic.com/movie/oh-lucy!,,609104.0,95
6162,Oh My God,https://www.metacritic.com/movie/oh-my-god,,,93
6163,O'Horten,https://www.metacritic.com/movie/ohorten,,1802232.0,90
6164,Oka!,https://www.metacritic.com/movie/oka!,,,106
6165,Okja,https://www.metacritic.com/movie/okja,,2049823.0,120
6166,Oklahoma City,https://www.metacritic.com/movie/oklahoma-city,,,102
6167,Old,https://www.metacritic.com/movie/old,18000000.0,90135949.0,108
6168,Old Dogs,https://www.metacritic.com/movie/old-dogs,35000000.0,95104304.0,88
6169,Old Fashioned,https://www.metacritic.com/movie/old-fashioned,,,115
6170,Old Henry,https://www.metacritic.com/movie/old-henry,,,99
6171,Old Joy,https://www.metacritic.com/movie/old-joy,300000.0,399908.0,76
6172,Old School,https://www.metacritic.com/movie/old-school,24000000.0,86737464.0,91
6173,Old Stone,https://www.metacritic.com/movie/old-stone,,,80
6174,Oldboy,https://www.metacritic.com/movie/oldboy,3000000.0,6226386.0,120
6175,Oldboy,https://www.metacritic.com/movie/oldboy-2013,,3343567.0,104
6176,Older Than Ireland,https://www.metacritic.com/movie/older-than-ireland,,302721.0,81
6177,Oliver Sacks: His Own Life,https://www.metacritic.com/movie/oliver-sacks-his-own-life,,196926.0,111
6178,Oliver Twist,https://www.metacritic.com/movie/oliver-twist,65000000.0,26670920.0,130
6179,Olympic Dreams,https://www.metacritic.com/movie/olympic-dreams,,,85
6180,Olympus Has Fallen,https://www.metacritic.com/movie/olympus-has-fallen,70000000.0,172878928.0,120
6181,Omar,https://www.metacritic.com/movie/omar,,711446.0,96
6182,On a Clear Day,https://www.metacritic.com/movie/on-a-clear-day,,974240.0,98
6183,On a Magical Night,https://www.metacritic.com/movie/on-a-magical-night,,,86
6184,On Any Sunday: The Next Chapter,https://www.metacritic.com/movie/on-any-sunday-the-next-chapter,,,90
6185,On Body and Soul,https://www.metacritic.com/movie/on-body-and-soul,,,116
6186,On Chesil Beach,https://www.metacritic.com/movie/on-chesil-beach,,3420339.0,110
6187,On Her Shoulders,https://www.metacritic.com/movie/on-her-shoulders,,56516.0,95
6188,On My Way,https://www.metacritic.com/movie/on-my-way,,,116
6189,On the Basis of Sex,https://www.metacritic.com/movie/on-the-basis-of-sex,20000000.0,38837336.0,120
6190,On the Beach at Night Alone,https://www.metacritic.com/movie/on-the-beach-at-night-alone,,,101
6191,On the Ice,https://www.metacritic.com/movie/on-the-ice,,,96
6192,On the Job,https://www.metacritic.com/movie/on-the-job,,,121
6193,On the Line,https://www.metacritic.com/movie/on-the-line,10000000.0,16222303.0,85
6194,On the Outs,https://www.metacritic.com/movie/on-the-outs,250000.0,237816.0,86
6195,On the Record,https://www.metacritic.com/movie/on-the-record,,,95
6196,On the Road,https://www.metacritic.com/movie/on-the-road,25000000.0,9313302.0,124
6197,On the Rocks,https://www.metacritic.com/movie/on-the-rocks-2020,,991415.0,96
6198,On the Run,https://www.metacritic.com/movie/on-the-run,,,117
6199,On_Line,https://www.metacritic.com/movie/on_line,,,97
6200,Once,https://www.metacritic.com/movie/once,150000.0,23151277.0,85
6201,Once in a Lifetime: The Extraordinary Story of the New York Cosmos,https://www.metacritic.com/movie/once-in-a-lifetime-the-extraordinary-story-of-the-new-york-cosmos,1000000.0,215559.0,97
6202,Once in the Life,https://www.metacritic.com/movie/once-in-the-life,,,107
6203,Once Upon a Deadpool,https://www.metacritic.com/movie/once-upon-a-deadpool,,,119
6204,Once Upon a Time in Anatolia,https://www.metacritic.com/movie/once-upon-a-time-in-anatolia,,,150
6205,Once Upon a Time ... in Hollywood,https://www.metacritic.com/movie/once-upon-a-time-in-hollywood,90000000.0,377562039.0,161
6206,Once Upon a Time in Mexico,https://www.metacritic.com/movie/once-upon-a-time-in-mexico,29000000.0,97413527.0,102
6207,Once Upon a Time in the Midlands,https://www.metacritic.com/movie/once-upon-a-time-in-the-midlands,,1097508.0,104
6208,Once Upon a Time in the West (re-release),https://www.metacritic.com/movie/once-upon-a-time-in-the-west,,,175
6209,Once Upon a Time in Venice,https://www.metacritic.com/movie/once-upon-a-time-in-venice,,,94
6210,Once Were Brothers: Robbie Robertson and The Band,https://www.metacritic.com/movie/once-were-brothers-robbie-robertson-and-the-band,,556949.0,102
6211,Ondine,https://www.metacritic.com/movie/ondine,12000000.0,557545.0,111
6212,One,https://www.metacritic.com/movie/one,,,102
6213,One Bright Shining Moment,https://www.metacritic.com/movie/one-bright-shining-moment,,,123
6214,One Chance,https://www.metacritic.com/movie/one-chance,,6918014.0,103
6215,One Child Nation,https://www.metacritic.com/movie/one-child-nation,,254450.0,88
6216,One Cut of the Dead,https://www.metacritic.com/movie/one-cut-of-the-dead,,,96
6217,One Day,https://www.metacritic.com/movie/one-day-2011,15000000.0,59168692.0,108
6218,One Day in September,https://www.metacritic.com/movie/one-day-in-september,,,94
6219,One Direction: This Is Us,https://www.metacritic.com/movie/one-direction-this-is-us,10000000.0,68413020.0,92
6220,One for the Money,https://www.metacritic.com/movie/one-for-the-money,42000000.0,36197221.0,106
6221,One Hour Photo,https://www.metacritic.com/movie/one-hour-photo,12000000.0,52223306.0,96
6222,One Last Kiss,https://www.metacritic.com/movie/one-last-kiss,,,115
6223,One Last Thing...,https://www.metacritic.com/movie/one-last-thing,,,96
6224,One Life,https://www.metacritic.com/movie/one-life,,,85
6225,One Lucky Elephant,https://www.metacritic.com/movie/one-lucky-elephant,,3394.0,84
6226,One Missed Call,https://www.metacritic.com/movie/one-missed-call,20000000.0,44513466.0,87
6227,One Missed Call,https://www.metacritic.com/movie/one-missed-call-2005,,,111
6228,One More Time,https://www.metacritic.com/movie/one-more-time,,14284.0,98
6229,One More Time with Feeling,https://www.metacritic.com/movie/one-more-time-with-feeling,,902362.0,112
6230,One Night at McCool's,https://www.metacritic.com/movie/one-night-at-mccools,,13441957.0,93
6231,One Night in Miami,https://www.metacritic.com/movie/one-night-in-miami,,,114
6232,One Night with the King,https://www.metacritic.com/movie/one-night-with-the-king,20000000.0,13725032.0,123
6233,One of Us,https://www.metacritic.com/movie/one-of-us,,,95
6234,One Swallow Brought Spring,https://www.metacritic.com/movie/one-swallow-brought-spring,,,103
6235,One Track Heart: The Story of Krishna Das,https://www.metacritic.com/movie/one-track-heart-the-story-of-krishna-das,,,74
6236,One & Two,https://www.metacritic.com/movie/one-two,,,90
6237,One Week and a Day,https://www.metacritic.com/movie/one-week-and-a-day,,,98
6238,Ong Bak,https://www.metacritic.com/movie/ong-bak,1100000.0,24051852.0,105
6239,Ong Bak 2,https://www.metacritic.com/movie/ong-bak-2,15000000.0,7583050.0,98
6240,Only God Forgives,https://www.metacritic.com/movie/only-god-forgives,4800000.0,4494560.0,90
6241,Only Human,https://www.metacritic.com/movie/only-human,,,85
6242,Only Lovers Left Alive,https://www.metacritic.com/movie/only-lovers-left-alive,,2817895.0,123
6243,Only the Animals,https://www.metacritic.com/movie/only-the-animals,,,116
6244,Only the Brave,https://www.metacritic.com/movie/only-the-brave,38000000.0,24555177.0,134
6245,Only the Strong Survive,https://www.metacritic.com/movie/only-the-strong-survive,,,95
6246,Only the Young,https://www.metacritic.com/movie/only-the-young,,,72
6247,Only You,https://www.metacritic.com/movie/only-you-2018,,161047.0,119
6248,Onmyoji: The Yin Yang Master,https://www.metacritic.com/movie/onmyoji-the-yin-yang-master,,,112
6249,Onward,https://www.metacritic.com/movie/onward,200000000.0,133317030.0,102
6250,Opal Dream,https://www.metacritic.com/movie/opal-dream,9000000.0,,86
6251,Open Hearts,https://www.metacritic.com/movie/open-hearts,,282125.0,113
6252,Open Range,https://www.metacritic.com/movie/open-range,26000000.0,68613992.0,139
6253,Open Season,https://www.metacritic.com/movie/open-season,85000000.0,191932158.0,83
6254,Open Water,https://www.metacritic.com/movie/open-water,500000.0,55518641.0,79
6255,Open Windows,https://www.metacritic.com/movie/open-windows,,473486.0,100
6256,Operation Avalanche,https://www.metacritic.com/movie/operation-avalanche,,51882.0,94
6257,Operation Chromite,https://www.metacritic.com/movie/operation-chromite,12700000.0,49196532.0,111
6258,Operation Filmmaker,https://www.metacritic.com/movie/operation-filmmaker,,,92
6259,Operation Finale,https://www.metacritic.com/movie/operation-finale,20000000.0,,122
6260,Operation Varsity Blues: The College Admissions Scandal,https://www.metacritic.com/movie/operation-varsity-blues-the-college-admissions-scandal,,,99
6261,Ophelia,https://www.metacritic.com/movie/ophelia,,357870.0,114
6262,Or,https://www.metacritic.com/movie/or,,,100
6263,Orange County,https://www.metacritic.com/movie/orange-county,18000000.0,43308707.0,82
6264,Oranges and Sunshine,https://www.metacritic.com/movie/oranges-and-sunshine,,,106
6265,Orchestra of Exiles,https://www.metacritic.com/movie/orchestra-of-exiles,,,85
6266,Ordinary Love,https://www.metacritic.com/movie/ordinary-love,,699826.0,92
6267,Ordinary Sinner,https://www.metacritic.com/movie/ordinary-sinner,,,91
6268,Ordinary World,https://www.metacritic.com/movie/ordinary-world,,,86
6269,Orfeu,https://www.metacritic.com/movie/orfeu,,,110
6270,Orgasm Inc.,https://www.metacritic.com/movie/orgasm-inc,,,73
6271,Original Sin,https://www.metacritic.com/movie/original-sin,26000000.0,,116
6272,Ornette: Made in America (1985),https://www.metacritic.com/movie/ornette-made-in-america-1985,,,85
6273,Orphan,https://www.metacritic.com/movie/orphan,20000000.0,78769428.0,123
6274,Orwell Rolls in His Grave,https://www.metacritic.com/movie/orwell-rolls-in-his-grave,,,84
6275,Osama,https://www.metacritic.com/movie/osama,500000.0,1971479.0,83
6276,"Oslo, August 31st",https://www.metacritic.com/movie/oslo-august-31st,,,95
6277,Osmosis Jones,https://www.metacritic.com/movie/osmosis-jones,70000000.0,,95
6278,OSS 117 - Lost in Rio,https://www.metacritic.com/movie/oss-117---lost-in-rio,,,101
6279,"OSS 117: Cairo, Nest of Spies",https://www.metacritic.com/movie/oss-117-cairo-nest-of-spies,,,99
6280,Oswald's Ghost,https://www.metacritic.com/movie/oswalds-ghost,,,83
6281,OT: Our Town,https://www.metacritic.com/movie/ot-our-town,,,76
6282,Otelo Burning,https://www.metacritic.com/movie/otelo-burning,,,72
6283,Other People,https://www.metacritic.com/movie/other-people,,,97
6284,Otomo,https://www.metacritic.com/movie/otomo,,,85
6285,Ottolenghi and the Cakes of Versailles,https://www.metacritic.com/movie/ottolenghi-and-the-cakes-of-versailles,,193252.0,75
6286,Ouija,https://www.metacritic.com/movie/ouija,5000000.0,103300632.0,89
6287,Ouija: Origin of Evil,https://www.metacritic.com/movie/ouija-origin-of-evil,9000000.0,81831866.0,99
6288,Our Beloved Month of August,https://www.metacritic.com/movie/our-beloved-month-of-august,,,147
6289,Our Brand Is Crisis,https://www.metacritic.com/movie/our-brand-is-crisis,,,85
6290,Our Brand Is Crisis,https://www.metacritic.com/movie/our-brand-is-crisis-2015,28000000.0,8594558.0,107
6291,Our Children,https://www.metacritic.com/movie/our-children,,,111
6292,Our Daily Bread,https://www.metacritic.com/movie/our-daily-bread,,,92
6293,Our Family Wedding,https://www.metacritic.com/movie/our-family-wedding,14000000.0,21410546.0,90
6294,Our Father,https://www.metacritic.com/movie/our-father,,,84
6295,Our Friend,https://www.metacritic.com/movie/our-friend,10000000.0,714255.0,124
6296,Our Idiot Brother,https://www.metacritic.com/movie/our-idiot-brother,5000000.0,25861249.0,90
6297,Our Kind of Traitor,https://www.metacritic.com/movie/our-kind-of-traitor,,8017937.0,108
6298,Our Lady of the Assassins,https://www.metacritic.com/movie/our-lady-of-the-assassins,,,101
6299,Our Little Sister,https://www.metacritic.com/movie/our-little-sister,,,128
6300,Our Mothers,https://www.metacritic.com/movie/our-mothers,,,78
6301,Our Nixon,https://www.metacritic.com/movie/our-nixon,,,84
6302,Our Song,https://www.metacritic.com/movie/our-song,,,95
6303,Our Souls at Night,https://www.metacritic.com/movie/our-souls-at-night,,,103
6304,Our Time,https://www.metacritic.com/movie/our-time,,,177
6305,Our Time Machine,https://www.metacritic.com/movie/our-time-machine,,,86
6306,Our Time Will Come,https://www.metacritic.com/movie/our-time-will-come,,,130
6307,Out Cold,https://www.metacritic.com/movie/out-cold,11000000.0,14786394.0,89
6308,Out in the Dark,https://www.metacritic.com/movie/out-in-the-dark,,,96
6309,Out of Blue,https://www.metacritic.com/movie/out-of-blue,,,109
6310,Out of the Blue,https://www.metacritic.com/movie/out-of-the-blue,4600000.0,731767.0,103
6311,Out of the Dark,https://www.metacritic.com/movie/out-of-the-dark,,1096461.0,92
6312,Out of the Furnace,https://www.metacritic.com/movie/out-of-the-furnace,22000000.0,15434375.0,116
6313,Out of Time,https://www.metacritic.com/movie/out-of-time,50000000.0,55489826.0,105
6314,Out Stealing Horses,https://www.metacritic.com/movie/out-stealing-horses,,,123
6315,Outcast,https://www.metacritic.com/movie/outcast,,3820123.0,99
6316,Outfoxed: Rupert Murdoch's War on Journalism,https://www.metacritic.com/movie/outfoxed-rupert-murdochs-war-on-journalism,,449487.0,78
6317,Outlander,https://www.metacritic.com/movie/outlander,50000000.0,1250617.0,115
6318,Outlaw King,https://www.metacritic.com/movie/outlaw-king,120000000.0,,121
6319,Outlaws and Angels,https://www.metacritic.com/movie/outlaws-and-angels,,,120
6320,Outrage,https://www.metacritic.com/movie/outrage,,,90
6321,Outrage,https://www.metacritic.com/movie/outrage-1969,,,109
6322,Outside In,https://www.metacritic.com/movie/outside-in,,,109
6323,Outside the Law,https://www.metacritic.com/movie/outside-the-law,,,138
6324,Outside the Wire,https://www.metacritic.com/movie/outside-the-wire,,,114
6325,Outsourced,https://www.metacritic.com/movie/outsourced,,737558.0,
6326,Over Her Dead Body,https://www.metacritic.com/movie/over-her-dead-body,10000000.0,21596074.0,95
6327,Over the Hedge,https://www.metacritic.com/movie/over-the-hedge,80000000.0,343397247.0,83
6328,Over the Moon,https://www.metacritic.com/movie/over-the-moon,,,95
6329,Over Your Cities Grass Will Grow,https://www.metacritic.com/movie/over-your-cities-grass-will-grow,,,105
6330,Overboard,https://www.metacritic.com/movie/overboard-2018,12000000.0,91244913.0,112
6331,Overlord,https://www.metacritic.com/movie/overlord-2018,38000000.0,39178189.0,110
6332,Overnight,https://www.metacritic.com/movie/overnight,,15577.0,82
6333,Owning Mahowny,https://www.metacritic.com/movie/owning-mahowny,10000000.0,1147871.0,104
6334,Oxygen,https://www.metacritic.com/movie/oxygen,,,100
6335,Oxygono,https://www.metacritic.com/movie/oxygono,,,100
6336,Oyster Farmer,https://www.metacritic.com/movie/oyster-farmer,,1786846.0,91
6337,Oz the Great and Powerful,https://www.metacritic.com/movie/oz-the-great-and-powerful,200000000.0,490359051.0,130
6338,P2,https://www.metacritic.com/movie/p2,,10186668.0,98
6339,Pacific Rim,https://www.metacritic.com/movie/pacific-rim,190000000.0,411002906.0,131
6340,Pacific Rim: Uprising,https://www.metacritic.com/movie/pacific-rim-uprising,155000000.0,290930148.0,111
6341,Paddington,https://www.metacritic.com/movie/paddington,55000000.0,252410984.0,95
6342,Paddington 2,https://www.metacritic.com/movie/paddington-2,,192751757.0,103
6343,Paddleton,https://www.metacritic.com/movie/paddleton,,,89
6344,Page One: A Year Inside the New York Times,https://www.metacritic.com/movie/page-one-a-year-inside-the-new-york-times,,,88
6345,Paid in Full,https://www.metacritic.com/movie/paid-in-full,,3075052.0,97
6346,Pain and Glory,https://www.metacritic.com/movie/pain-and-glory,,,113
6347,Pain & Gain,https://www.metacritic.com/movie/pain-gain,26000000.0,81275291.0,129
6348,Paint It Black,https://www.metacritic.com/movie/paint-it-black,,,97
6349,Painted Fire,https://www.metacritic.com/movie/painted-fire,,90931.0,120
6350,Palindromes,https://www.metacritic.com/movie/palindromes,,,100
6351,Palio,https://www.metacritic.com/movie/palio,,90508.0,91
6352,Palm Springs,https://www.metacritic.com/movie/palm-springs,5000000.0,1030842.0,90
6353,Palmer,https://www.metacritic.com/movie/palmer,,,110
6354,Palo Alto,https://www.metacritic.com/movie/palo-alto,1000000.0,1156309.0,100
6355,Pan,https://www.metacritic.com/movie/pan,150000000.0,151525973.0,111
6356,Pandaemonium,https://www.metacritic.com/movie/pandaemonium,15000000.0,1438.0,124
6357,Pandora's Promise,https://www.metacritic.com/movie/pandoras-promise,,,
6358,Pandorum,https://www.metacritic.com/movie/pandorum,40000000.0,17033431.0,108
6359,Panic,https://www.metacritic.com/movie/panic,,,88
6360,Panic Room,https://www.metacritic.com/movie/panic-room,48000000.0,196308367.0,112
6361,Pan's Labyrinth,https://www.metacritic.com/movie/pans-labyrinth,,,118
6362,Papa: Hemingway in Cuba,https://www.metacritic.com/movie/papa-hemingway-in-cuba,,4639537.0,110
6363,Paparazzi,https://www.metacritic.com/movie/paparazzi,20000000.0,16612072.0,84
6364,Paper Clips,https://www.metacritic.com/movie/paper-clips,,1153221.0,82
6365,Paper Heart,https://www.metacritic.com/movie/paper-heart,,1296971.0,88
6366,Paper Man,https://www.metacritic.com/movie/paper-man,,,110
6367,Paper Spiders,https://www.metacritic.com/movie/paper-spiders,,,109
6368,Paper Towns,https://www.metacritic.com/movie/paper-towns,12000000.0,85450484.0,109
6369,Papi Chulo,https://www.metacritic.com/movie/papi-chulo,,99472.0,98
6370,Papillon,https://www.metacritic.com/movie/papillon,,7776220.0,133
6371,Paprika,https://www.metacritic.com/movie/paprika,,948558.0,90
6372,Paradise,https://www.metacritic.com/movie/paradise-2013,,,86
6373,Paradise,https://www.metacritic.com/movie/paradise-2016,,20754.0,130
6374,Paradise: Faith,https://www.metacritic.com/movie/paradise-faith,,,115
6375,Paradise Hills,https://www.metacritic.com/movie/paradise-hills,,475763.0,95
6376,Paradise: Hope,https://www.metacritic.com/movie/paradise-hope,,,92
6377,Paradise: Love,https://www.metacritic.com/movie/paradise-love,,,120
6378,Paradise Now,https://www.metacritic.com/movie/paradise-now,,3357075.0,90
6379,Paragraph 175,https://www.metacritic.com/movie/paragraph-175,,,81
6380,Parallel Mothers,https://www.metacritic.com/movie/parallel-mothers,,,120
6381,Paranoia,https://www.metacritic.com/movie/paranoia,40000000.0,16340767.0,106
6382,Paranoid Park,https://www.metacritic.com/movie/paranoid-park,,,85
6383,Paranormal Activity,https://www.metacritic.com/movie/paranormal-activity,450000.0,194183034.0,86
6384,Paranormal Activity 2,https://www.metacritic.com/movie/paranormal-activity-2,3000000.0,177512032.0,91
6385,Paranormal Activity 3,https://www.metacritic.com/movie/paranormal-activity-3,5000000.0,207039844.0,83
6386,Paranormal Activity 4,https://www.metacritic.com/movie/paranormal-activity-4,5000000.0,142817992.0,88
6387,Paranormal Activity: Next of Kin,https://www.metacritic.com/movie/paranormal-activity-next-of-kin,,,120
6388,Paranormal Activity: The Ghost Dimension,https://www.metacritic.com/movie/paranormal-activity-the-ghost-dimension,10000000.0,77959374.0,88
6389,Paranormal Activity: The Marked Ones,https://www.metacritic.com/movie/paranormal-activity-the-marked-ones,5000000.0,90904854.0,84
6390,ParaNorman,https://www.metacritic.com/movie/paranorman,60000000.0,108119662.0,92
6391,Parasite,https://www.metacritic.com/movie/parasite,,,132
6392,Parched,https://www.metacritic.com/movie/parched,,1346495.0,116
6393,Parental Guidance,https://www.metacritic.com/movie/parental-guidance,25000000.0,120832383.0,105
6394,Pariah,https://www.metacritic.com/movie/pariah,,,86
6395,Paris,https://www.metacritic.com/movie/paris,,,130
6396,Paris 05:59: Théo & Hugo,https://www.metacritic.com/movie/paris-0559-theo-hugo,,,97
6397,Paris 36,https://www.metacritic.com/movie/paris-36,,,120
6398,Paris Can Wait,https://www.metacritic.com/movie/paris-can-wait,,15478255.0,92
6399,Paris Countdown,https://www.metacritic.com/movie/paris-countdown,,,92
6400,"Paris, je t'aime",https://www.metacritic.com/movie/paris-je-taime,13000000.0,5175088.0,120
6401,Paris-Manhattan,https://www.metacritic.com/movie/paris-manhattan,,,77
6402,Parked,https://www.metacritic.com/movie/parked,,,94
6403,Parker,https://www.metacritic.com/movie/parker,35000000.0,48543388.0,118
6404,Parkland,https://www.metacritic.com/movie/parkland,10000000.0,1616353.0,93
6405,Let It Rain,https://www.metacritic.com/movie/parlez-moi-de-la-pluie,,,110
6406,Particle Fever,https://www.metacritic.com/movie/particle-fever,,,99
6407,Particles of Truth,https://www.metacritic.com/movie/particles-of-truth,,,101
6408,Partisan,https://www.metacritic.com/movie/partisan,,149329.0,94
6409,Party Monster,https://www.metacritic.com/movie/party-monster,5000000.0,894030.0,98
6410,Pasolini,https://www.metacritic.com/movie/pasolini,,183500.0,84
6411,Pass Over,https://www.metacritic.com/movie/pass-over,,,74
6412,Passengers,https://www.metacritic.com/movie/passengers,,,93
6413,Passengers,https://www.metacritic.com/movie/passengers-2016,110000000.0,302239672.0,116
6414,Passing,https://www.metacritic.com/movie/passing,,,98
6415,Passing Strange,https://www.metacritic.com/movie/passing-strange,,,135
6416,Passion,https://www.metacritic.com/movie/passion,,267423.0,102
6417,Passion of Mind,https://www.metacritic.com/movie/passion-of-mind,,,105
6418,Passion Play,https://www.metacritic.com/movie/passion-play,,,94
6419,Passionada,https://www.metacritic.com/movie/passionada,,,108
6420,Passione,https://www.metacritic.com/movie/passione,,,90
6421,Past Life,https://www.metacritic.com/movie/past-life,,205212.0,109
6422,Patema Inverted,https://www.metacritic.com/movie/patema-inverted,,,98
6423,Paterson,https://www.metacritic.com/movie/paterson,5000000.0,10727536.0,118
6424,Path of Blood,https://www.metacritic.com/movie/path-of-blood,,5364.0,92
6425,Pathfinder,https://www.metacritic.com/movie/pathfinder,,30822861.0,99
6426,Pathology,https://www.metacritic.com/movie/pathology,8000000.0,3270974.0,95
6427,Paths of the Soul,https://www.metacritic.com/movie/paths-of-the-soul,,,115
6428,Patience (After Sebald),https://www.metacritic.com/movie/patience-after-sebald,,,90
6429,Patrick,https://www.metacritic.com/movie/patrick-2019,,,94
6430,Patrik Age 1.5,https://www.metacritic.com/movie/patrik-age-15,,,103
6431,Patriots Day,https://www.metacritic.com/movie/patriots-day,40000000.0,52837989.0,133
6432,Patti Cake$,https://www.metacritic.com/movie/patti-cake,1000000.0,1471090.0,109
6433,Patti Smith: Dream of Life,https://www.metacritic.com/movie/patti-smith-dream-of-life,,138494.0,109
6434,Paul,https://www.metacritic.com/movie/paul,40000000.0,101162106.0,104
6435,"Paul, Apostle of Christ",https://www.metacritic.com/movie/paul-apostle-of-christ,5000000.0,26078500.0,108
6436,Paul Blart: Mall Cop,https://www.metacritic.com/movie/paul-blart-mall-cop,26000000.0,185904750.0,91
6437,Paul Blart: Mall Cop 2,https://www.metacritic.com/movie/paul-blart-mall-cop-2,38000000.0,107453907.0,94
6438,Paul Goodman Changed My Life,https://www.metacritic.com/movie/paul-goodman-changed-my-life,,,89
6439,Paul Verhoeven's Tricked,https://www.metacritic.com/movie/paul-verhoevens-tricked,,,55
6440,Paul Williams Still Alive,https://www.metacritic.com/movie/paul-williams-still-alive,,,87
6441,Pauline and Paulette,https://www.metacritic.com/movie/pauline-and-paulette,,,78
6442,Paulo Coelho's Best Story,https://www.metacritic.com/movie/paulo-coelhos-best-story,,,112
6443,Pavarotti,https://www.metacritic.com/movie/pavarotti,,8569152.0,114
6444,Pavilion,https://www.metacritic.com/movie/pavilion,,,68
6445,Pavilion of Women,https://www.metacritic.com/movie/pavilion-of-women,,77243.0,116
6446,Paw Patrol: The Movie,https://www.metacritic.com/movie/paw-patrol-the-movie,,134899445.0,
6447,Pawn Sacrifice,https://www.metacritic.com/movie/pawn-sacrifice,,4138747.0,115
6448,Pawn Shop Chronicles,https://www.metacritic.com/movie/pawn-shop-chronicles,,,112
6449,Pay It Forward,https://www.metacritic.com/movie/pay-it-forward,40000000.0,55696705.0,123
6450,Pay the Ghost,https://www.metacritic.com/movie/pay-the-ghost,,2242988.0,94
6451,Payback,https://www.metacritic.com/movie/payback-1969,,,82
6452,Paycheck,https://www.metacritic.com/movie/paycheck,60000000.0,98819789.0,119
6453,"Peace, Love, & Misunderstanding",https://www.metacritic.com/movie/peace-love-misunderstanding,,,96
6454,Peace Officer,https://www.metacritic.com/movie/peace-officer,,,105
6455,"Peace, Propaganda & the Promised Land",https://www.metacritic.com/movie/peace-propaganda-the-promised-land,,,80
6456,Peaceful Warrior,https://www.metacritic.com/movie/peaceful-warrior,10000000.0,3260179.0,120
6457,Pearl Harbor,https://www.metacritic.com/movie/pearl-harbor,151500000.0,449239853.0,183
6458,Pearl Jam Twenty,https://www.metacritic.com/movie/pearl-jam-twenty,,,109
6459,Peau d'homme coeur de bête,https://www.metacritic.com/movie/peau-dhomme-coeur-de-bete,,,
6460,Pee-wee's Big Holiday,https://www.metacritic.com/movie/pee-wees-big-holiday,,,90
6461,Peep World,https://www.metacritic.com/movie/peep-world,,,89
6462,Peeples,https://www.metacritic.com/movie/peeples,11000000.0,9307166.0,95
6463,Peepli Live,https://www.metacritic.com/movie/peepli-live,,8544969.0,
6464,Peggy Guggenheim: Art Addict,https://www.metacritic.com/movie/peggy-guggenheim-art-addict,,995688.0,96
6465,Pelé: Birth of a Legend,https://www.metacritic.com/movie/pele-birth-of-a-legend,,,107
6466,Pelican Dreams,https://www.metacritic.com/movie/pelican-dreams,,,80
6467,Pellet,https://www.metacritic.com/movie/pellet,,,88
6468,Penance,https://www.metacritic.com/movie/penance,,,
6469,Penelope,https://www.metacritic.com/movie/penelope,,21375166.0,104
6470,Penguin Bloom,https://www.metacritic.com/movie/penguin-bloom,,6259122.0,95
6471,Penguins,https://www.metacritic.com/movie/penguins,,,76
6472,Penguins of Madagascar,https://www.metacritic.com/movie/penguins-of-madagascar,132000000.0,366942531.0,92
6473,$pent,https://www.metacritic.com/movie/pent,,,91
6474,People I Know,https://www.metacritic.com/movie/people-i-know,20000000.0,5694213.0,100
6475,People Like Us,https://www.metacritic.com/movie/people-like-us,16000000.0,12617472.0,114
6476,People Places Things,https://www.metacritic.com/movie/people-places-things,,215381.0,85
6477,People Say I'm Crazy,https://www.metacritic.com/movie/people-say-im-crazy,,,84
6478,People's Republic of Desire,https://www.metacritic.com/movie/peoples-republic-of-desire,,,95
6479,Peppermint,https://www.metacritic.com/movie/peppermint,25000000.0,51800758.0,101
6480,Percy Jackson: Sea of Monsters,https://www.metacritic.com/movie/percy-jackson-sea-of-monsters,90000000.0,200859554.0,106
6481,Percy Jackson & the Olympians: The Lightning Thief,https://www.metacritic.com/movie/percy-jackson-the-olympians-the-lightning-thief,95000000.0,223050874.0,118
6482,Percy Vs Goliath,https://www.metacritic.com/movie/percy-vs-goliath,,,99
6483,Perfect,https://www.metacritic.com/movie/perfect-2019,,,88
6484,Perfect Sense,https://www.metacritic.com/movie/perfect-sense,,138868.0,92
6485,Perfect Sisters,https://www.metacritic.com/movie/perfect-sisters,,,100
6486,Perfect Stranger,https://www.metacritic.com/movie/perfect-stranger,,62526388.0,109
6487,Perfect Strangers (Perfectos Desconocidos),https://www.metacritic.com/movie/perfect-strangers-perfectos-desconocidos,,,97
6488,Perfume: The Story of a Murderer,https://www.metacritic.com/movie/perfume-the-story-of-a-murderer,63700000.0,133603463.0,147
6489,Perlasca: The Courage of a Just Man,https://www.metacritic.com/movie/perlasca-the-courage-of-a-just-man,,,104
6490,Permission,https://www.metacritic.com/movie/permission,,55369.0,96
6491,Perrier's Bounty,https://www.metacritic.com/movie/perriers-bounty,6600000.0,,88
6492,Persecuted,https://www.metacritic.com/movie/persecuted,,,91
6493,Persepolis,https://www.metacritic.com/movie/persepolis,7300000.0,25397187.0,96
6494,Person to Person,https://www.metacritic.com/movie/person-to-person,,,84
6495,Personal Shopper,https://www.metacritic.com/movie/personal-shopper,6400000.0,3804977.0,105
6496,Personal Velocity: Three Portraits,https://www.metacritic.com/movie/personal-velocity-three-portraits,,,86
6497,Persons of Interest,https://www.metacritic.com/movie/persons-of-interest,,,63
6498,Pervert Park,https://www.metacritic.com/movie/pervert-park,,,77
6499,Pet,https://www.metacritic.com/movie/pet,,10864.0,94
6500,Pet Sematary,https://www.metacritic.com/movie/pet-sematary-2019,21000000.0,111809732.0,101
6501,Pete Seeger: The Power of Song,https://www.metacritic.com/movie/pete-seeger-the-power-of-song,,179007.0,93
6502,Peter and the Farm,https://www.metacritic.com/movie/peter-and-the-farm,,,91
6503,Peter and Vandy,https://www.metacritic.com/movie/peter-and-vandy,,,95
6504,Peter Pan,https://www.metacritic.com/movie/peter-pan,100000000.0,95255485.0,113
6505,Peter Rabbit,https://www.metacritic.com/movie/peter-rabbit,50000000.0,346727372.0,95
6506,Peter Rabbit 2: The Runaway,https://www.metacritic.com/movie/peter-rabbit-2-the-runaway,45000000.0,152660246.0,93
6507,Peterloo,https://www.metacritic.com/movie/peterloo,,2153029.0,154
6508,Pete's Dragon,https://www.metacritic.com/movie/petes-dragon,65000000.0,137768975.0,103
6509,Petite Maman,https://www.metacritic.com/movie/petite-maman,,995042.0,72
6510,Fear(s) of the Dark,https://www.metacritic.com/movie/peurs-du-noir,,,85
6511,PG: Psycho Goreman,https://www.metacritic.com/movie/pg-psycho-goreman,,,99
6512,Phantasm: Ravager,https://www.metacritic.com/movie/phantasm-ravager,,,85
6513,Phantom,https://www.metacritic.com/movie/phantom,,,90
6514,Phantom,https://www.metacritic.com/movie/phantom-2013,18000000.0,1199510.0,98
6515,Phantom Boy,https://www.metacritic.com/movie/phantom-boy,,219626.0,84
6516,Phantom Halo,https://www.metacritic.com/movie/phantom-halo,,,87
6517,Phantom Thread,https://www.metacritic.com/movie/phantom-thread,35000000.0,47812199.0,130
6518,Phat Girlz,https://www.metacritic.com/movie/phat-girlz,3000000.0,7301115.0,99
6519,Phil,https://www.metacritic.com/movie/phil,,,106
6520,Phil Ochs: There But for Fortune,https://www.metacritic.com/movie/phil-ochs-there-but-for-fortune,,,96
6521,Philip Roth: Unmasked,https://www.metacritic.com/movie/philip-roth-unmasked,,,52
6522,Philomena,https://www.metacritic.com/movie/philomena,12000000.0,98963392.0,98
6523,Phoebe in Wonderland,https://www.metacritic.com/movie/phoebe-in-wonderland,,,96
6524,Phoenix,https://www.metacritic.com/movie/phoenix,,6223031.0,98
6525,"Phoenix, Oregon",https://www.metacritic.com/movie/phoenix-oregon,,,108
6526,Phone Booth,https://www.metacritic.com/movie/phone-booth,11000000.0,97837138.0,81
6527,Photograph,https://www.metacritic.com/movie/photograph,,985026.0,110
6528,Photographic Memory,https://www.metacritic.com/movie/photographic-memory,,,87
6529,Phyllis and Harold,https://www.metacritic.com/movie/phyllis-and-harold,,,85
6530,Pianomania,https://www.metacritic.com/movie/pianomania,,,93
6531,Picasso and Braque Go to the Movies,https://www.metacritic.com/movie/picasso-and-braque-go-to-the-movies,,,60
6532,Pick of the Litter,https://www.metacritic.com/movie/pick-of-the-litter,,750241.0,81
6533,Pieces of a Woman,https://www.metacritic.com/movie/pieces-of-a-woman,,,126
6534,Pieces of April,https://www.metacritic.com/movie/pieces-of-april,300000.0,3571253.0,80
6535,Piercing,https://www.metacritic.com/movie/piercing,,148731.0,81
6536,Pierrepoint,https://www.metacritic.com/movie/pierrepoint,,,90
6537,Pieta,https://www.metacritic.com/movie/pieta,,,104
6538,Pig,https://www.metacritic.com/movie/pig-2021,,3839103.0,92
6539,Piglet's Big Movie,https://www.metacritic.com/movie/piglets-big-movie,,62870546.0,75
6540,Pilgrimage,https://www.metacritic.com/movie/pilgrimage,,4080.0,96
6541,Pin Cushion,https://www.metacritic.com/movie/pin-cushion,,76336.0,82
6542,Pina,https://www.metacritic.com/movie/pina,,24460758.0,106
6543,Pineapple Express,https://www.metacritic.com/movie/pineapple-express,26000000.0,102404019.0,111
6544,Piñero,https://www.metacritic.com/movie/pinero,,,103
6545,Ping Pong,https://www.metacritic.com/movie/ping-pong,,,114
6546,Ping Pong Playa,https://www.metacritic.com/movie/ping-pong-playa,,,
6547,Ping Pong Summer,https://www.metacritic.com/movie/ping-pong-summer,,82282.0,92
6548,"Pink Ribbons, Inc.",https://www.metacritic.com/movie/pink-ribbons-inc,1200000.0,,97
6549,Pink Wall,https://www.metacritic.com/movie/pink-wall,,7957.0,82
6550,Pinocchio,https://www.metacritic.com/movie/pinocchio,45000000.0,31681811.0,108
6551,Pinocchio,https://www.metacritic.com/movie/pinocchio-2019,13200000.0,25995655.0,125
6552,Pioneer,https://www.metacritic.com/movie/pioneer,,22894.0,111
6553,Pipe Dream,https://www.metacritic.com/movie/pipe-dream,,,91
6554,Piranha 3-D,https://www.metacritic.com/movie/piranha-3-d,24000000.0,83660160.0,88
6555,Piranha 3DD,https://www.metacritic.com/movie/piranha-3dd,,6530796.0,83
6556,Piranhas,https://www.metacritic.com/movie/piranhas,,,105
6557,Pirate Radio,https://www.metacritic.com/movie/pirate-radio,,,116
6558,Pirates of the Caribbean: At World's End,https://www.metacritic.com/movie/pirates-of-the-caribbean-at-worlds-end,300000000.0,960996492.0,169
6559,Pirates of the Caribbean: Dead Man's Chest,https://www.metacritic.com/movie/pirates-of-the-caribbean-dead-mans-chest,225000000.0,1066179725.0,151
6560,Pirates of the Caribbean: Dead Men Tell No Tales,https://www.metacritic.com/movie/pirates-of-the-caribbean-dead-men-tell-no-tales,230000000.0,794861794.0,129
6561,Pirates of the Caribbean: On Stranger Tides,https://www.metacritic.com/movie/pirates-of-the-caribbean-on-stranger-tides,379000000.0,1045713802.0,141
6562,Pirates of the Caribbean: The Curse of the Black Pearl,https://www.metacritic.com/movie/pirates-of-the-caribbean-the-curse-of-the-black-pearl,140000000.0,654310819.0,143
6563,Pistol Opera,https://www.metacritic.com/movie/pistol-opera,,,112
6564,Pitch Black,https://www.metacritic.com/movie/pitch-black,23000000.0,53182088.0,109
6565,Pitch Perfect,https://www.metacritic.com/movie/pitch-perfect,17000000.0,116044347.0,112
6566,Pitch Perfect 2,https://www.metacritic.com/movie/pitch-perfect-2,29000000.0,287215196.0,115
6567,Pitch Perfect 3,https://www.metacritic.com/movie/pitch-perfect-3,45000000.0,185736412.0,93
6568,Pixels,https://www.metacritic.com/movie/pixels,90000000.0,244041804.0,106
6569,Pixie,https://www.metacritic.com/movie/pixie,,773661.0,93
6570,Pizza,https://www.metacritic.com/movie/pizza,,,80
6571,Place Vendôme,https://www.metacritic.com/movie/place-vendome,,,117
6572,Plagues and Pleasures on the Salton Sea,https://www.metacritic.com/movie/plagues-and-pleasures-on-the-salton-sea,,,74
6573,Plan B,https://www.metacritic.com/movie/plan-b,,,
6574,Planes,https://www.metacritic.com/movie/planes,,,91
6575,Planes: Fire & Rescue,https://www.metacritic.com/movie/planes-fire-rescue,,,83
6576,Planet 51,https://www.metacritic.com/movie/planet-51,60000000.0,108996113.0,91
6577,Planet B-Boy,https://www.metacritic.com/movie/planet-b-boy,,,95
6578,Planet Earth: Dreams,https://www.metacritic.com/movie/planet-earth-dreams,,,85
6579,Planet of Snail,https://www.metacritic.com/movie/planet-of-snail,,4056.0,88
6580,Planet of the Apes,https://www.metacritic.com/movie/planet-of-the-apes,100000000.0,362211740.0,119
6581,Planetarium,https://www.metacritic.com/movie/planetarium,,540590.0,105
6582,Plastic,https://www.metacritic.com/movie/plastic,10000000.0,575371.0,102
6583,Play the Game,https://www.metacritic.com/movie/play-the-game,,,105
6584,Playing for Keeps,https://www.metacritic.com/movie/playing-for-keeps,35000000.0,27805632.0,105
6585,Playing It Cool,https://www.metacritic.com/movie/playing-it-cool,,,94
6586,Playing with Fire,https://www.metacritic.com/movie/playing-with-fire-2019,,61249503.0,96
6587,Playing with Sharks,https://www.metacritic.com/movie/playing-with-sharks,,,95
6588,Playmobil: The Movie,https://www.metacritic.com/movie/playmobil-the-movie,,,99
6589,Please Give,https://www.metacritic.com/movie/please-give,3000000.0,4566662.0,90
6590,Please Stand By,https://www.metacritic.com/movie/please-stand-by,,404356.0,93
6591,Pledge,https://www.metacritic.com/movie/pledge,,,77
6592,Plimpton! Starring George Plimpton as Himself,https://www.metacritic.com/movie/plimpton!-starring-george-plimpton-as-himself,,,89
6593,Plot for Peace,https://www.metacritic.com/movie/plot-for-peace,,51163.0,84
6594,Plus One,https://www.metacritic.com/movie/plus-one-2019,,42628.0,99
6595,Poetry,https://www.metacritic.com/movie/poetry,,,139
6596,Point and Shoot,https://www.metacritic.com/movie/point-and-shoot,,,83
6597,Point Blank,https://www.metacritic.com/movie/point-blank,,,84
6598,Point Blank,https://www.metacritic.com/movie/point-blank-2019,,,86
6599,Point Break,https://www.metacritic.com/movie/point-break-2015,100000000.0,126704591.0,114
6600,Pokémon 3: The Movie,https://www.metacritic.com/movie/pokemon-3-the-movie,,,93
6601,Pokémon 4: The Movie,https://www.metacritic.com/movie/pokemon-4-the-movie,,,75
6602,Pokémon Detective Pikachu,https://www.metacritic.com/movie/pokemon-detective-pikachu,150000000.0,431344168.0,104
6603,Pokémon Heroes,https://www.metacritic.com/movie/pokemon-heroes,,,71
6604,Pokémon: The Movie 2000,https://www.metacritic.com/movie/pokemon-the-movie-2000,,,80
6605,Pola X,https://www.metacritic.com/movie/pola-x,,,134
6606,Polar,https://www.metacritic.com/movie/polar,,,118
6607,"Police, Adjective",https://www.metacritic.com/movie/police-adjective,,,113
6608,Police Beat,https://www.metacritic.com/movie/police-beat,,,80
6609,Police Story (1985),https://www.metacritic.com/movie/police-story-1985,,,101
6610,Police Story 2 (1988),https://www.metacritic.com/movie/police-story-2-1988,,,101
6611,Policeman,https://www.metacritic.com/movie/policeman,,,105
6612,Polina,https://www.metacritic.com/movie/polina,,,108
6613,Polisse,https://www.metacritic.com/movie/polisse,8900000.0,22744132.0,127
6614,Pollock,https://www.metacritic.com/movie/pollock,6000000.0,10557291.0,122
6615,Poltergeist,https://www.metacritic.com/movie/poltergeist,35000000.0,95713069.0,93
6616,POM Wonderful Presents: The Greatest Movie Ever Sold,https://www.metacritic.com/movie/pom-wonderful-presents-the-greatest-movie-ever-sold,1800000.0,783733.0,90
6617,Pompeii,https://www.metacritic.com/movie/pompeii,80000000.0,108469033.0,105
6618,Poms,https://www.metacritic.com/movie/poms,10000000.0,16463241.0,90
6619,Pontypool,https://www.metacritic.com/movie/pontypool,1500000.0,31916.0,93
6620,Ponyo,https://www.metacritic.com/movie/ponyo,,,101
6621,Pooh's Heffalump Movie,https://www.metacritic.com/movie/poohs-heffalump-movie,20000000.0,55686944.0,68
6622,Poolhall Junkies,https://www.metacritic.com/movie/poolhall-junkies,4000000.0,,99
6623,Pootie Tang,https://www.metacritic.com/movie/pootie-tang,3500000.0,,81
6624,Pop Aye,https://www.metacritic.com/movie/pop-aye,,160531.0,104
6625,Pop & Me,https://www.metacritic.com/movie/pop-me,,,91
6626,Pope Francis - A Man of His Word,https://www.metacritic.com/movie/pope-francis---a-man-of-his-word,,8505755.0,96
6627,Popstar: Never Stop Never Stopping,https://www.metacritic.com/movie/popstar-never-stop-never-stopping,20000000.0,9537120.0,87
6628,Populaire,https://www.metacritic.com/movie/populaire,,,111
6629,Porn Star: The Legend of Ron Jeremy,https://www.metacritic.com/movie/porn-star-the-legend-of-ron-jeremy,,,80
6630,Porn Theater,https://www.metacritic.com/movie/porn-theater,,,90
6631,Porno,https://www.metacritic.com/movie/porno,,,98
6632,Port Authority,https://www.metacritic.com/movie/port-authority,,61744.0,101
6633,Porto,https://www.metacritic.com/movie/porto,,94442.0,76
6634,Portrait of a Lady on Fire,https://www.metacritic.com/movie/portrait-of-a-lady-on-fire,,,122
6635,Portrait of Wally,https://www.metacritic.com/movie/portrait-of-wally,,,90
6636,Poseidon,https://www.metacritic.com/movie/poseidon,160000000.0,181674817.0,98
6637,Possession,https://www.metacritic.com/movie/possession-2002,25000000.0,14805812.0,102
6638,Possessor Uncut,https://www.metacritic.com/movie/possessor-uncut,,,103
6639,Post Grad,https://www.metacritic.com/movie/post-grad,15000000.0,6563402.0,88
6640,Post Mortem,https://www.metacritic.com/movie/post-mortem,,,98
6641,Post Tenebras Lux,https://www.metacritic.com/movie/post-tenebras-lux,,276580.0,115
6642,Postal,https://www.metacritic.com/movie/postal,,,100
6643,Postcards from London,https://www.metacritic.com/movie/postcards-from-london,,15562.0,90
6644,Poster Boy,https://www.metacritic.com/movie/poster-boy,,,
6645,Postman Pat: The Movie,https://www.metacritic.com/movie/postman-pat-the-movie,,8660022.0,88
6646,Postmen in the Mountains,https://www.metacritic.com/movie/postmen-in-the-mountains,,,93
6647,Potiche,https://www.metacritic.com/movie/potiche,,34152587.0,103
6648,Power and Terror: Noam Chomsky in Our Times,https://www.metacritic.com/movie/power-and-terror-noam-chomsky-in-our-times,,,74
6649,Power Trip,https://www.metacritic.com/movie/power-trip,,,86
6650,Praise,https://www.metacritic.com/movie/praise,,,98
6651,Pray Away,https://www.metacritic.com/movie/pray-away,,,101
6652,Pray the Devil Back to Hell,https://www.metacritic.com/movie/pray-the-devil-back-to-hell,,,72
6653,Prayers for the Stolen,https://www.metacritic.com/movie/prayers-for-the-stolen,,,110
6654,Praying with Lior,https://www.metacritic.com/movie/praying-with-lior,,,87
6655,Precious: Based on the Novel 'Push' by Sapphire,https://www.metacritic.com/movie/precious-based-on-the-novel-push-by-sapphire,,,
6656,Predators,https://www.metacritic.com/movie/predators,40000000.0,127234389.0,107
6657,Predestination,https://www.metacritic.com/movie/predestination,,5386852.0,97
6658,Premature,https://www.metacritic.com/movie/premature,,,93
6659,Premature,https://www.metacritic.com/movie/premature-2020,,,90
6660,Premium Rush,https://www.metacritic.com/movie/premium-rush,35000000.0,31393201.0,91
6661,Premonition,https://www.metacritic.com/movie/premonition,20000000.0,84146832.0,96
6662,Preparations to be Together for an Unknown Period of Time,https://www.metacritic.com/movie/preparations-to-be-together-for-an-unknown-period-of-time,,,95
6663,Presenting Princess Shaw,https://www.metacritic.com/movie/presenting-princess-shaw,,,83
6664,Preservation,https://www.metacritic.com/movie/preservation,,,90
6665,Pressure Cooker,https://www.metacritic.com/movie/pressure-cooker,,,99
6666,Pretty Persuasion,https://www.metacritic.com/movie/pretty-persuasion,,,104
6667,Prevenge,https://www.metacritic.com/movie/prevenge,,94100.0,88
6668,Prey for Rock & Roll,https://www.metacritic.com/movie/prey-for-rock-roll,,62089.0,104
6669,Price Check,https://www.metacritic.com/movie/price-check,,,92
6670,Price of Glory,https://www.metacritic.com/movie/price-of-glory,,,118
6671,Priceless,https://www.metacritic.com/movie/priceless,,,106
6672,Pride,https://www.metacritic.com/movie/pride,,7094650.0,104
6673,Pride,https://www.metacritic.com/movie/pride-2014,,7285099.0,120
6674,Pride and Glory,https://www.metacritic.com/movie/pride-and-glory,30000000.0,32262866.0,130
6675,Pride and Prejudice and Zombies,https://www.metacritic.com/movie/pride-and-prejudice-and-zombies,28000000.0,16638300.0,107
6676,Pride & Prejudice,https://www.metacritic.com/movie/pride-prejudice,28000000.0,126549607.0,127
6677,Priest,https://www.metacritic.com/movie/priest,60000000.0,84154026.0,87
6678,Primal,https://www.metacritic.com/movie/primal,,,97
6679,Prime,https://www.metacritic.com/movie/prime,,67527153.0,105
6680,Primer,https://www.metacritic.com/movie/primer,7000.0,841926.0,77
6681,Primeval,https://www.metacritic.com/movie/primeval,,15337855.0,93
6682,Primo Levi's Journey,https://www.metacritic.com/movie/primo-levis-journey,,,92
6683,Prince,https://www.metacritic.com/movie/prince,,,78
6684,Prince Avalanche,https://www.metacritic.com/movie/prince-avalanche,,781111.0,94
6685,Prince of Broadway,https://www.metacritic.com/movie/prince-of-broadway,,,100
6686,Prince of Persia: The Sands of Time,https://www.metacritic.com/movie/prince-of-persia-the-sands-of-time,,,116
6687,Princesa,https://www.metacritic.com/movie/princesa,,,
6688,Princesas,https://www.metacritic.com/movie/princesas,,,109
6689,Princess Cyd,https://www.metacritic.com/movie/princess-cyd,,,96
6690,Princess Kaiulani,https://www.metacritic.com/movie/princess-kaiulani,9000000.0,,130
6691,Prisoner of Paradise,https://www.metacritic.com/movie/prisoner-of-paradise,,,96
6692,Prisoners,https://www.metacritic.com/movie/prisoners,46000000.0,113361720.0,153
6693,Prisoners of the Ghostland,https://www.metacritic.com/movie/prisoners-of-the-ghostland,,59364.0,103
6694,Private,https://www.metacritic.com/movie/private,,,90
6695,Private Fears in Public Places,https://www.metacritic.com/movie/private-fears-in-public-places,,,120
6696,Private Life,https://www.metacritic.com/movie/private-life,,,123
6697,Private Peaceful,https://www.metacritic.com/movie/private-peaceful,,,102
6698,Private Property,https://www.metacritic.com/movie/private-property,,,95
6699,Private Romeo,https://www.metacritic.com/movie/private-romeo,,,98
6700,Procession,https://www.metacritic.com/movie/procession,,,116
6701,Prodigal Sons,https://www.metacritic.com/movie/prodigal-sons,,,86
6702,Professor Marston & the Wonder Women,https://www.metacritic.com/movie/professor-marston-the-wonder-women,,1908425.0,108
6703,Profile,https://www.metacritic.com/movie/profile,2300000.0,1838205.0,106
6704,Programming the Nation?,https://www.metacritic.com/movie/programming-the-nation,,,105
6705,Project Almanac,https://www.metacritic.com/movie/project-almanac,12000000.0,32909437.0,106
6706,Project Nim,https://www.metacritic.com/movie/project-nim,,1583533.0,93
6707,Project Power,https://www.metacritic.com/movie/project-power,,,113
6708,Project X,https://www.metacritic.com/movie/project-x,12000000.0,103028188.0,88
6709,Prom,https://www.metacritic.com/movie/prom,8000000.0,10763183.0,104
6710,Prom Night,https://www.metacritic.com/movie/prom-night,18000000.0,57193655.0,88
6711,Promare,https://www.metacritic.com/movie/promare,,12655222.0,111
6712,Prometheus,https://www.metacritic.com/movie/prometheus,125000000.0,402448265.0,124
6713,Promised Land,https://www.metacritic.com/movie/promised-land,15000000.0,12394562.0,106
6714,Promises,https://www.metacritic.com/movie/promises,,,106
6715,Promising Young Woman,https://www.metacritic.com/movie/promising-young-woman,,16137493.0,113
6716,Proof,https://www.metacritic.com/movie/proof,20000000.0,8284331.0,100
6717,Proof of Life,https://www.metacritic.com/movie/proof-of-life,65000000.0,62761005.0,135
6718,Prophet's Prey,https://www.metacritic.com/movie/prophets-prey,,,90
6719,Prospect,https://www.metacritic.com/movie/prospect,,,98
6720,Protagonist,https://www.metacritic.com/movie/protagonist,,,90
6721,Protektor,https://www.metacritic.com/movie/protektor,,,98
6722,Proteus,https://www.metacritic.com/movie/proteus-2004,,,97
6723,Protocols of Zion,https://www.metacritic.com/movie/protocols-of-zion,,,95
6724,Proud Mary,https://www.metacritic.com/movie/proud-mary,30000000.0,21709539.0,89
6725,Provoked: A True Story,https://www.metacritic.com/movie/provoked-a-true-story,,3282269.0,113
6726,Proxima,https://www.metacritic.com/movie/proxima,,,107
6727,Proxy,https://www.metacritic.com/movie/proxy,,,120
6728,P.S.,https://www.metacritic.com/movie/ps,,,97
6729,P.S. I Love You,https://www.metacritic.com/movie/ps-i-love-you,30000000.0,155769678.0,126
6730,P.S. Your Cat Is Dead!,https://www.metacritic.com/movie/ps-your-cat-is-dead!,,,92
6731,Psycho Beach Party,https://www.metacritic.com/movie/psycho-beach-party,4000000.0,,95
6732,Psychopathia Sexualis,https://www.metacritic.com/movie/psychopathia-sexualis,,,102
6733,Psychopaths,https://www.metacritic.com/movie/psychopaths,,51075.0,85
6734,Public Enemies,https://www.metacritic.com/movie/public-enemies,102500000.0,212282709.0,140
6735,Puccini for Beginners,https://www.metacritic.com/movie/puccini-for-beginners,,,
6736,Puerto Ricans in Paris,https://www.metacritic.com/movie/puerto-ricans-in-paris,,,82
6737,Pulling Strings,https://www.metacritic.com/movie/pulling-strings,,13725819.0,111
6738,"Pulp: A Film About Life, Death & Supermarkets",https://www.metacritic.com/movie/pulp-a-film-about-life-death-supermarkets,,,90
6739,Pulse,https://www.metacritic.com/movie/pulse,20500000.0,30241435.0,90
6740,Pulse,https://www.metacritic.com/movie/pulse-2005,,,118
6741,Pump,https://www.metacritic.com/movie/pump,2000000.0,,88
6742,Pumpkin,https://www.metacritic.com/movie/pumpkin,,,113
6743,Punch-Drunk Love,https://www.metacritic.com/movie/punch-drunk-love,25000000.0,24591031.0,95
6744,Punching the Clown,https://www.metacritic.com/movie/punching-the-clown,,,91
6745,Puncture,https://www.metacritic.com/movie/puncture,,85954.0,100
6746,Punisher: War Zone,https://www.metacritic.com/movie/punisher-war-zone,35000000.0,10157534.0,103
6747,Punks,https://www.metacritic.com/movie/punks,,,91
6748,Puppet Master: The Littlest Reich,https://www.metacritic.com/movie/puppet-master-the-littlest-reich,,,90
6749,Pure,https://www.metacritic.com/movie/pure,,,96
6750,Purple Butterfly,https://www.metacritic.com/movie/purple-butterfly,,,127
6751,Push,https://www.metacritic.com/movie/push,38000000.0,49678401.0,111
6752,Pusher (2012),https://www.metacritic.com/movie/pusher-2012,,,89
6753,Pusher II: With Blood On My Hands,https://www.metacritic.com/movie/pusher-ii-with-blood-on-my-hands,,,100
6754,Pusher III: I'm the Angel of Death,https://www.metacritic.com/movie/pusher-iii-im-the-angel-of-death,,,90
6755,Puss in Boots,https://www.metacritic.com/movie/puss-in-boots,130000000.0,554987477.0,90
6756,Pussy Riot: A Punk Prayer,https://www.metacritic.com/movie/pussy-riot-a-punk-prayer,,,88
6757,Putin's Kiss,https://www.metacritic.com/movie/putins-kiss,,,85
6758,Putty Hill,https://www.metacritic.com/movie/putty-hill,,,87
6759,Puzzle,https://www.metacritic.com/movie/puzzle,,,87
6760,Puzzle,https://www.metacritic.com/movie/puzzle-2018,,2266853.0,103
6761,PVT Chat,https://www.metacritic.com/movie/pvt-chat,,,86
6762,Quality of Life,https://www.metacritic.com/movie/quality-of-life,,,85
6763,Quantum of Solace,https://www.metacritic.com/movie/quantum-of-solace,230000000.0,591692078.0,106
6764,Quarantine,https://www.metacritic.com/movie/quarantine,12000000.0,41924774.0,89
6765,Quartet,https://www.metacritic.com/movie/quartet,11000000.0,56178935.0,98
6766,Queen and Country,https://www.metacritic.com/movie/queen-and-country,,308041.0,115
6767,Queen Bees,https://www.metacritic.com/movie/queen-bees,,2315001.0,100
6768,Queen of Earth,https://www.metacritic.com/movie/queen-of-earth,,132387.0,90
6769,Queen of Hearts,https://www.metacritic.com/movie/queen-of-hearts,,,127
6770,Queen of Katwe,https://www.metacritic.com/movie/queen-of-katwe,15000000.0,10055481.0,124
6771,Queen of the Damned,https://www.metacritic.com/movie/queen-of-the-damned,35000000.0,,101
6772,Queen of the Desert,https://www.metacritic.com/movie/queen-of-the-desert,,,128
6773,Queen of the Lot,https://www.metacritic.com/movie/queen-of-the-lot,,,
6774,Queen of the Sun: What Are the Bees Telling Us?,https://www.metacritic.com/movie/queen-of-the-sun-what-are-the-bees-telling-us,,,83
6775,Queen & Slim,https://www.metacritic.com/movie/queen-slim,20000000.0,47936399.0,132
6776,Queen to Play,https://www.metacritic.com/movie/queen-to-play,,,97
6777,Queenpins,https://www.metacritic.com/movie/queenpins,,641682.0,110
6778,Queens,https://www.metacritic.com/movie/queens,,,107
6779,Queer Japan,https://www.metacritic.com/movie/queer-japan,,,99
6780,Quest,https://www.metacritic.com/movie/quest-2017,,50018.0,104
6781,Quid Pro Quo,https://www.metacritic.com/movie/quid-pro-quo,,,82
6782,Quiet Chaos,https://www.metacritic.com/movie/quiet-chaos,,,105
6783,Quill: The Life of a Guide Dog,https://www.metacritic.com/movie/quill-the-life-of-a-guide-dog,,,100
6784,Quills,https://www.metacritic.com/movie/quills,13500000.0,11732088.0,124
6785,Quince Tree of the Sun,https://www.metacritic.com/movie/quince-tree-of-the-sun,,,133
6786,Quinceañera,https://www.metacritic.com/movie/quinceanera,,,90
6787,Quincy,https://www.metacritic.com/movie/quincy,,,124
6788,Quitting,https://www.metacritic.com/movie/quitting,,,112
6789,"Quo Vadis, Aida?",https://www.metacritic.com/movie/quo-vadis-aida,,602674.0,101
6790,'R Xmas,https://www.metacritic.com/movie/r-xmas,,,85
6791,R100,https://www.metacritic.com/movie/r100,5500000.0,,99
6792,RA. One,https://www.metacritic.com/movie/ra-one,,44549121.0,156
6793,Rabbit Hole,https://www.metacritic.com/movie/rabbit-hole,5000000.0,6205034.0,91
6794,Rabbit-Proof Fence,https://www.metacritic.com/movie/rabbit-proof-fence,7000000.0,16866928.0,94
6795,Rabid,https://www.metacritic.com/movie/rabid,,,107
6796,"Rabin, the Last Day",https://www.metacritic.com/movie/rabin-the-last-day,,,153
6797,Race,https://www.metacritic.com/movie/race,5000000.0,23745772.0,134
6798,Race to Witch Mountain,https://www.metacritic.com/movie/race-to-witch-mountain,50000000.0,105103784.0,98
6799,Race You to the Bottom,https://www.metacritic.com/movie/race-you-to-the-bottom,,,73
6800,Racer and the Jailbird,https://www.metacritic.com/movie/racer-and-the-jailbird,,,130
6801,Rachel Getting Married,https://www.metacritic.com/movie/rachel-getting-married,12000000.0,17475475.0,113
6802,Racing Dreams,https://www.metacritic.com/movie/racing-dreams,,,93
6803,Racing Stripes,https://www.metacritic.com/movie/racing-stripes,30000000.0,89809433.0,102
6804,Radio,https://www.metacritic.com/movie/radio,35000000.0,53293628.0,109
6805,Radio Unnameable,https://www.metacritic.com/movie/radio-unnameable,,,87
6806,Radioactive,https://www.metacritic.com/movie/radioactive,,2878528.0,109
6807,Rafiki,https://www.metacritic.com/movie/rafiki,,176513.0,83
6808,Rage,https://www.metacritic.com/movie/rage-2014,,,92
6809,Raiders!: The Story of the Greatest Fan Film Ever Made,https://www.metacritic.com/movie/raiders!-the-story-of-the-greatest-fan-film-ever-made,,,106
6810,Railroad Tigers,https://www.metacritic.com/movie/railroad-tigers,,101822673.0,124
6811,Rails & Ties,https://www.metacritic.com/movie/rails-ties,,,101
6812,Rain,https://www.metacritic.com/movie/rain,,,92
6813,Rainbow Time,https://www.metacritic.com/movie/rainbow-time,,,91
6814,Raise Hell: The Life & Times of Molly Ivins,https://www.metacritic.com/movie/raise-hell-the-life-times-of-molly-ivins,,,93
6815,Raise Your Voice,https://www.metacritic.com/movie/raise-your-voice,15000000.0,14811980.0,103
6816,Raising Bertie,https://www.metacritic.com/movie/raising-bertie,,,102
6817,Raising Helen,https://www.metacritic.com/movie/raising-helen,50000000.0,49842431.0,119
6818,Raising Victor Vargas,https://www.metacritic.com/movie/raising-victor-vargas,800000.0,2900578.0,88
6819,Raja,https://www.metacritic.com/movie/raja,,,112
6820,Ralph Breaks the Internet,https://www.metacritic.com/movie/ralph-breaks-the-internet,175000000.0,529290830.0,111
6821,Rambo,https://www.metacritic.com/movie/rambo,47500000.0,113244290.0,92
6822,Rambo: Last Blood,https://www.metacritic.com/movie/rambo-last-blood,50000000.0,91419352.0,89
6823,Ramen Heads,https://www.metacritic.com/movie/ramen-heads,,,93
6824,Ramen Shop,https://www.metacritic.com/movie/ramen-shop,,,89
6825,Ramona and Beezus,https://www.metacritic.com/movie/ramona-and-beezus,15000000.0,27469621.0,103
6826,Rampage,https://www.metacritic.com/movie/rampage,120000000.0,427947217.0,107
6827,Rampart,https://www.metacritic.com/movie/rampart,,1540340.0,108
6828,Rams,https://www.metacritic.com/movie/rams,,,93
6829,Rams,https://www.metacritic.com/movie/rams-2020,,4153904.0,118
6830,Rana's Wedding,https://www.metacritic.com/movie/ranas-wedding,,,90
6831,Random Acts of Violence,https://www.metacritic.com/movie/random-acts-of-violence,,,80
6832,Rango,https://www.metacritic.com/movie/rango,135000000.0,245724600.0,107
6833,Rape Me,https://www.metacritic.com/movie/rape-me,,,77
6834,Rapt,https://www.metacritic.com/movie/rapt,,,125
6835,Rapture-Palooza,https://www.metacritic.com/movie/rapture-palooza,,,85
6836,Rare Beasts,https://www.metacritic.com/movie/rare-beasts,,63828.0,87
6837,Rare Exports: A Christmas Tale,https://www.metacritic.com/movie/rare-exports-a-christmas-tale,,312756.0,84
6838,Rat Film,https://www.metacritic.com/movie/rat-film,,,82
6839,Rat Race,https://www.metacritic.com/movie/rat-race,48000000.0,86607223.0,112
6840,Ratatouille,https://www.metacritic.com/movie/ratatouille,150000000.0,626549695.0,111
6841,Ratcatcher,https://www.metacritic.com/movie/ratcatcher,,888817.0,94
6842,Ratchet & Clank,https://www.metacritic.com/movie/ratchet-clank,,,94
6843,Raw,https://www.metacritic.com/movie/raw,,3151960.0,99
6844,Ray,https://www.metacritic.com/movie/ray,40000000.0,124823094.0,152
6845,Ray & Liz,https://www.metacritic.com/movie/ray-liz,,61028.0,108
6846,Raya and the Last Dragon,https://www.metacritic.com/movie/raya-and-the-last-dragon,,116682905.0,107
6847,Raze,https://www.metacritic.com/movie/raze,,,87
6848,RBG,https://www.metacritic.com/movie/rbg,,14446497.0,98
6849,Reach Me,https://www.metacritic.com/movie/reach-me,5000000.0,,95
6850,Reaching for the Moon,https://www.metacritic.com/movie/reaching-for-the-moon,,,118
6851,Read My Lips,https://www.metacritic.com/movie/read-my-lips,,2431453.0,115
6852,Ready or Not,https://www.metacritic.com/movie/ready-or-not,6000000.0,56797392.0,95
6853,Ready Player One,https://www.metacritic.com/movie/ready-player-one,150000000.0,579055653.0,140
6854,Ready to Rumble,https://www.metacritic.com/movie/ready-to-rumble,24000000.0,,107
6855,Real Steel,https://www.metacritic.com/movie/real-steel,110000000.0,263880341.0,127
6856,Real Women Have Curves,https://www.metacritic.com/movie/real-women-have-curves,3000000.0,7777790.0,90
6857,Reality,https://www.metacritic.com/movie/realite,,,95
6858,Reality,https://www.metacritic.com/movie/reality,,4460654.0,116
6859,Realive,https://www.metacritic.com/movie/realive,,,112
6860,Rebecca,https://www.metacritic.com/movie/rebecca,,,123
6861,Rebel in the Rye,https://www.metacritic.com/movie/rebel-in-the-rye,,867461.0,106
6862,Rebels with a Cause,https://www.metacritic.com/movie/rebels-with-a-cause,,,110
6863,Rebirth,https://www.metacritic.com/movie/rebirth,,,104
6864,Rebound,https://www.metacritic.com/movie/rebound,45000000.0,17492014.0,103
6865,Rebuilding Paradise,https://www.metacritic.com/movie/rebuilding-paradise,,3404.0,90
6866,[REC],https://www.metacritic.com/movie/rec,2100000.0,23266821.0,78
6867,[Rec] 2,https://www.metacritic.com/movie/rec-2,5600000.0,18527766.0,85
6868,[REC] 3: Genesis,https://www.metacritic.com/movie/rec-3-genesis,,7250600.0,80
6869,Recess: School's Out,https://www.metacritic.com/movie/recess-schools-out,10000000.0,44451470.0,82
6870,Reclaim,https://www.metacritic.com/movie/reclaim,,,96
6871,Reconstruction,https://www.metacritic.com/movie/reconstruction,,,90
6872,Recorder: The Marion Stokes Project,https://www.metacritic.com/movie/recorder-the-marion-stokes-project,,,87
6873,RED,https://www.metacritic.com/movie/red,60000000.0,196439693.0,111
6874,RED 2,https://www.metacritic.com/movie/red-2,84000000.0,141507355.0,116
6875,Red,https://www.metacritic.com/movie/red-2008,,,93
6876,Red Army,https://www.metacritic.com/movie/red-army,,,76
6877,Red Cliff,https://www.metacritic.com/movie/red-cliff,40000000.0,119627047.0,146
6878,Red Dawn,https://www.metacritic.com/movie/red-dawn,65000000.0,48164150.0,93
6879,Red Doors,https://www.metacritic.com/movie/red-doors,,,90
6880,Red Dragon,https://www.metacritic.com/movie/red-dragon,78000000.0,206455420.0,124
6881,Red Eye,https://www.metacritic.com/movie/red-eye,26000000.0,96666486.0,85
6882,Red Flag,https://www.metacritic.com/movie/red-flag,,,85
6883,Red Hill,https://www.metacritic.com/movie/red-hill,,344397.0,95
6884,Red Hook Summer,https://www.metacritic.com/movie/red-hook-summer,,,121
6885,Red Joan,https://www.metacritic.com/movie/red-joan,,,101
6886,Red Knot,https://www.metacritic.com/movie/red-knot,,,80
6887,Red Lights,https://www.metacritic.com/movie/red-lights,,693923.0,105
6888,Red Lights,https://www.metacritic.com/movie/red-lights-2012,17700000.0,14518884.0,113
6889,Red Notice,https://www.metacritic.com/movie/red-notice,150000000.0,173638.0,118
6890,Red Obsession,https://www.metacritic.com/movie/red-obsession,,24387.0,75
6891,Red Penguins,https://www.metacritic.com/movie/red-penguins,,,80
6892,Red Planet,https://www.metacritic.com/movie/red-planet,80000000.0,33463969.0,106
6893,Red Riding Hood,https://www.metacritic.com/movie/red-riding-hood,42000000.0,91678442.0,100
6894,Red Riding Trilogy,https://www.metacritic.com/movie/red-riding-trilogy,,,295
6895,Red Road,https://www.metacritic.com/movie/red-road,,1722923.0,113
6896,Red Rocket,https://www.metacritic.com/movie/red-rocket,,1228100.0,128
6897,Red Roses and Petrol,https://www.metacritic.com/movie/red-roses-and-petrol,,,97
6898,Red Satin,https://www.metacritic.com/movie/red-satin,,,100
6899,Red Sparrow,https://www.metacritic.com/movie/red-sparrow,69000000.0,145951861.0,140
6900,Red State,https://www.metacritic.com/movie/red-state,4000000.0,1983596.0,88
6901,Red Tails,https://www.metacritic.com/movie/red-tails,58000000.0,50365498.0,120
6902,Red Trousers: The Life of the Hong Kong Stuntmen,https://www.metacritic.com/movie/red-trousers-the-life-of-the-hong-kong-stuntmen,,,100
6903,Redacted,https://www.metacritic.com/movie/redacted,5000000.0,861325.0,90
6904,Redbelt,https://www.metacritic.com/movie/redbelt,7000000.0,2667084.0,99
6905,Redemption,https://www.metacritic.com/movie/redemption,23000000.0,13593473.0,100
6906,Redline,https://www.metacritic.com/movie/redline,,,95
6907,Reel Injun,https://www.metacritic.com/movie/reel-injun,,,85
6908,Reel Paradise,https://www.metacritic.com/movie/reel-paradise,,,110
6909,Regression,https://www.metacritic.com/movie/regression,,,106
6910,Regular Lovers,https://www.metacritic.com/movie/regular-lovers,,,183
6911,Reign of Fire,https://www.metacritic.com/movie/reign-of-fire,,,101
6912,Reign Over Me,https://www.metacritic.com/movie/reign-over-me,20000000.0,20081987.0,124
6913,Reincarnated,https://www.metacritic.com/movie/reincarnated,,,96
6914,Reindeer Games,https://www.metacritic.com/movie/reindeer-games,36000000.0,,104
6915,Rejoice and Shout,https://www.metacritic.com/movie/rejoice-and-shout,,,115
6916,Relaxer,https://www.metacritic.com/movie/relaxer,,,91
6917,Relic,https://www.metacritic.com/movie/relic,,3246693.0,89
6918,Religulous,https://www.metacritic.com/movie/religulous,2500000.0,13881317.0,101
6919,Remember,https://www.metacritic.com/movie/remember,,,94
6920,Remember Me,https://www.metacritic.com/movie/remember-me,16000000.0,56506120.0,113
6921,"Remember Me, My Love",https://www.metacritic.com/movie/remember-me-my-love,6700000.0,,125
6922,Remember the Titans,https://www.metacritic.com/movie/remember-the-titans,30000000.0,136771683.0,113
6923,Rememory,https://www.metacritic.com/movie/rememory,,70212.0,111
6924,Reminiscence,https://www.metacritic.com/movie/reminiscence,67972729.0,15451008.0,116
6925,Remote Area Medical,https://www.metacritic.com/movie/remote-area-medical,,,81
6926,Renaissance,https://www.metacritic.com/movie/renaissance,18000000.0,2401413.0,105
6927,Rendition,https://www.metacritic.com/movie/rendition,27500000.0,26939925.0,122
6928,Reno 911!: Miami,https://www.metacritic.com/movie/reno-911!-miami,10000000.0,21851362.0,84
6929,Reno: Rebel Without a Pause,https://www.metacritic.com/movie/reno-rebel-without-a-pause,,,75
6930,Renoir,https://www.metacritic.com/movie/renoir,,6761636.0,111
6931,Rent,https://www.metacritic.com/movie/rent,40000000.0,31670620.0,135
6932,Rent-A-Pal,https://www.metacritic.com/movie/rent-a-pal,,29767.0,108
6933,Replicas,https://www.metacritic.com/movie/replicas-2018,30000000.0,9037427.0,107
6934,Repo! The Genetic Opera,https://www.metacritic.com/movie/repo!-the-genetic-opera,8500000.0,198883.0,98
6935,Repo Men,https://www.metacritic.com/movie/repo-men,32000000.0,18195238.0,111
6936,Reprisal,https://www.metacritic.com/movie/reprisal,,180437.0,89
6937,Reprise,https://www.metacritic.com/movie/reprise,,1162184.0,105
6938,Requiem,https://www.metacritic.com/movie/requiem,,1531921.0,89
6939,Requiem for a Dream,https://www.metacritic.com/movie/requiem-for-a-dream,4500000.0,7389233.0,102
6940,Rescue Dawn,https://www.metacritic.com/movie/rescue-dawn,10000000.0,7037886.0,126
6941,Reservation Road,https://www.metacritic.com/movie/reservation-road,,16601440.0,102
6942,Reset,https://www.metacritic.com/movie/reset-2017,,,110
6943,Resident Evil,https://www.metacritic.com/movie/resident-evil,35000000.0,103787401.0,100
6944,Resident Evil: Afterlife,https://www.metacritic.com/movie/resident-evil-afterlife,57500000.0,295874190.0,97
6945,Resident Evil: Apocalypse,https://www.metacritic.com/movie/resident-evil-apocalypse,50000000.0,125168734.0,94
6946,Resident Evil: Extinction,https://www.metacritic.com/movie/resident-evil-extinction,45000000.0,149871103.0,95
6947,Resident Evil: Retribution,https://www.metacritic.com/movie/resident-evil-retribution,65000000.0,240647629.0,96
6948,Resident Evil: The Final Chapter,https://www.metacritic.com/movie/resident-evil-the-final-chapter,40000000.0,314101190.0,106
6949,Resident Evil: Welcome to Raccoon City,https://www.metacritic.com/movie/resident-evil-welcome-to-raccoon-city,25000000.0,41851340.0,107
6950,Residue,https://www.metacritic.com/movie/residue-2020,,,90
6951,Resistance,https://www.metacritic.com/movie/resistance,,,120
6952,Respect,https://www.metacritic.com/movie/respect,,31804499.0,145
6953,Restaurant,https://www.metacritic.com/movie/restaurant,,,107
6954,Restless,https://www.metacritic.com/movie/restless,,,100
6955,Restless,https://www.metacritic.com/movie/restless-2011,8000000.0,2772511.0,
6956,Restless City,https://www.metacritic.com/movie/restless-city,,,80
6957,Restless Creature: Wendy Whelan,https://www.metacritic.com/movie/restless-creature-wendy-whelan,,,90
6958,Restrepo,https://www.metacritic.com/movie/restrepo,,1430603.0,93
6959,Results,https://www.metacritic.com/movie/results,,,105
6960,Resurrect Dead: The Mystery of the Toynbee Tiles,https://www.metacritic.com/movie/resurrect-dead-the-mystery-of-the-toynbee-tiles,,,86
6961,Resurrecting the Champ,https://www.metacritic.com/movie/resurrecting-the-champ,13000000.0,3260555.0,112
6962,Retaliation,https://www.metacritic.com/movie/retaliation,,,91
6963,Return,https://www.metacritic.com/movie/return,,,97
6964,Return to Me,https://www.metacritic.com/movie/return-to-me,24000000.0,,115
6965,Return to Never Land,https://www.metacritic.com/movie/return-to-never-land,,,72
6966,Return to Nuke 'Em High Volume 1,https://www.metacritic.com/movie/return-to-nuke-em-high-volume-1,,,85
6967,Return to Sender,https://www.metacritic.com/movie/return-to-sender,,120881.0,95
6968,Returner,https://www.metacritic.com/movie/returner,,,116
6969,Returning Mickey Stern,https://www.metacritic.com/movie/returning-mickey-stern,,,92
6970,Reuniting the Rubins,https://www.metacritic.com/movie/reuniting-the-rubins,,,97
6971,Revanche,https://www.metacritic.com/movie/revanche,,,121
6972,Revenge,https://www.metacritic.com/movie/revenge,,1373476.0,108
6973,Revenge of the Electric Car,https://www.metacritic.com/movie/revenge-of-the-electric-car,,,90
6974,Revenge of the Green Dragons,https://www.metacritic.com/movie/revenge-of-the-green-dragons,5000000.0,213164.0,94
6975,Revenge of the Mekons,https://www.metacritic.com/movie/revenge-of-the-mekons,,,95
6976,Revoloution,https://www.metacritic.com/movie/revoloution,,,80
6977,Revolution #9,https://www.metacritic.com/movie/revolution-9,350000.0,,90
6978,Revolution OS,https://www.metacritic.com/movie/revolution-os,,,85
6979,Revolutionary Road,https://www.metacritic.com/movie/revolutionary-road,45000000.0,79604820.0,119
6980,Revolver,https://www.metacritic.com/movie/revolver,,7880568.0,115
6981,Rewind,https://www.metacritic.com/movie/rewind,,,86
6982,Rhinoceros Eyes,https://www.metacritic.com/movie/rhinoceros-eyes,,,92
6983,Rich Hill,https://www.metacritic.com/movie/rich-hill,,,91
6984,Richard Garriott: Man on a Mission,https://www.metacritic.com/movie/richard-garriott-man-on-a-mission,,,94
6985,Richard Jewell,https://www.metacritic.com/movie/richard-jewell,45000000.0,43100570.0,131
6986,Richard Linklater: Dream Is Destiny,https://www.metacritic.com/movie/richard-linklater-dream-is-destiny,,4651.0,90
6987,Rick,https://www.metacritic.com/movie/rick,,,100
6988,Ricki and the Flash,https://www.metacritic.com/movie/ricki-and-the-flash,18000000.0,41166033.0,101
6989,Ricky,https://www.metacritic.com/movie/ricky,,,89
6990,Rid of Me,https://www.metacritic.com/movie/rid-of-me,,,90
6991,Riddick,https://www.metacritic.com/movie/riddick,38000000.0,94763758.0,119
6992,Ride,https://www.metacritic.com/movie/ride,,,93
6993,Ride Along,https://www.metacritic.com/movie/ride-along,25000000.0,153733800.0,99
6994,Ride Along 2,https://www.metacritic.com/movie/ride-along-2,40000000.0,124827316.0,102
6995,Ride the Eagle,https://www.metacritic.com/movie/ride-the-eagle,,239599.0,88
6996,Ride Your Wave,https://www.metacritic.com/movie/ride-your-wave,,,95
6997,Riders of Justice,https://www.metacritic.com/movie/riders-of-justice,,,116
6998,Riding Alone for Thousands of Miles,https://www.metacritic.com/movie/riding-alone-for-thousands-of-miles,,,107
6999,Riding Giants,https://www.metacritic.com/movie/riding-giants,2600000.0,3292333.0,105
7000,Riding in Cars with Boys,https://www.metacritic.com/movie/riding-in-cars-with-boys,47000000.0,,132
7001,Riding the Bullet,https://www.metacritic.com/movie/riding-the-bullet,,,98
7002,Right at Your Door,https://www.metacritic.com/movie/right-at-your-door,,,
7003,À Tout de Suite (Right Now),https://www.metacritic.com/movie/right-now,,,95
7004,"Right Now, Wrong Then",https://www.metacritic.com/movie/right-now-wrong-then,,,121
7005,Righteous Kill,https://www.metacritic.com/movie/righteous-kill,60000000.0,78481410.0,101
7006,Rigor Mortis,https://www.metacritic.com/movie/rigor-mortis,,,105
7007,Rings,https://www.metacritic.com/movie/rings,25000000.0,82917283.0,102
7008,Rio,https://www.metacritic.com/movie/rio,90000000.0,487519809.0,96
7009,Rio 2,https://www.metacritic.com/movie/rio-2,130000000.0,492846291.0,101
7010,"Rio, I Love You",https://www.metacritic.com/movie/rio-i-love-you,,,
7011,R.I.P.D.,https://www.metacritic.com/movie/ripd,130000000.0,79076678.0,96
7012,Rise of the Guardians,https://www.metacritic.com/movie/rise-of-the-guardians,145000000.0,306900902.0,97
7013,Rise of the Planet of the Apes,https://www.metacritic.com/movie/rise-of-the-planet-of-the-apes,93000000.0,470986200.0,110
7014,Risen,https://www.metacritic.com/movie/risen,20000000.0,46244066.0,107
7015,Rising from Ashes,https://www.metacritic.com/movie/rising-from-ashes,,50796.0,82
7016,Risk,https://www.metacritic.com/movie/risk,,287781.0,92
7017,Risk/Reward,https://www.metacritic.com/movie/riskreward,,,88
7018,Rita Moreno: Just a Girl Who Decided to Go for It,https://www.metacritic.com/movie/rita-moreno-just-a-girl-who-decided-to-go-for-it,,,89
7019,Rivers and Tides: Andy Goldsworthy Working with Time,https://www.metacritic.com/movie/rivers-and-tides-andy-goldsworthy-working-with-time,,,90
7020,Rize,https://www.metacritic.com/movie/rize,700000.0,4857731.0,86
7021,Road Hard,https://www.metacritic.com/movie/road-hard,1500000.0,,98
7022,Road to Nowhere,https://www.metacritic.com/movie/road-to-nowhere,,,121
7023,Road to Paloma,https://www.metacritic.com/movie/road-to-paloma,,2191.0,91
7024,Road to Perdition,https://www.metacritic.com/movie/road-to-perdition,80000000.0,183354514.0,117
7025,Road Trip,https://www.metacritic.com/movie/road-trip,16000000.0,119739110.0,93
7026,Roadie,https://www.metacritic.com/movie/roadie,,,95
7027,Roadrunner: A Film About Anthony Bourdain,https://www.metacritic.com/movie/roadrunner-a-film-about-anthony-bourdain,,5489646.0,118
7028,Rob the Mob,https://www.metacritic.com/movie/rob-the-mob,,,104
7029,Robert the Bruce,https://www.metacritic.com/movie/robert-the-bruce,,,124
7030,Robin Hood,https://www.metacritic.com/movie/robin-hood,210000000.0,322459006.0,140
7031,Robin Hood,https://www.metacritic.com/movie/robin-hood-2018,99000000.0,85210012.0,116
7032,Robin Williams: Come Inside My Mind,https://www.metacritic.com/movie/robin-williams-come-inside-my-mind,,,116
7033,Robin's Wish,https://www.metacritic.com/movie/robins-wish,,,77
7034,RoboCop,https://www.metacritic.com/movie/robocop-2013,120000000.0,242981799.0,117
7035,Robot and Frank,https://www.metacritic.com/movie/robot-and-frank,,,89
7036,Robot Overlords,https://www.metacritic.com/movie/robot-overlords,21000000.0,991329.0,90
7037,Robot Stories,https://www.metacritic.com/movie/robot-stories,,,85
7038,Robots,https://www.metacritic.com/movie/robots,80000000.0,260636271.0,91
7039,Rocco and His Brothers (re-release),https://www.metacritic.com/movie/rocco-and-his-brothers,,,177
7040,Rock Dog,https://www.metacritic.com/movie/rock-dog,60000000.0,24148488.0,90
7041,Rock of Ages,https://www.metacritic.com/movie/rock-of-ages,70000000.0,61031932.0,123
7042,Rock School,https://www.metacritic.com/movie/rock-school,,89398.0,93
7043,Rock Star,https://www.metacritic.com/movie/rock-star,38000000.0,19317765.0,105
7044,Rock the Bells,https://www.metacritic.com/movie/rock-the-bells,,,103
7045,Rock the Kasbah,https://www.metacritic.com/movie/rock-the-kasbah,15000000.0,3386153.0,106
7046,Rocket Science,https://www.metacritic.com/movie/rocket-science,,,101
7047,Rocketman,https://www.metacritic.com/movie/rocketman,41000000.0,192137020.0,121
7048,RocknRolla,https://www.metacritic.com/movie/rocknrolla,18000000.0,27794339.0,114
7049,Rocks,https://www.metacritic.com/movie/rocks,,,93
7050,Rocks in My Pockets,https://www.metacritic.com/movie/rocks-in-my-pockets,,,88
7051,Rocky Balboa,https://www.metacritic.com/movie/rocky-balboa,24000000.0,156229050.0,102
7052,Rodents of Unusual Size,https://www.metacritic.com/movie/rodents-of-unusual-size,,,71
7053,Rodin,https://www.metacritic.com/movie/rodin,,2361921.0,119
7054,Roger Dodger,https://www.metacritic.com/movie/roger-dodger,,1839416.0,106
7055,Rogue One: A Star Wars Story,https://www.metacritic.com/movie/rogue-one-a-star-wars-story,200000000.0,1055135598.0,133
7056,Rojo,https://www.metacritic.com/movie/rojo,,522980.0,109
7057,Role Models,https://www.metacritic.com/movie/role-models,28000000.0,94500826.0,99
7058,Roll Bounce,https://www.metacritic.com/movie/roll-bounce,10000000.0,17433072.0,112
7059,Roll Red Roll,https://www.metacritic.com/movie/roll-red-roll,,,80
7060,Rollerball,https://www.metacritic.com/movie/rollerball,70000000.0,25852508.0,98
7061,Rolling Family,https://www.metacritic.com/movie/rolling-family,,,103
7062,Rolling Papers,https://www.metacritic.com/movie/rolling-papers,,,79
7063,Rolling Thunder Revue: A Bob Dylan Story by Martin Scorsese,https://www.metacritic.com/movie/rolling-thunder-revue-a-bob-dylan-story-by-martin-scorsese,,,142
7064,Roma,https://www.metacritic.com/movie/roma,15000000.0,1109544.0,135
7065,Roman de gare,https://www.metacritic.com/movie/roman-de-gare,,4794615.0,103
7066,"Roman J. Israel, Esq.",https://www.metacritic.com/movie/roman-j-israel-esq,22000000.0,12967012.0,122
7067,Roman Polanski: Wanted and Desired,https://www.metacritic.com/movie/roman-polanski-wanted-and-desired,,,99
7068,Romance & Cigarettes,https://www.metacritic.com/movie/romance-cigarettes,,,105
7069,Romántico,https://www.metacritic.com/movie/romantico,,,80
7070,Romantics Anonymous,https://www.metacritic.com/movie/romantics-anonymous,,,80
7071,Romeo & Juliet,https://www.metacritic.com/movie/romeo-juliet,,1226031.0,118
7072,Romeo Must Die,https://www.metacritic.com/movie/romeo-must-die,25000000.0,91036760.0,115
7073,Ron's Gone Wrong,https://www.metacritic.com/movie/rons-gone-wrong,,57051556.0,107
7074,Room,https://www.metacritic.com/movie/room,,3742521.0,75
7075,Room,https://www.metacritic.com/movie/room-2015,13000000.0,36315730.0,118
7076,Room 237,https://www.metacritic.com/movie/room-237,,318055.0,102
7077,Rory O'Shea Was Here,https://www.metacritic.com/movie/rory-oshea-was-here,,1471229.0,104
7078,Rose Plays Julie,https://www.metacritic.com/movie/rose-plays-julie,,,100
7079,Rosencrantz and Guildenstern Are Undead,https://www.metacritic.com/movie/rosencrantz-and-guildenstern-are-undead,,,89
7080,Rosenstrasse,https://www.metacritic.com/movie/rosenstrasse,,6073126.0,136
7081,Rosenwald,https://www.metacritic.com/movie/rosenwald,,,100
7082,Rosewater,https://www.metacritic.com/movie/rosewater,10000000.0,3185717.0,103
7083,Rosie,https://www.metacritic.com/movie/rosie,,185986.0,86
7084,Rough Night,https://www.metacritic.com/movie/rough-night,20000000.0,46844357.0,101
7085,Roving Mars,https://www.metacritic.com/movie/roving-mars,,11248978.0,40
7086,Roxanne Roxanne,https://www.metacritic.com/movie/roxanne-roxanne,,,100
7087,Rubber,https://www.metacritic.com/movie/rubber,500000.0,680914.0,85
7088,Rubberneck,https://www.metacritic.com/movie/rubberneck,,,83
7089,Rubble Kings,https://www.metacritic.com/movie/rubble-kings,,,71
7090,"Ruben Brandt, Collector",https://www.metacritic.com/movie/ruben-brandt-collector,,,96
7091,Ruby Sparks,https://www.metacritic.com/movie/ruby-sparks,,8775504.0,104
7092,Rudderless,https://www.metacritic.com/movie/rudderless,5000000.0,584499.0,105
7093,Rudo y Cursi,https://www.metacritic.com/movie/rudo-y-cursi,,11987924.0,103
7094,Rugrats Go Wild,https://www.metacritic.com/movie/rugrats-go-wild,25000000.0,55443032.0,80
7095,Rugrats in Paris: The Movie - Rugrats II,https://www.metacritic.com/movie/rugrats-in-paris-the-movie---rugrats-ii,,,78
7096,Rules Don't Apply,https://www.metacritic.com/movie/rules-dont-apply,26700000.0,3871448.0,127
7097,Rules of Engagement,https://www.metacritic.com/movie/rules-of-engagement,60000000.0,71719931.0,128
7098,Rumble: The Indians Who Rocked The World,https://www.metacritic.com/movie/rumble-the-indians-who-rocked-the-world,,226136.0,103
7099,Rumor Has It...,https://www.metacritic.com/movie/rumor-has-it,70000000.0,88933562.0,97
7100,Run,https://www.metacritic.com/movie/run,,4518862.0,90
7101,Run All Night,https://www.metacritic.com/movie/run-all-night,50000000.0,71561644.0,114
7102,"Run, Fatboy, Run",https://www.metacritic.com/movie/run-fatboy-run,10000000.0,33512260.0,100
7103,Run & Jump,https://www.metacritic.com/movie/run-jump,,,106
7104,Run This Town,https://www.metacritic.com/movie/run-this-town,,,99
7105,Runaway Jury,https://www.metacritic.com/movie/runaway-jury,,67338219.0,127
7106,RV,https://www.metacritic.com/movie/runaway-vacation,55000000.0,87473024.0,99
7107,Runner Runner,https://www.metacritic.com/movie/runner-runner,30000000.0,60512680.0,91
7108,Running Free,https://www.metacritic.com/movie/running-free,,,81
7109,Running from Crazy,https://www.metacritic.com/movie/running-from-crazy,,,100
7110,Running Scared,https://www.metacritic.com/movie/running-scared,17000000.0,9729088.0,122
7111,Running with Scissors,https://www.metacritic.com/movie/running-with-scissors,12000000.0,8706701.0,116
7112,Running with the Devil,https://www.metacritic.com/movie/running-with-the-devil,,59731.0,100
7113,Runoff,https://www.metacritic.com/movie/runoff,,,90
7114,Rupture,https://www.metacritic.com/movie/rupture,,14866.0,102
7115,Rush,https://www.metacritic.com/movie/rush,38000000.0,98230839.0,123
7116,Rush Hour 2,https://www.metacritic.com/movie/rush-hour-2,90000000.0,347425832.0,90
7117,Rush Hour 3,https://www.metacritic.com/movie/rush-hour-3,180000000.0,256585882.0,91
7118,Russian Ark,https://www.metacritic.com/movie/russian-ark,,,99
7119,Russian Doll,https://www.metacritic.com/movie/russian-doll,,,90
7120,Russian Dolls,https://www.metacritic.com/movie/russian-dolls,,23654241.0,125
7121,Rust and Bone,https://www.metacritic.com/movie/rust-and-bone,,,120
7122,Rust Creek,https://www.metacritic.com/movie/rust-creek,750000.0,,108
7123,Ryuichi Sakamoto: Coda,https://www.metacritic.com/movie/ryuichi-sakamoto-coda,,978586.0,100
7124,S1m0ne,https://www.metacritic.com/movie/s1m0ne,,,117
7125,S21: The Khmer Rouge Death Machine,https://www.metacritic.com/movie/s21-the-khmer-rouge-death-machine,,,101
7126,Saban's Power Rangers,https://www.metacritic.com/movie/sabans-power-rangers,,,124
7127,Sabaya,https://www.metacritic.com/movie/sabaya,,14280.0,90
7128,Sabotage,https://www.metacritic.com/movie/sabotage,35000000.0,18376443.0,109
7129,Sacco and Vanzetti,https://www.metacritic.com/movie/sacco-and-vanzetti,,,80
7130,Sacred Planet,https://www.metacritic.com/movie/sacred-planet,,,40
7131,Sacrifice,https://www.metacritic.com/movie/sacrifice-1969,,,122
7132,Sade,https://www.metacritic.com/movie/sade,,,100
7133,Sadie,https://www.metacritic.com/movie/sadie,,,96
7134,Safe,https://www.metacritic.com/movie/safe,33000000.0,41495213.0,94
7135,Safe Conduct,https://www.metacritic.com/movie/safe-conduct,,,170
7136,Safe Haven,https://www.metacritic.com/movie/safe-haven,28000000.0,94050951.0,115
7137,Safe House,https://www.metacritic.com/movie/safe-house,85000000.0,207884401.0,115
7138,Safelight,https://www.metacritic.com/movie/safelight,,,84
7139,Safety,https://www.metacritic.com/movie/safety,,,
7140,Safety Not Guaranteed,https://www.metacritic.com/movie/safety-not-guaranteed,750000.0,4422318.0,86
7141,Sahara,https://www.metacritic.com/movie/sahara,145000000.0,121645390.0,124
7142,Saint Frances,https://www.metacritic.com/movie/saint-frances,,142198.0,106
7143,Saint John of Las Vegas,https://www.metacritic.com/movie/saint-john-of-las-vegas,2000000.0,,85
7144,Saint Judy,https://www.metacritic.com/movie/saint-judy,,196111.0,106
7145,Saint Laurent,https://www.metacritic.com/movie/saint-laurent,,436494.0,150
7146,Saint Maud,https://www.metacritic.com/movie/saint-maud,,1640866.0,84
7147,Saint of 9/11,https://www.metacritic.com/movie/saint-of-911,,,90
7148,Saint Ralph,https://www.metacritic.com/movie/saint-ralph,5200000.0,1695126.0,98
7149,Saints and Sinners,https://www.metacritic.com/movie/saints-and-sinners,,,80
7150,Saints and Soldiers,https://www.metacritic.com/movie/saints-and-soldiers,780000.0,,90
7151,Sal,https://www.metacritic.com/movie/sal,,30764.0,85
7152,Salinger,https://www.metacritic.com/movie/salinger,,,120
7153,Salmon Fishing in the Yemen,https://www.metacritic.com/movie/salmon-fishing-in-the-yemen-2012,,33008656.0,111
7154,Salt,https://www.metacritic.com/movie/salt,130000000.0,290650494.0,100
7155,Salt and Fire,https://www.metacritic.com/movie/salt-and-fire,,1494.0,98
7156,Salt of This Sea,https://www.metacritic.com/movie/salt-of-this-sea,,,109
7157,Salvation Boulevard,https://www.metacritic.com/movie/salvation-boulevard,5500000.0,,96
7158,Salvo,https://www.metacritic.com/movie/salvo,,,110
7159,Samba,https://www.metacritic.com/movie/samba,,11107395.0,118
7160,Same Kind of Different as Me,https://www.metacritic.com/movie/same-kind-of-different-as-me,6500000.0,6425632.0,119
7161,Sami Blood,https://www.metacritic.com/movie/sami-blood,,,110
7162,Sample This,https://www.metacritic.com/movie/sample-this,,,85
7163,Samsara,https://www.metacritic.com/movie/samsara,4000000.0,5966671.0,102
7164,Samson and Delilah,https://www.metacritic.com/movie/samson-and-delilah,,,101
7165,San Andreas,https://www.metacritic.com/movie/san-andreas,110000000.0,456258539.0,114
7166,Sanctum,https://www.metacritic.com/movie/sanctum,30000000.0,108957098.0,103
7167,Sand Castle,https://www.metacritic.com/movie/sand-castle,,,113
7168,Sand Storm,https://www.metacritic.com/movie/sand-storm,,,87
7169,Sandy Wexler,https://www.metacritic.com/movie/sandy-wexler,,,130
7170,Sangre de mi sangre,https://www.metacritic.com/movie/sangre-de-mi-sangre,,,110
7171,Santa vs. the Snowman,https://www.metacritic.com/movie/santa-vs-the-snowman,,22759134.0,21
7172,Santitos,https://www.metacritic.com/movie/santitos,,,105
7173,Santoalla,https://www.metacritic.com/movie/santoalla,,,83
7174,Saraband,https://www.metacritic.com/movie/saraband,,975181.0,
7175,Sarah Palin: You Betcha!,https://www.metacritic.com/movie/sarah-palin-you-betcha!,,,91
7176,Sarah Silverman: Jesus Is Magic,https://www.metacritic.com/movie/sarah-silverman-jesus-is-magic,,,72
7177,Sarah's Key,https://www.metacritic.com/movie/sarahs-key,,,111
7178,Sasayaki,https://www.metacritic.com/movie/sasayaki,,,100
7179,Satan & Adam,https://www.metacritic.com/movie/satan-adam,,,80
7180,Satanic Panic,https://www.metacritic.com/movie/satanic-panic,,1652.0,85
7181,Sator,https://www.metacritic.com/movie/sator,,,85
7182,Saturday Church,https://www.metacritic.com/movie/saturday-church,,1895.0,82
7183,Saudate for the Future,https://www.metacritic.com/movie/saudate-for-the-future,,,92
7184,Sausage Party,https://www.metacritic.com/movie/sausage-party,19000000.0,141344255.0,89
7185,Sauvage / Wild,https://www.metacritic.com/movie/sauvage-wild,,,99
7186,Savage Grace,https://www.metacritic.com/movie/savage-grace,4600000.0,968805.0,97
7187,Savages,https://www.metacritic.com/movie/savages,45000000.0,82513490.0,131
7188,Savannah,https://www.metacritic.com/movie/savannah,,,101
7189,Save Me,https://www.metacritic.com/movie/save-me,,,96
7190,Save the Date,https://www.metacritic.com/movie/save-the-date,,,
7191,Save the Green Planet!,https://www.metacritic.com/movie/save-the-green-planet!,,,118
7192,Save the Last Dance,https://www.metacritic.com/movie/save-the-last-dance,13000000.0,122244329.0,112
7193,Save Yourselves!,https://www.metacritic.com/movie/save-yourselves!,,,93
7194,Saved!,https://www.metacritic.com/movie/saved!,5000000.0,10206551.0,92
7195,Saving Face,https://www.metacritic.com/movie/saving-face,2500000.0,1269705.0,91
7196,Saving Grace,https://www.metacritic.com/movie/saving-grace,4000000.0,27786849.0,93
7197,Saving Lincoln,https://www.metacritic.com/movie/saving-lincoln,,,
7198,Saving Mr. Banks,https://www.metacritic.com/movie/saving-mr-banks,35000000.0,114962525.0,125
7199,Saving Shiloh,https://www.metacritic.com/movie/saving-shiloh,,,90
7200,Saving Silverman,https://www.metacritic.com/movie/saving-silverman,22000000.0,25873142.0,90
7201,Saw,https://www.metacritic.com/movie/saw,1200000.0,103880027.0,103
7202,Saw 3D,https://www.metacritic.com/movie/saw-3d,17000000.0,133735284.0,90
7203,Saw II,https://www.metacritic.com/movie/saw-ii,5000000.0,152925093.0,93
7204,Saw III,https://www.metacritic.com/movie/saw-iii,10000000.0,163876815.0,108
7205,Saw IV,https://www.metacritic.com/movie/saw-iv,10000000.0,135759694.0,93
7206,Saw V,https://www.metacritic.com/movie/saw-v,10800000.0,118209778.0,92
7207,Saw VI,https://www.metacritic.com/movie/saw-vi,11000000.0,69752402.0,90
7208,Say It Isn't So,https://www.metacritic.com/movie/say-it-isnt-so,25000000.0,,95
7209,Say Uncle,https://www.metacritic.com/movie/say-uncle,2000000.0,,91
7210,Scales,https://www.metacritic.com/movie/scales,,,74
7211,Scandalous: The Untold Story of the National Enquirer,https://www.metacritic.com/movie/scandalous-the-untold-story-of-the-national-enquirer,,,96
7212,Scare Me,https://www.metacritic.com/movie/scare-me,,,105
7213,Scarlet Diva,https://www.metacritic.com/movie/scarlet-diva,,,90
7214,Scarred Hearts,https://www.metacritic.com/movie/scarred-hearts,,,141
7215,Scary Movie,https://www.metacritic.com/movie/scary-movie,19000000.0,277200000.0,88
7216,Scary Movie 2,https://www.metacritic.com/movie/scary-movie-2,45000000.0,141189101.0,83
7217,Scary Movie 3,https://www.metacritic.com/movie/scary-movie-3,45000000.0,155200000.0,84
7218,Scary Movie 4,https://www.metacritic.com/movie/scary-movie-4,40000000.0,178710620.0,83
7219,Scary Movie 5,https://www.metacritic.com/movie/scary-movie-5,,,86
7220,Scary Stories to Tell in the Dark,https://www.metacritic.com/movie/scary-stories-to-tell-in-the-dark,28000000.0,95607360.0,108
7221,Scatter My Ashes at Bergdorf's,https://www.metacritic.com/movie/scatter-my-ashes-at-bergdorfs,,532892.0,93
7222,Scenic Route,https://www.metacritic.com/movie/scenic-route,,,86
7223,School for Scoundrels,https://www.metacritic.com/movie/school-for-scoundrels,20000000.0,,100
7224,School Life,https://www.metacritic.com/movie/school-life,,,99
7225,School of Rock,https://www.metacritic.com/movie/school-of-rock,20000000.0,131944672.0,108
7226,Schultze Gets the Blues,https://www.metacritic.com/movie/schultze-gets-the-blues,,4034232.0,114
7227,Science Fair,https://www.metacritic.com/movie/science-fair,,279491.0,90
7228,Scoob!,https://www.metacritic.com/movie/scoob!,,26276210.0,93
7229,Scooby-Doo,https://www.metacritic.com/movie/scooby-doo,84000000.0,276294164.0,86
7230,Scooby Doo 2: Monsters Unleashed,https://www.metacritic.com/movie/scooby-doo-2-monsters-unleashed,25000000.0,180856996.0,93
7231,Scoop,https://www.metacritic.com/movie/scoop,4000000.0,40103262.0,96
7232,Score: A Film Music Documentary,https://www.metacritic.com/movie/score-a-film-music-documentary,,83050.0,93
7233,"Scotland, Pa.",https://www.metacritic.com/movie/scotland-pa,,,104
7234,Scott Pilgrim vs. the World,https://www.metacritic.com/movie/scott-pilgrim-vs-the-world,85000000.0,49286548.0,112
7235,Scott Walker: 30 Century Man,https://www.metacritic.com/movie/scott-walker-30-century-man,,,95
7236,Scottsboro: An American Tragedy,https://www.metacritic.com/movie/scottsboro-an-american-tragedy,,,84
7237,Scotty and the Secret History of Hollywood,https://www.metacritic.com/movie/scotty-and-the-secret-history-of-hollywood,,,98
7238,Scouts Guide to the Zombie Apocalypse,https://www.metacritic.com/movie/scouts-guide-to-the-zombie-apocalypse,15000000.0,15554855.0,93
7239,Scratch,https://www.metacritic.com/movie/scratch,,,92
7240,Scream 3,https://www.metacritic.com/movie/scream-3,40000000.0,161838076.0,116
7241,Scream 4,https://www.metacritic.com/movie/scream-4,40000000.0,95989590.0,103
7242,Screamers,https://www.metacritic.com/movie/screamers,,,91
7243,Screwball,https://www.metacritic.com/movie/screwball,,,105
7244,Screwed,https://www.metacritic.com/movie/screwed,12000000.0,,81
7245,Scumrock,https://www.metacritic.com/movie/scumrock,,,79
7246,Sea Fever,https://www.metacritic.com/movie/sea-fever,,255584.0,95
7247,Sea of Shadows,https://www.metacritic.com/movie/sea-of-shadows,,2000.0,104
7248,Seabiscuit,https://www.metacritic.com/movie/seabiscuit,86000000.0,148715342.0,141
7249,Seance,https://www.metacritic.com/movie/seance,,,93
7250,Search Party,https://www.metacritic.com/movie/search-party,,,93
7251,Searching,https://www.metacritic.com/movie/searching,880000.0,75636047.0,102
7252,Searching for Ingmar Bergman,https://www.metacritic.com/movie/searching-for-ingmar-bergman,,,99
7253,Searching for Sugar Man,https://www.metacritic.com/movie/searching-for-sugar-man,,12913491.0,86
7254,Searching for the Wrong-Eyed Jesus,https://www.metacritic.com/movie/searching-for-the-wrong-eyed-jesus,,,82
7255,Season of the Witch,https://www.metacritic.com/movie/season-of-the-witch-2011,40000000.0,91126600.0,95
7256,Seasons,https://www.metacritic.com/movie/seasons,,,97
7257,Seberg,https://www.metacritic.com/movie/seberg,8000000.0,931982.0,102
7258,Second Act,https://www.metacritic.com/movie/second-act,15700000.0,63288854.0,103
7259,Second Best,https://www.metacritic.com/movie/second-best,,,86
7260,Secondhand Lions,https://www.metacritic.com/movie/secondhand-lions,30000000.0,47902566.0,109
7261,Secret Ballot,https://www.metacritic.com/movie/secret-ballot,,,123
7262,Secret in Their Eyes,https://www.metacritic.com/movie/secret-in-their-eyes,20000000.0,32608019.0,111
7263,Secret Lives: Hidden Children and Their Rescuers During WWII,https://www.metacritic.com/movie/secret-lives-hidden-children-and-their-rescuers-during-wwii,,,90
7264,Secret Society,https://www.metacritic.com/movie/secret-society,,,
7265,Secret Society of Second Born Royals,https://www.metacritic.com/movie/secret-society-of-second-born-royals,,,96
7266,Secret Things,https://www.metacritic.com/movie/secret-things,,186021.0,115
7267,Secret Window,https://www.metacritic.com/movie/secret-window,40000000.0,92110539.0,96
7268,Secretariat,https://www.metacritic.com/movie/secretariat,35000000.0,60376247.0,123
7269,Secretary,https://www.metacritic.com/movie/secretary,4000000.0,9412015.0,104
7270,Secuestro express,https://www.metacritic.com/movie/secuestro-express,,1629473.0,86
7271,Seduced and Abandoned,https://www.metacritic.com/movie/seduced-and-abandoned,,,98
7272,Seducing Doctor Lewis,https://www.metacritic.com/movie/seducing-doctor-lewis,,,108
7273,See No Evil,https://www.metacritic.com/movie/see-no-evil,8000000.0,18828036.0,84
7274,See Spot Run,https://www.metacritic.com/movie/see-spot-run,16000000.0,43057552.0,94
7275,See You Yesterday,https://www.metacritic.com/movie/see-you-yesterday,,,84
7276,Seed of Chucky,https://www.metacritic.com/movie/seed-of-chucky,29000000.0,24716190.0,87
7277,Seeing Other People,https://www.metacritic.com/movie/seeing-other-people,,,90
7278,Seeking a Friend for the End of the World,https://www.metacritic.com/movie/seeking-a-friend-for-the-end-of-the-world,10000000.0,11766959.0,101
7279,Seeking Justice,https://www.metacritic.com/movie/seeking-justice,,,105
7280,Segunda piel,https://www.metacritic.com/movie/segunda-piel,,,100
7281,Selah and The Spades,https://www.metacritic.com/movie/selah-and-the-spades,,,97
7282,Self Medicated,https://www.metacritic.com/movie/self-medicated,,,107
7283,Self/less,https://www.metacritic.com/movie/selfless,26000000.0,33667319.0,117
7284,Selma,https://www.metacritic.com/movie/selma,20000000.0,66776576.0,128
7285,Sembene!,https://www.metacritic.com/movie/sembene!,,,82
7286,Semi-Pro,https://www.metacritic.com/movie/semi-pro,55000000.0,43980363.0,91
7287,Senna,https://www.metacritic.com/movie/senna,,10924647.0,106
7288,Seoul Searching,https://www.metacritic.com/movie/seoul-searching,,19016.0,105
7289,Separate Lies,https://www.metacritic.com/movie/separate-lies,,1000260.0,85
7290,September 11,https://www.metacritic.com/movie/september-11,,,134
7291,September Dawn,https://www.metacritic.com/movie/september-dawn,10100000.0,,110
7292,September Tapes,https://www.metacritic.com/movie/september-tapes,,,95
7293,Septic Man,https://www.metacritic.com/movie/septic-man,,,83
7294,Septien,https://www.metacritic.com/movie/septien,,,80
7295,Seraphim Falls,https://www.metacritic.com/movie/seraphim-falls,,,115
7296,Séraphine,https://www.metacritic.com/movie/seraphine,,,125
7297,Serena,https://www.metacritic.com/movie/serena,,909284.0,109
7298,Serendipity,https://www.metacritic.com/movie/serendipity,28000000.0,77477297.0,90
7299,Serenity,https://www.metacritic.com/movie/serenity,39000000.0,40319440.0,119
7300,Serenity,https://www.metacritic.com/movie/serenity-2018,25000000.0,13008804.0,106
7301,Sergio,https://www.metacritic.com/movie/sergio,,,118
7302,Series 7: The Contenders,https://www.metacritic.com/movie/series-7-the-contenders,,,86
7303,Serious Moonlight,https://www.metacritic.com/movie/serious-moonlight,,335339.0,84
7304,Serpico (re-release),https://www.metacritic.com/movie/serpico,,,130
7305,Service (Serbis),https://www.metacritic.com/movie/service-serbis,,,90
7306,Serving Sara,https://www.metacritic.com/movie/serving-sara,29000000.0,20146150.0,99
7307,Session 9,https://www.metacritic.com/movie/session-9,1500000.0,1703434.0,97
7308,Set Fire to the Stars,https://www.metacritic.com/movie/set-fire-to-the-stars,,,97
7309,Set It Up,https://www.metacritic.com/movie/set-it-up,,,105
7310,Set Me Free,https://www.metacritic.com/movie/set-me-free,,,95
7311,Settlers,https://www.metacritic.com/movie/settlers,,,103
7312,Seven Days in Utopia,https://www.metacritic.com/movie/seven-days-in-utopia,,,120
7313,Seven Pounds,https://www.metacritic.com/movie/seven-pounds,54000000.0,166617328.0,123
7314,Seven Psychopaths,https://www.metacritic.com/movie/seven-psychopaths,13500000.0,33035736.0,110
7315,Seventh Son,https://www.metacritic.com/movie/seventh-son,95000000.0,108874967.0,102
7316,Severance,https://www.metacritic.com/movie/severance,10000000.0,5950002.0,96
7317,Severe Clear,https://www.metacritic.com/movie/severe-clear,,,93
7318,Sex and Death 101,https://www.metacritic.com/movie/sex-and-death-101,,,100
7319,Sex and Lucia,https://www.metacritic.com/movie/sex-and-lucia,,,128
7320,Sex and the City,https://www.metacritic.com/movie/sex-and-the-city,57500000.0,415247258.0,145
7321,Sex and the City 2,https://www.metacritic.com/movie/sex-and-the-city-2,95000000.0,294680778.0,146
7322,Sex Drive,https://www.metacritic.com/movie/sex-drive,19000000.0,10412485.0,109
7323,Sex Is Comedy,https://www.metacritic.com/movie/sex-is-comedy,,70168.0,92
7324,"Sex, Politics & Cocktails",https://www.metacritic.com/movie/sex-politics-cocktails,,,90
7325,Sex Positive,https://www.metacritic.com/movie/sex-positive,,,75
7326,Sex Tape,https://www.metacritic.com/movie/sex-tape,40000000.0,126069509.0,94
7327,Sex: The Annabel Chong Story,https://www.metacritic.com/movie/sex-the-annabel-chong-story,,,
7328,Sex with Strangers,https://www.metacritic.com/movie/sex-with-strangers,1100000.0,,105
7329,Sexual Dependency,https://www.metacritic.com/movie/sexual-dependency,,,104
7330,Sexy Beast,https://www.metacritic.com/movie/sexy-beast,4300000.0,10158355.0,89
7331,Seymour: An Introduction,https://www.metacritic.com/movie/seymour-an-introduction,,968313.0,84
7332,Sgt. Stubby: An American Hero,https://www.metacritic.com/movie/sgt-stubby-an-american-hero,25000000.0,3823620.0,84
7333,Shadow,https://www.metacritic.com/movie/shadow,,,116
7334,Shadow Boxers,https://www.metacritic.com/movie/shadow-boxers,,,72
7335,Shadow Dancer,https://www.metacritic.com/movie/shadow-dancer,,1777709.0,101
7336,Shadow Hours,https://www.metacritic.com/movie/shadow-hours,,,95
7337,Shadow in the Cloud,https://www.metacritic.com/movie/shadow-in-the-cloud,,,83
7338,Shadow Magic,https://www.metacritic.com/movie/shadow-magic,,,115
7339,Shadow of the Vampire,https://www.metacritic.com/movie/shadow-of-the-vampire,8000000.0,,92
7340,Shadowboxer,https://www.metacritic.com/movie/shadowboxer,,442951.0,93
7341,Shaft,https://www.metacritic.com/movie/shaft,53012938.0,107190108.0,99
7342,Shaft,https://www.metacritic.com/movie/shaft-2019,30000000.0,,111
7343,Shake Hands with the Devil,https://www.metacritic.com/movie/shake-hands-with-the-devil,,,112
7344,Shake Hands with the Devil: The Journey of Roméo Dallaire,https://www.metacritic.com/movie/shake-hands-with-the-devil-the-journey-of-romeo-dallaire,,,90
7345,Shakespeare Behind Bars,https://www.metacritic.com/movie/shakespeare-behind-bars,,,93
7346,Shakespeare High,https://www.metacritic.com/movie/shakespeare-high,,,81
7347,Shall We Dance,https://www.metacritic.com/movie/shall-we-dance,40000000.0,118097882.0,106
7348,Shall We Kiss?,https://www.metacritic.com/movie/shall-we-kiss,,,96
7349,Shallow Hal,https://www.metacritic.com/movie/shallow-hal,40000000.0,,113
7350,Shame,https://www.metacritic.com/movie/shame,6500000.0,20412841.0,101
7351,Shang-Chi and the Legend of the Ten Rings,https://www.metacritic.com/movie/shang-chi-and-the-legend-of-the-ten-rings,150000000.0,432243292.0,132
7352,Shanghai,https://www.metacritic.com/movie/shanghai,50000000.0,15505922.0,105
7353,Shanghai Calling,https://www.metacritic.com/movie/shanghai-calling,,,100
7354,Shanghai Ghetto,https://www.metacritic.com/movie/shanghai-ghetto,,,95
7355,Shanghai Knights,https://www.metacritic.com/movie/shanghai-knights,50000000.0,88316835.0,114
7356,Shanghai Noon,https://www.metacritic.com/movie/shanghai-noon,55000000.0,71189835.0,110
7357,Shaolin,https://www.metacritic.com/movie/shaolin,,35066099.0,131
7358,Shaolin Soccer,https://www.metacritic.com/movie/shaolin-soccer,,,87
7359,Share,https://www.metacritic.com/movie/share,,,87
7360,Shark Night 3D,https://www.metacritic.com/movie/shark-night-3d,25000000.0,,95
7361,Shark Tale,https://www.metacritic.com/movie/shark-tale,75000000.0,371741123.0,90
7362,Sharkwater,https://www.metacritic.com/movie/sharkwater,2000000.0,1720833.0,89
7363,Sharkwater Extinction,https://www.metacritic.com/movie/sharkwater-extinction,,1713.0,85
7364,Shattered Glass,https://www.metacritic.com/movie/shattered-glass,6000000.0,3456602.0,94
7365,Shaun of the Dead,https://www.metacritic.com/movie/shaun-of-the-dead,5000000.0,29832586.0,99
7366,Shaun the Sheep Movie,https://www.metacritic.com/movie/shaun-the-sheep-movie,,,85
7367,Shazam!,https://www.metacritic.com/movie/shazam!,85000000.0,363664533.0,132
7368,She Dies Tomorrow,https://www.metacritic.com/movie/she-dies-tomorrow,,,84
7369,She Hate Me,https://www.metacritic.com/movie/she-hate-me,,1465134.0,138
7370,Shelter,https://www.metacritic.com/movie/shelter,,,97
7371,Shelter,https://www.metacritic.com/movie/shelter-2015,,,105
7372,Shepard & Dark,https://www.metacritic.com/movie/shepard-dark,,,92
7373,Sheriff,https://www.metacritic.com/movie/sheriff,,,76
7374,Sherlock Gnomes,https://www.metacritic.com/movie/sherlock-gnomes,59000000.0,87527651.0,86
7375,Sherlock Holmes,https://www.metacritic.com/movie/sherlock-holmes,90000000.0,498438212.0,128
7376,Sherlock Holmes: A Game of Shadows,https://www.metacritic.com/movie/sherlock-holmes-a-game-of-shadows,125000000.0,535663443.0,129
7377,Sherman's Way,https://www.metacritic.com/movie/shermans-way,,,97
7378,Sherpa,https://www.metacritic.com/movie/sherpa,,1160888.0,96
7379,SherryBaby,https://www.metacritic.com/movie/sherrybaby,2000000.0,759504.0,96
7380,She's Beautiful When She's Angry,https://www.metacritic.com/movie/shes-beautiful-when-shes-angry,,,92
7381,She's Funny That Way,https://www.metacritic.com/movie/shes-funny-that-way,,5946642.0,93
7382,She's Lost Control,https://www.metacritic.com/movie/shes-lost-control,,,90
7383,She's One of Us,https://www.metacritic.com/movie/shes-one-of-us,,,100
7384,She's Out of My League,https://www.metacritic.com/movie/shes-out-of-my-league,20000000.0,48680977.0,104
7385,She's the Man,https://www.metacritic.com/movie/shes-the-man,25000000.0,55279608.0,105
7386,Shin Godzilla (Godzilla Resurgence),https://www.metacritic.com/movie/shin-godzilla-godzilla-resurgence,,,120
7387,Shine a Light,https://www.metacritic.com/movie/shine-a-light,1000000.0,16173879.0,122
7388,Shirin in Love,https://www.metacritic.com/movie/shirin-in-love,,,
7389,Shirkers,https://www.metacritic.com/movie/shirkers,,,97
7390,Shirley,https://www.metacritic.com/movie/shirley,,308898.0,107
7391,Shithouse,https://www.metacritic.com/movie/shithouse,,,102
7392,Shiva Baby,https://www.metacritic.com/movie/shiva-baby,,311780.0,77
7393,Shoah: Four Sisters,https://www.metacritic.com/movie/shoah-four-sisters,,,273
7394,Shock and Awe,https://www.metacritic.com/movie/shock-and-awe,,29936.0,90
7395,Sholem Aleichem: Laughing in the Darkness,https://www.metacritic.com/movie/sholem-aleichem-laughing-in-the-darkness,500000.0,,93
7396,Shoot 'Em Up,https://www.metacritic.com/movie/shoot-em-up,39000000.0,26796824.0,86
7397,Shooter,https://www.metacritic.com/movie/shooter,60000000.0,95538560.0,124
7398,Shooting the Mafia,https://www.metacritic.com/movie/shooting-the-mafia,,33003.0,94
7399,Shopgirl,https://www.metacritic.com/movie/shopgirl,7500000.0,11758418.0,106
7400,Shoplifters,https://www.metacritic.com/movie/shoplifters,,,121
7401,Shoplifters of the World,https://www.metacritic.com/movie/shoplifters-of-the-world,,6228.0,90
7402,Short Cut to Nirvana: Kumbh Mela,https://www.metacritic.com/movie/short-cut-to-nirvana-kumbh-mela,,,85
7403,Short Term 12,https://www.metacritic.com/movie/short-term-12,,2308535.0,96
7404,Shortbus,https://www.metacritic.com/movie/shortbus,2000000.0,,101
7405,Shorts,https://www.metacritic.com/movie/shorts,20000000.0,29870801.0,89
7406,SHOT! The Psycho-Spiritual Mantra of Rock,https://www.metacritic.com/movie/shot!-the-psycho-spiritual-mantra-of-rock,,18288.0,98
7407,Shot Caller,https://www.metacritic.com/movie/shot-caller,,2812006.0,121
7408,Shot in the Heart,https://www.metacritic.com/movie/shot-in-the-heart,,,98
7409,Shotgun Stories,https://www.metacritic.com/movie/shotgun-stories,,,92
7410,Shottas,https://www.metacritic.com/movie/shottas,,,95
7411,Show Dogs,https://www.metacritic.com/movie/show-dogs,5500000.0,40014998.0,92
7412,Showboy,https://www.metacritic.com/movie/showboy,,,93
7413,ShowBusiness: The Road to Broadway,https://www.metacritic.com/movie/showbusiness-the-road-to-broadway,,,102
7414,Shower,https://www.metacritic.com/movie/shower,,,92
7415,Showtime,https://www.metacritic.com/movie/showtime,85000000.0,78948765.0,95
7416,Shrek,https://www.metacritic.com/movie/shrek,50000000.0,491812794.0,90
7417,Shrek 2,https://www.metacritic.com/movie/shrek-2,70000000.0,935253978.0,93
7418,Shrek Forever After,https://www.metacritic.com/movie/shrek-forever-after,165000000.0,756244673.0,93
7419,Shrek the Third,https://www.metacritic.com/movie/shrek-the-third,160000000.0,807330936.0,93
7420,Shrink,https://www.metacritic.com/movie/shrink,,,104
7421,Shut In,https://www.metacritic.com/movie/shut-in,10000000.0,11360665.0,91
7422,Shut Up and Play the Hits,https://www.metacritic.com/movie/shut-up-and-play-the-hits,,646222.0,108
7423,Shut Up Little Man! An Audio Misadventure,https://www.metacritic.com/movie/shut-up-little-man!-an-audio-misadventure,,,90
7424,Shut Up & Sing,https://www.metacritic.com/movie/shut-up-sing,,,93
7425,Shutter,https://www.metacritic.com/movie/shutter,8000000.0,47782426.0,85
7426,Shutter Island,https://www.metacritic.com/movie/shutter-island,80000000.0,299461782.0,138
7427,Siberia,https://www.metacritic.com/movie/siberia,,447485.0,104
7428,Siberia,https://www.metacritic.com/movie/siberia-2020,,,92
7429,Sibyl,https://www.metacritic.com/movie/sibyl,,2960715.0,100
7430,Sicario,https://www.metacritic.com/movie/sicario,30000000.0,84335703.0,121
7431,Sicario: Day of the Soldado,https://www.metacritic.com/movie/sicario-day-of-the-soldado,35000000.0,76346094.0,122
7432,Sicilian Ghost Story,https://www.metacritic.com/movie/sicilian-ghost-story,,203588.0,122
7433,Sicko,https://www.metacritic.com/movie/sicko,9000000.0,36535837.0,123
7434,Siddharth,https://www.metacritic.com/movie/siddharth,,,96
7435,Siddhartha (re-release),https://www.metacritic.com/movie/siddhartha,,,89
7436,Side by Side,https://www.metacritic.com/movie/side-by-side,,67054.0,99
7437,Side Effects,https://www.metacritic.com/movie/side-effects-2013,30000000.0,66742138.0,106
7438,Sidewalks of New York,https://www.metacritic.com/movie/sidewalks-of-new-york,1000000.0,3575308.0,108
7439,Sideways,https://www.metacritic.com/movie/sideways,17000000.0,109726800.0,126
7440,Sieranevada,https://www.metacritic.com/movie/sieranevada,,,173
7441,Sierra Burgess Is a Loser,https://www.metacritic.com/movie/sierra-burgess-is-a-loser,,,105
7442,Sightseers,https://www.metacritic.com/movie/sightseers,,2735440.0,88
7443,Signs,https://www.metacritic.com/movie/signs,70702619.0,408250578.0,106
7444,Signs & Wonders,https://www.metacritic.com/movie/signs-wonders,,,105
7445,Silence,https://www.metacritic.com/movie/silence,46500000.0,23726626.0,161
7446,Silent Hill,https://www.metacritic.com/movie/silent-hill,50000000.0,94704227.0,125
7447,Silent Hill: Revelation 3D,https://www.metacritic.com/movie/silent-hill-revelation-3d,20000000.0,55975672.0,94
7448,Silent House,https://www.metacritic.com/movie/silent-house,2000000.0,16610760.0,85
7449,Silent Light,https://www.metacritic.com/movie/silent-light,,,136
7450,Silent Night,https://www.metacritic.com/movie/silent-night-2021,,151577.0,92
7451,Silent Souls,https://www.metacritic.com/movie/silent-souls,,,75
7452,Silent Water,https://www.metacritic.com/movie/silent-water,,,99
7453,Silk,https://www.metacritic.com/movie/silk,,,107
7454,Silk Road,https://www.metacritic.com/movie/silk-road,,138565.0,112
7455,Silo,https://www.metacritic.com/movie/silo,,,77
7456,Silver City,https://www.metacritic.com/movie/silver-city,,,128
7457,Silver Linings Playbook,https://www.metacritic.com/movie/silver-linings-playbook,21000000.0,236412453.0,122
7458,Simon Killer,https://www.metacritic.com/movie/simon-killer,,34000.0,101
7459,Simon Magus,https://www.metacritic.com/movie/simon-magus,,,101
7460,Simon & the Oaks,https://www.metacritic.com/movie/simon-the-oaks,,,122
7461,Sin,https://www.metacritic.com/movie/sin,,59.0,134
7462,Sin City,https://www.metacritic.com/movie/sin-city,40000000.0,158527918.0,124
7463,Sin City: A Dame To Kill For,https://www.metacritic.com/movie/sin-city-a-dame-to-kill-for,65000000.0,40650842.0,102
7464,Sin Nombre,https://www.metacritic.com/movie/sin-nombre,,7036422.0,
7465,Sinbad: Legend of the Seven Seas,https://www.metacritic.com/movie/sinbad-legend-of-the-seven-seas,60000000.0,80767884.0,86
7466,Since Otar Left,https://www.metacritic.com/movie/since-otar-left,,502665.0,103
7467,Sing,https://www.metacritic.com/movie/sing,75000000.0,631064182.0,108
7468,Sing 2,https://www.metacritic.com/movie/sing-2,85000000.0,376625004.0,110
7469,Sing Street,https://www.metacritic.com/movie/sing-street,,12657072.0,106
7470,Sing Your Song,https://www.metacritic.com/movie/sing-your-song,,87674.0,
7471,Sinister 2,https://www.metacritic.com/movie/sinister-2,10000000.0,54104225.0,97
7472,Sinister,https://www.metacritic.com/movie/sinister-2012,3000000.0,87727807.0,110
7473,Sir! No Sir!,https://www.metacritic.com/movie/sir!-no-sir!,,,85
7474,SiREN,https://www.metacritic.com/movie/siren,,,82
7475,Sister,https://www.metacritic.com/movie/sister,,,97
7476,Sister Aimee,https://www.metacritic.com/movie/sister-aimee,,,87
7477,Sister Helen,https://www.metacritic.com/movie/sister-helen,,,90
7478,Sisters,https://www.metacritic.com/movie/sisters,30000000.0,106030660.0,118
7479,Sisters in Law,https://www.metacritic.com/movie/sisters-in-law,300000.0,,104
7480,Sisters on Track,https://www.metacritic.com/movie/sisters-on-track,,,96
7481,Sisters with Transistors,https://www.metacritic.com/movie/sisters-with-transistors,,5241.0,86
7482,Sita Sings the Blues,https://www.metacritic.com/movie/sita-sings-the-blues,,,82
7483,Six Dance Lessons in Six Weeks,https://www.metacritic.com/movie/six-dance-lessons-in-six-weeks,,,107
7484,Six Minutes to Midnight,https://www.metacritic.com/movie/six-minutes-to-midnight,,2786250.0,99
7485,Sixty Six,https://www.metacritic.com/movie/sixty-six,,,93
7486,Skate Kitchen,https://www.metacritic.com/movie/skate-kitchen,,268021.0,106
7487,Skateland,https://www.metacritic.com/movie/skateland,,,96
7488,Sketches of Frank Gehry,https://www.metacritic.com/movie/sketches-of-frank-gehry,,727160.0,83
7489,Skid Row Marathon,https://www.metacritic.com/movie/skid-row-marathon,,,85
7490,Skills Like This,https://www.metacritic.com/movie/skills-like-this,,,88
7491,Skin,https://www.metacritic.com/movie/skin,,,107
7492,Skin,https://www.metacritic.com/movie/skin-2019,,,118
7493,Skin: A History of Nudity in the Movies,https://www.metacritic.com/movie/skin-a-history-of-nudity-in-the-movies,,,127
7494,Skin Trade,https://www.metacritic.com/movie/skin-trade,9000000.0,,96
7495,Skins,https://www.metacritic.com/movie/skins,5000000.0,,84
7496,Skinwalkers,https://www.metacritic.com/movie/skinwalkers,,,110
7497,Skiptrace,https://www.metacritic.com/movie/skiptrace,,131202537.0,107
7498,Sky Blue,https://www.metacritic.com/movie/sky-blue,,81664.0,86
7499,Sky Captain and the World of Tomorrow,https://www.metacritic.com/movie/sky-captain-and-the-world-of-tomorrow,70000000.0,49730854.0,106
7500,Sky High,https://www.metacritic.com/movie/sky-high,35000000.0,83109359.0,100
7501,Sky Ladder: The Art of Cai Guo-Qiang,https://www.metacritic.com/movie/sky-ladder-the-art-of-cai-guo-qiang,,277761.0,76
7502,Skyfall,https://www.metacritic.com/movie/skyfall,200000000.0,1110526981.0,143
7503,Skyline,https://www.metacritic.com/movie/skyline,10000000.0,68264973.0,94
7504,Skyscraper,https://www.metacritic.com/movie/skyscraper,125000000.0,304868961.0,102
7505,Slack Bay,https://www.metacritic.com/movie/slack-bay,,,122
7506,Slackers,https://www.metacritic.com/movie/slackers,11000000.0,5942218.0,86
7507,Slalom,https://www.metacritic.com/movie/slalom,,555475.0,92
7508,Slash,https://www.metacritic.com/movie/slash,,,100
7509,Slay the Dragon,https://www.metacritic.com/movie/slay-the-dragon,,,101
7510,Sleep Dealer,https://www.metacritic.com/movie/sleep-dealer,2500000.0,108907.0,90
7511,Sleep Furiously,https://www.metacritic.com/movie/sleep-furiously,,,94
7512,Sleep Tight,https://www.metacritic.com/movie/sleep-tight,,,102
7513,Sleeping Beauty,https://www.metacritic.com/movie/sleeping-beauty,,,104
7514,Sleeping Dogs Lie,https://www.metacritic.com/movie/sleeping-dogs-lie,,4342159.0,87
7515,Sleeping with Other People,https://www.metacritic.com/movie/sleeping-with-other-people,,2373621.0,101
7516,Sleepless,https://www.metacritic.com/movie/sleepless,30000000.0,33296659.0,95
7517,Sleepless Night,https://www.metacritic.com/movie/sleepless-night,,,98
7518,Sleepover,https://www.metacritic.com/movie/sleepover,10000000.0,9424052.0,89
7519,Sleepwalk with Me,https://www.metacritic.com/movie/sleepwalk-with-me,,,90
7520,Sleepwalking,https://www.metacritic.com/movie/sleepwalking,,,101
7521,Sleight,https://www.metacritic.com/movie/sleight,250000.0,3934450.0,89
7522,Slender Man,https://www.metacritic.com/movie/slender-man,10000000.0,51945949.0,93
7523,Sleuth,https://www.metacritic.com/movie/sleuth,,2212891.0,86
7524,Slice,https://www.metacritic.com/movie/slice,,,83
7525,Slipstream,https://www.metacritic.com/movie/slipstream,,,96
7526,Slither,https://www.metacritic.com/movie/slither,15250000.0,12930343.0,95
7527,Slow Burn,https://www.metacritic.com/movie/slow-burn,15500000.0,,93
7528,Slow West,https://www.metacritic.com/movie/slow-west,3750000.0,2089072.0,84
7529,Slumdog Millionaire,https://www.metacritic.com/movie/slumdog-millionaire,14000000.0,383825427.0,120
7530,Slut in a Good Way,https://www.metacritic.com/movie/slut-in-a-good-way,,,89
7531,Slutty Summer,https://www.metacritic.com/movie/slutty-summer,,,85
7532,Small Axe: Alex Wheatle,https://www.metacritic.com/movie/small-axe-alex-wheatle,,,66
7533,Small Axe: Education,https://www.metacritic.com/movie/small-axe-education,,,
7534,Small Axe: Lovers Rock,https://www.metacritic.com/movie/small-axe-lovers-rock,,,68
7535,Small Axe: Mangrove,https://www.metacritic.com/movie/small-axe-mangrove,,,124
7536,"Small Axe: Red, White and Blue",https://www.metacritic.com/movie/small-axe-red-white-and-blue,,,
7537,"Small, Beautifully Moving Parts",https://www.metacritic.com/movie/small-beautifully-moving-parts,,,73
7538,Small Engine Repair,https://www.metacritic.com/movie/small-engine-repair,,,102
7539,Small Time,https://www.metacritic.com/movie/small-time,,,104
7540,Small Time Crooks,https://www.metacritic.com/movie/small-time-crooks,18000000.0,29934477.0,94
7541,Small Town Crime,https://www.metacritic.com/movie/small-town-crime,,,91
7542,Small Town Murder Songs,https://www.metacritic.com/movie/small-town-murder-songs,,76390.0,75
7543,Small Voices,https://www.metacritic.com/movie/small-voices,,,109
7544,Smallfoot,https://www.metacritic.com/movie/smallfoot,80000000.0,213682073.0,96
7545,Smart People,https://www.metacritic.com/movie/smart-people,,11655619.0,95
7546,Smash & Grab: The Story of the Pink Panthers,https://www.metacritic.com/movie/smash-grab-the-story-of-the-pink-panthers,,,89
7547,Smash His Camera,https://www.metacritic.com/movie/smash-his-camera,,,87
7548,Smashed,https://www.metacritic.com/movie/smashed,,499109.0,81
7549,Smiley,https://www.metacritic.com/movie/smiley,,,90
7550,Smiley Face,https://www.metacritic.com/movie/smiley-face,,,
7551,Smiling Fish & Goat on Fire,https://www.metacritic.com/movie/smiling-fish-goat-on-fire,,,90
7552,Smokers Only,https://www.metacritic.com/movie/smokers-only,,,91
7553,Smokin' Aces,https://www.metacritic.com/movie/smokin-aces,17000000.0,57263440.0,109
7554,Smurfs: The Lost Village,https://www.metacritic.com/movie/smurfs-the-lost-village,60000000.0,197578586.0,90
7555,Snake Eyes: G.I. Joe Origins,https://www.metacritic.com/movie/snake-eyes-gi-joe-origins,88000000.0,34666981.0,121
7556,Snakes on a Plane,https://www.metacritic.com/movie/snakes-on-a-plane,33000000.0,62020814.0,105
7557,Snatch.,https://www.metacritic.com/movie/snatch,,,102
7558,Snatched,https://www.metacritic.com/movie/snatched,42000000.0,57852177.0,90
7559,Snipes,https://www.metacritic.com/movie/snipes,,,
7560,Snitch,https://www.metacritic.com/movie/snitch,15000000.0,57907734.0,112
7561,Snow Angels,https://www.metacritic.com/movie/snow-angels,1500000.0,414404.0,107
7562,Snow Cake,https://www.metacritic.com/movie/snow-cake,,,112
7563,Snow Day,https://www.metacritic.com/movie/snow-day,13000000.0,62452927.0,89
7564,Snow Dogs,https://www.metacritic.com/movie/snow-dogs,32000000.0,116898028.0,99
7565,Snow Flower and the Secret Fan,https://www.metacritic.com/movie/snow-flower-and-the-secret-fan,6000000.0,11348205.0,120
7566,Snow White and the Huntsman,https://www.metacritic.com/movie/snow-white-and-the-huntsman,170000000.0,401021746.0,127
7567,Snowden,https://www.metacritic.com/movie/snowden,50000000.0,35380918.0,134
7568,Snowpiercer,https://www.metacritic.com/movie/snowpiercer,40000000.0,86808205.0,126
7569,Snowtime!,https://www.metacritic.com/movie/snowtime!,,9034956.0,82
7570,So Close,https://www.metacritic.com/movie/so-close,,,
7571,...So Goes the Nation,https://www.metacritic.com/movie/so-goes-the-nation,,,90
7572,So Much So Fast,https://www.metacritic.com/movie/so-much-so-fast,,,87
7573,Soaked in Bleach,https://www.metacritic.com/movie/soaked-in-bleach,,143.0,100
7574,"Sobibór, 14 octobre 1943, 16 heures",https://www.metacritic.com/movie/sobibor-14-octobre-1943-16-heures,,,95
7575,Sobreviviré,https://www.metacritic.com/movie/sobrevivire,,,102
7576,Socrates,https://www.metacritic.com/movie/socrates,20000.0,849.0,71
7577,Soft Fruit,https://www.metacritic.com/movie/soft-fruit,,,101
7578,Solace,https://www.metacritic.com/movie/solace,,23549031.0,101
7579,Solaris,https://www.metacritic.com/movie/solaris,47000000.0,,99
7580,Solas,https://www.metacritic.com/movie/solas,,,101
7581,Sold,https://www.metacritic.com/movie/sold,,,94
7582,Solitary Man,https://www.metacritic.com/movie/solitary-man,12500000.0,,90
7583,Sollers Point,https://www.metacritic.com/movie/sollers-point,,,101
7584,Solo: A Star Wars Story,https://www.metacritic.com/movie/solo-a-star-wars-story,275000000.0,393151347.0,135
7585,Sólo con tu pareja,https://www.metacritic.com/movie/solo-con-tu-pareja,,,94
7586,Solomon & Gaenor,https://www.metacritic.com/movie/solomon-gaenor,,,
7587,Solomon Kane,https://www.metacritic.com/movie/solomon-kane,40000000.0,22024849.0,104
7588,Some Body,https://www.metacritic.com/movie/some-body,,,77
7589,Some Girl(s),https://www.metacritic.com/movie/some-girls,,,90
7590,Some Kind Of Beautiful,https://www.metacritic.com/movie/some-kind-of-beautiful,,1834498.0,99
7591,Some Kind of Heaven,https://www.metacritic.com/movie/some-kind-of-heaven,,54864.0,81
7592,Some Velvet Morning,https://www.metacritic.com/movie/some-velvet-morning,,,82
7593,Somebody Up There Likes Me,https://www.metacritic.com/movie/somebody-up-there-likes-me,,,76
7594,Someone Great,https://www.metacritic.com/movie/someone-great,,,92
7595,Someone Like You...,https://www.metacritic.com/movie/someone-like-you,23000000.0,38684906.0,97
7596,Somers Town,https://www.metacritic.com/movie/somers-town,,,71
7597,Somersault,https://www.metacritic.com/movie/somersault,,1736867.0,106
7598,"Something, Anything",https://www.metacritic.com/movie/something-anything,,,88
7599,Something Borrowed,https://www.metacritic.com/movie/something-borrowed,35000000.0,65084116.0,113
7600,Something from Nothing: The Art of Rap,https://www.metacritic.com/movie/something-from-nothing-the-art-of-rap,,334126.0,106
7601,Something in the Air,https://www.metacritic.com/movie/something-in-the-air,,,122
7602,Something New,https://www.metacritic.com/movie/something-new,,11483669.0,99
7603,Something to Cheer About,https://www.metacritic.com/movie/something-to-cheer-about,,,90
7604,Something's Gotta Give,https://www.metacritic.com/movie/somethings-gotta-give,80000000.0,266685242.0,128
7605,Sometimes Always Never,https://www.metacritic.com/movie/sometimes-always-never,,1491952.0,91
7606,Somewhere,https://www.metacritic.com/movie/somewhere,7000000.0,17023121.0,98
7607,Somewhere Between,https://www.metacritic.com/movie/somewhere-between,,,88
7608,Somm,https://www.metacritic.com/movie/somm,,,
7609,Son frère,https://www.metacritic.com/movie/son-frere,,,92
7610,Son of a Gun,https://www.metacritic.com/movie/son-of-a-gun,,256003.0,108
7611,Son of God,https://www.metacritic.com/movie/son-of-god,22000000.0,70949793.0,138
7612,Son of Monarchs,https://www.metacritic.com/movie/son-of-monarchs,,,97
7613,Son of Rambow,https://www.metacritic.com/movie/son-of-rambow,,,96
7614,Son of Saul,https://www.metacritic.com/movie/son-of-saul,,,107
7615,Son of the Bride,https://www.metacritic.com/movie/son-of-the-bride,,830665.0,123
7616,Son of the Mask,https://www.metacritic.com/movie/son-of-the-mask,100000000.0,59918422.0,94
7617,Song of Granite,https://www.metacritic.com/movie/song-of-granite,,21343.0,104
7618,Song of the Sea,https://www.metacritic.com/movie/song-of-the-sea,,9371908.0,93
7619,Song One,https://www.metacritic.com/movie/song-one,6000000.0,437089.0,86
7620,Song to Song,https://www.metacritic.com/movie/song-to-song,,1745819.0,129
7621,Songbird,https://www.metacritic.com/movie/songbird,,,90
7622,Songcatcher,https://www.metacritic.com/movie/songcatcher,1800000.0,,109
7623,Songs from the Second Floor,https://www.metacritic.com/movie/songs-from-the-second-floor,,,98
7624,Songs My Brothers Taught Me,https://www.metacritic.com/movie/songs-my-brothers-taught-me,,146937.0,98
7625,Songwriter,https://www.metacritic.com/movie/songwriter,,,84
7626,Sonic the Hedgehog,https://www.metacritic.com/movie/sonic-the-hedgehog,90000000.0,304925580.0,99
7627,Sonny,https://www.metacritic.com/movie/sonny,4000000.0,,110
7628,Sophie Jones,https://www.metacritic.com/movie/sophie-jones,,,85
7629,Sophie Scholl: The Final Days,https://www.metacritic.com/movie/sophie-scholl-the-final-days,,,120
7630,Sordid Lives,https://www.metacritic.com/movie/sordid-lives,,,111
7631,Sorority Boys,https://www.metacritic.com/movie/sorority-boys,12000000.0,12516222.0,93
7632,Sorority Row,https://www.metacritic.com/movie/sorority-row,12500000.0,26735797.0,101
7633,Sorry Angel,https://www.metacritic.com/movie/sorry-angel,,,132
7634,"Sorry, Haters",https://www.metacritic.com/movie/sorry-haters,,,
7635,Sorry to Bother You,https://www.metacritic.com/movie/sorry-to-bother-you,3200000.0,18285560.0,111
7636,Sorry We Missed You,https://www.metacritic.com/movie/sorry-we-missed-you,,,101
7637,Soul,https://www.metacritic.com/movie/soul,,118708427.0,100
7638,Soul Boys of the Western World,https://www.metacritic.com/movie/soul-boys-of-the-western-world,,37104.0,110
7639,Soul Kitchen,https://www.metacritic.com/movie/soul-kitchen,4900000.0,23347461.0,99
7640,Soul Men,https://www.metacritic.com/movie/soul-men,40000000.0,12345883.0,100
7641,Soul Plane,https://www.metacritic.com/movie/soul-plane,16000000.0,14553807.0,86
7642,Soul Power,https://www.metacritic.com/movie/soul-power,,366033.0,93
7643,Soul Surfer,https://www.metacritic.com/movie/soul-surfer,18000000.0,47135489.0,
7644,Soul Survivors,https://www.metacritic.com/movie/soul-survivors,14000000.0,4288246.0,84
7645,Sound and Fury,https://www.metacritic.com/movie/sound-and-fury,,,80
7646,Sound City,https://www.metacritic.com/movie/sound-city,,,108
7647,Sound of Metal,https://www.metacritic.com/movie/sound-of-metal,5400000.0,516819.0,120
7648,Sound of My Voice,https://www.metacritic.com/movie/sound-of-my-voice,135000.0,429448.0,85
7649,Sound of Noise,https://www.metacritic.com/movie/sound-of-noise,,,102
7650,Soundtrack for a Revolution,https://www.metacritic.com/movie/soundtrack-for-a-revolution,,,82
7651,Source Code,https://www.metacritic.com/movie/source-code,32000000.0,140428499.0,93
7652,South of Heaven,https://www.metacritic.com/movie/south-of-heaven,,,120
7653,South of the Border,https://www.metacritic.com/movie/south-of-the-border,,268600.0,78
7654,Southbound,https://www.metacritic.com/movie/southbound,,224743.0,89
7655,Southern Comfort,https://www.metacritic.com/movie/southern-comfort,,,90
7656,Southland Tales,https://www.metacritic.com/movie/southland-tales,17000000.0,364607.0,145
7657,Southlander: Diary of a Desperate Musician,https://www.metacritic.com/movie/southlander-diary-of-a-desperate-musician,,,80
7658,Southpaw,https://www.metacritic.com/movie/southpaw,,,77
7659,Southpaw,https://www.metacritic.com/movie/southpaw-2015,30000000.0,94156456.0,124
7660,Southside with You,https://www.metacritic.com/movie/southside-with-you,,6612968.0,84
7661,Southwest of Salem: The Story of the San Antonio Four,https://www.metacritic.com/movie/southwest-of-salem-the-story-of-the-san-antonio-four,,,91
7662,Souvenir,https://www.metacritic.com/movie/souvenir,,353653.0,90
7663,Spa Night,https://www.metacritic.com/movie/spa-night,,40294.0,93
7664,Space Chimps,https://www.metacritic.com/movie/space-chimps,37000000.0,67029956.0,81
7665,Space Cowboys,https://www.metacritic.com/movie/space-cowboys,65000000.0,128874043.0,130
7666,Space Dogs,https://www.metacritic.com/movie/space-dogs,,,91
7667,Space Jam: A New Legacy,https://www.metacritic.com/movie/space-jam-a-new-legacy,150000000.0,144003749.0,115
7668,Space Station 3D,https://www.metacritic.com/movie/space-station-3d,,,47
7669,Space Station 76,https://www.metacritic.com/movie/space-station-76,,,93
7670,Spaceship Earth,https://www.metacritic.com/movie/spaceship-earth,,362.0,113
7671,Spanglish,https://www.metacritic.com/movie/spanglish,75000000.0,54344321.0,131
7672,Spare Parts,https://www.metacritic.com/movie/spare-parts,,3701281.0,83
7673,Spark: A Burning Man Story,https://www.metacritic.com/movie/spark-a-burning-man-story,,,90
7674,Sparkle,https://www.metacritic.com/movie/sparkle-2011,10000000.0,24660323.0,116
7675,Spartan,https://www.metacritic.com/movie/spartan,,4586333.0,106
7676,Special,https://www.metacritic.com/movie/special,1000000.0,26822.0,81
7677,Special Correspondents,https://www.metacritic.com/movie/special-correspondents,,,101
7678,Special Treatment,https://www.metacritic.com/movie/special-treatment,,,95
7679,SPECTRE,https://www.metacritic.com/movie/spectre,300000000.0,879500760.0,148
7680,Speed-Dating,https://www.metacritic.com/movie/speed-dating,,,104
7681,Speed Racer,https://www.metacritic.com/movie/speed-racer,120000000.0,93394462.0,135
7682,Speed Sisters,https://www.metacritic.com/movie/speed-sisters,,25368.0,78
7683,Speer Goes to Hollywood,https://www.metacritic.com/movie/speer-goes-to-hollywood,,,97
7684,Spellbound,https://www.metacritic.com/movie/spellbound,,7457710.0,97
7685,Spelling the Dream,https://www.metacritic.com/movie/spelling-the-dream,,,82
7686,Spencer,https://www.metacritic.com/movie/spencer,,15407165.0,111
7687,Spenser Confidential,https://www.metacritic.com/movie/spenser-confidential,,,111
7688,Spettacolo,https://www.metacritic.com/movie/spettacolo,,,91
7689,Spider,https://www.metacritic.com/movie/spider,,,98
7690,Spider-Man,https://www.metacritic.com/movie/spider-man,139000000.0,821706375.0,121
7691,Spider-Man 2,https://www.metacritic.com/movie/spider-man-2,200000000.0,794697557.0,127
7692,Spider-Man 3,https://www.metacritic.com/movie/spider-man-3,258000000.0,894860230.0,139
7693,Spider-Man: Far from Home,https://www.metacritic.com/movie/spider-man-far-from-home,160000000.0,1132532832.0,129
7694,Spider-Man: Homecoming,https://www.metacritic.com/movie/spider-man-homecoming,175000000.0,878346440.0,133
7695,Spider-Man: Into the Spider-Verse,https://www.metacritic.com/movie/spider-man-into-the-spider-verse,,,117
7696,Spider-Man: No Way Home,https://www.metacritic.com/movie/spider-man-no-way-home,200000000.0,1885216153.0,148
7697,Spies in Disguise,https://www.metacritic.com/movie/spies-in-disguise,100000000.0,165138481.0,102
7698,Spinning Into Butter,https://www.metacritic.com/movie/spinning-into-butter,,,86
7699,Spinning Man,https://www.metacritic.com/movie/spinning-man,,69593.0,100
7700,Spinning Plates,https://www.metacritic.com/movie/spinning-plates,,141361.0,93
7701,Spinster,https://www.metacritic.com/movie/spinster,,,87
7702,Spiral,https://www.metacritic.com/movie/spiral-2002,,,90
7703,Spiral: From the Book of Saw,https://www.metacritic.com/movie/spiral-from-the-book-of-saw,,,93
7704,Spirit: Stallion of the Cimarron,https://www.metacritic.com/movie/spirit-stallion-of-the-cimarron,80000000.0,106515310.0,83
7705,Spirit Untamed,https://www.metacritic.com/movie/spirit-untamed,30000000.0,42313252.0,
7706,Spirited Away,https://www.metacritic.com/movie/spirited-away,,,125
7707,Splice,https://www.metacritic.com/movie/splice,30000000.0,28542494.0,104
7708,Splinter,https://www.metacritic.com/movie/splinter,,,82
7709,Splinterheads,https://www.metacritic.com/movie/splinterheads,,,94
7710,Splinters,https://www.metacritic.com/movie/splinters,,,95
7711,Split,https://www.metacritic.com/movie/split,9000000.0,278754594.0,117
7712,Spoken Word,https://www.metacritic.com/movie/spoken-word,4500000.0,,116
7713,Spontaneous,https://www.metacritic.com/movie/spontaneous,,,101
7714,Spoor,https://www.metacritic.com/movie/spoor,,,128
7715,Spotlight,https://www.metacritic.com/movie/spotlight,20000000.0,91902438.0,128
7716,Spread,https://www.metacritic.com/movie/spread,,4484936.0,97
7717,Spree,https://www.metacritic.com/movie/spree,,49493.0,93
7718,Spring,https://www.metacritic.com/movie/spring,,,109
7719,Spring Blossom,https://www.metacritic.com/movie/spring-blossom,,,73
7720,Spring Breakers,https://www.metacritic.com/movie/spring-breakers,5000000.0,31149251.0,94
7721,Spring Fever,https://www.metacritic.com/movie/spring-fever,,,116
7722,Spring Forward,https://www.metacritic.com/movie/spring-forward,,,110
7723,"Spring, Summer, Fall, Winter... and Spring",https://www.metacritic.com/movie/spring-summer-fall-winter-and-spring,,,103
7724,Springtime in a Small Town,https://www.metacritic.com/movie/springtime-in-a-small-town,,251491.0,116
7725,Spun,https://www.metacritic.com/movie/spun,4500000.0,1022649.0,101
7726,Sputnik,https://www.metacritic.com/movie/sputnik,,258664.0,107
7727,Spy,https://www.metacritic.com/movie/spy,65000000.0,232585748.0,119
7728,Spy Game,https://www.metacritic.com/movie/spy-game,90000000.0,143049560.0,126
7729,Spy Kids,https://www.metacritic.com/movie/spy-kids,35000000.0,197692062.0,88
7730,Spy Kids 2: Island of Lost Dreams,https://www.metacritic.com/movie/spy-kids-2-island-of-lost-dreams,,,100
7731,Spy Kids 3-D: Game Over,https://www.metacritic.com/movie/spy-kids-3-d-game-over,40000000.0,167851995.0,84
7732,Spy Kids: All the Time in the World,https://www.metacritic.com/movie/spy-kids-all-the-time-in-the-world,27000000.0,80681183.0,89
7733,The Spy Next Door,https://www.metacritic.com/movie/spynextdoor,28000000.0,46752858.0,94
7734,Square Grouper,https://www.metacritic.com/movie/square-grouper,,,101
7735,St. Trinian's,https://www.metacritic.com/movie/st-trinians,11400000.0,29830239.0,97
7736,St. Vincent,https://www.metacritic.com/movie/st-vincent,13000000.0,54837234.0,102
7737,Stage Beauty,https://www.metacritic.com/movie/stage-beauty,,1030481.0,106
7738,Stage Fright,https://www.metacritic.com/movie/stage-fright,,7126.0,89
7739,Stage Mother,https://www.metacritic.com/movie/stage-mother,,28711.0,93
7740,Stagedoor,https://www.metacritic.com/movie/stagedoor,,,79
7741,Stake Land,https://www.metacritic.com/movie/stake-land,4000000.0,679482.0,98
7742,Stalingrad,https://www.metacritic.com/movie/stalingrad,,68707119.0,131
7743,Stalin's Wife,https://www.metacritic.com/movie/stalins-wife,,,104
7744,Stan & Ollie,https://www.metacritic.com/movie/stan-ollie,10000000.0,29062674.0,98
7745,Stand Clear of the Closing Doors,https://www.metacritic.com/movie/stand-clear-of-the-closing-doors,,,102
7746,Stand Up Guys,https://www.metacritic.com/movie/stand-up-guys,,6118797.0,95
7747,Standard Operating Procedure,https://www.metacritic.com/movie/standard-operating-procedure,5000000.0,332120.0,116
7748,Stander,https://www.metacritic.com/movie/stander,,296584.0,111
7749,Standing by Yourself,https://www.metacritic.com/movie/standing-by-yourself,,,65
7750,Standing in the Shadows of Motown,https://www.metacritic.com/movie/standing-in-the-shadows-of-motown,,1693676.0,116
7751,Standing Still,https://www.metacritic.com/movie/standing-still,,,90
7752,Standing Tall,https://www.metacritic.com/movie/standing-tall,,,120
7753,"Standing Up, Falling Down",https://www.metacritic.com/movie/standing-up-falling-down,,,91
7754,Star Trek,https://www.metacritic.com/movie/star-trek,140000000.0,386839614.0,127
7755,Star Trek Beyond,https://www.metacritic.com/movie/star-trek-beyond,185000000.0,335673708.0,122
7756,Star Trek Into Darkness,https://www.metacritic.com/movie/star-trek-into-darkness,190000000.0,467381584.0,132
7757,Star Trek: Nemesis,https://www.metacritic.com/movie/star-trek-nemesis,60000000.0,67312826.0,116
7758,Star Wars: Episode II - Attack of the Clones,https://www.metacritic.com/movie/star-wars-episode-ii---attack-of-the-clones,,,142
7759,Star Wars: Episode III - Revenge of the Sith,https://www.metacritic.com/movie/star-wars-episode-iii---revenge-of-the-sith,,,140
7760,Star Wars: Episode IX - The Rise of Skywalker,https://www.metacritic.com/movie/star-wars-episode-ix---the-rise-of-skywalker,,,142
7761,Star Wars: Episode VII - The Force Awakens,https://www.metacritic.com/movie/star-wars-episode-vii---the-force-awakens,,,135
7762,Star Wars: Episode VIII - The Last Jedi,https://www.metacritic.com/movie/star-wars-episode-viii---the-last-jedi,,,152
7763,Star Wars: The Clone Wars,https://www.metacritic.com/movie/star-wars-the-clone-wars,8500000.0,68695443.0,98
7764,Starbuck,https://www.metacritic.com/movie/starbuck,,,109
7765,Stardom,https://www.metacritic.com/movie/stardom,,,100
7766,Stardust,https://www.metacritic.com/movie/stardust,70000000.0,137022245.0,127
7767,Stardust,https://www.metacritic.com/movie/stardust-2020,,54994.0,109
7768,Stargirl,https://www.metacritic.com/movie/stargirl,,,107
7769,Starless Dreams,https://www.metacritic.com/movie/starless-dreams,,,76
7770,Starlet,https://www.metacritic.com/movie/starlet,,146222.0,103
7771,Starred Up,https://www.metacritic.com/movie/starred-up,,121707.0,106
7772,Stars in Shorts,https://www.metacritic.com/movie/stars-in-shorts,,,
7773,Starsky & Hutch,https://www.metacritic.com/movie/starsky-hutch,60000000.0,170200225.0,101
7774,Starter for 10,https://www.metacritic.com/movie/starter-for-10,,,92
7775,Starting Out in the Evening,https://www.metacritic.com/movie/starting-out-in-the-evening,,,111
7776,Startup.com,https://www.metacritic.com/movie/startupcom,,1827627.0,107
7777,Starving the Beast,https://www.metacritic.com/movie/starving-the-beast,,,95
7778,State and Main,https://www.metacritic.com/movie/state-and-main,,9182500.0,105
7779,State Funeral,https://www.metacritic.com/movie/state-funeral,,49412.0,135
7780,State Like Sleep,https://www.metacritic.com/movie/state-like-sleep,,,104
7781,State of Fear,https://www.metacritic.com/movie/state-of-fear,,,94
7782,State of Play,https://www.metacritic.com/movie/state-of-play,60000000.0,88832210.0,127
7783,State Property,https://www.metacritic.com/movie/state-property,,,88
7784,State Property 2,https://www.metacritic.com/movie/state-property-2,,,94
7785,Staten Island Summer,https://www.metacritic.com/movie/staten-island-summer,,,108
7786,States of Control,https://www.metacritic.com/movie/states-of-control,,,84
7787,Stateside,https://www.metacritic.com/movie/stateside,,,97
7788,Stations of the Cross,https://www.metacritic.com/movie/stations-of-the-cross,,,110
7789,Stay,https://www.metacritic.com/movie/stay,,4117883.0,99
7790,Stay,https://www.metacritic.com/movie/stay-2014,,,99
7791,Stay Alive,https://www.metacritic.com/movie/stay-alive,20000000.0,23187506.0,85
7792,Staying Vertical,https://www.metacritic.com/movie/staying-vertical,,,98
7793,Steal a Pencil for Me,https://www.metacritic.com/movie/steal-a-pencil-for-me,,,94
7794,Steal Me,https://www.metacritic.com/movie/steal-me,,,95
7795,Steal This Movie,https://www.metacritic.com/movie/steal-this-movie,,,107
7796,Stealing Harvard,https://www.metacritic.com/movie/stealing-harvard,25000000.0,,85
7797,Stealing the Fire,https://www.metacritic.com/movie/stealing-the-fire,,,97
7798,Stealth,https://www.metacritic.com/movie/stealth,138000000.0,76416746.0,121
7799,Steamboy,https://www.metacritic.com/movie/steamboy,20000000.0,10468867.0,126
7800,Steel City,https://www.metacritic.com/movie/steel-city,,,95
7801,Steep,https://www.metacritic.com/movie/steep,,,92
7802,Stefan Zweig: Farewell to Europe,https://www.metacritic.com/movie/stefan-zweig-farewell-to-europe,,1336816.0,106
7803,Stella Street,https://www.metacritic.com/movie/stella-street,,,80
7804,Step,https://www.metacritic.com/movie/step,,1176294.0,84
7805,Step Brothers,https://www.metacritic.com/movie/step-brothers,65000000.0,128107642.0,98
7806,Step Into Liquid,https://www.metacritic.com/movie/step-into-liquid,,3975542.0,88
7807,Step Up,https://www.metacritic.com/movie/step-up,12000000.0,110989157.0,104
7808,Step Up 2: The Streets,https://www.metacritic.com/movie/step-up-2-the-streets,17500000.0,148586910.0,98
7809,Step Up 3-D,https://www.metacritic.com/movie/step-up-3-d,30000000.0,165889117.0,107
7810,Step Up: All In,https://www.metacritic.com/movie/step-up-all-in,,77804384.0,112
7811,Step Up Revolution,https://www.metacritic.com/movie/step-up-revolution,33000000.0,165552290.0,99
7812,Step Up To The Plate,https://www.metacritic.com/movie/step-up-to-the-plate,,,86
7813,Stephanie Daley,https://www.metacritic.com/movie/stephanie-daley,,,92
7814,Stephen King’s A Good Marriage,https://www.metacritic.com/movie/stephen-kings-a-good-marriage,,,102
7815,Steve + Sky,https://www.metacritic.com/movie/steve-+-sky,,,95
7816,Steve Jobs,https://www.metacritic.com/movie/steve-jobs,30000000.0,35579007.0,122
7817,Steve Jobs: Man in the Machine,https://www.metacritic.com/movie/steve-jobs-man-in-the-machine,,,128
7818,Steve McQueen: The Man & Le Mans,https://www.metacritic.com/movie/steve-mcqueen-the-man-le-mans,,87945.0,102
7819,Stevie,https://www.metacritic.com/movie/stevie,,,140
7820,Stick It,https://www.metacritic.com/movie/stick-it,20000000.0,30399714.0,103
7821,Still Alice,https://www.metacritic.com/movie/still-alice,,,101
7822,Still Life,https://www.metacritic.com/movie/still-life,,,111
7823,Still Life,https://www.metacritic.com/movie/still-life-2013,,1422153.0,92
7824,Still Mine,https://www.metacritic.com/movie/still-mine,,1178902.0,102
7825,Still Walking,https://www.metacritic.com/movie/still-walking,,390789.0,114
7826,Stillwater,https://www.metacritic.com/movie/stillwater,,17188747.0,140
7827,Stinking Heaven,https://www.metacritic.com/movie/stinking-heaven,,,70
7828,Stockholm,https://www.metacritic.com/movie/stockholm,,503632.0,92
7829,Stoked: The Rise and Fall of Gator,https://www.metacritic.com/movie/stoked-the-rise-and-fall-of-gator,,,82
7830,Stoker,https://www.metacritic.com/movie/stoker,12000000.0,12034913.0,99
7831,Stolen,https://www.metacritic.com/movie/stolen,,,97
7832,Stolen,https://www.metacritic.com/movie/stolen-2006,,,90
7833,Stolen Childhoods,https://www.metacritic.com/movie/stolen-childhoods,,,85
7834,Stolen Seas,https://www.metacritic.com/movie/stolen-seas,,,90
7835,Stolen Summer,https://www.metacritic.com/movie/stolen-summer,1500000.0,,91
7836,Stomp the Yard,https://www.metacritic.com/movie/stomp-the-yard,14000000.0,75525718.0,109
7837,Stone,https://www.metacritic.com/movie/stone,22000000.0,4065020.0,105
7838,Stone Reader,https://www.metacritic.com/movie/stone-reader,,,127
7839,Stoned,https://www.metacritic.com/movie/stoned,,,102
7840,Stonehearst Asylum,https://www.metacritic.com/movie/stonehearst-asylum,,3197693.0,112
7841,Stonewall,https://www.metacritic.com/movie/stonewall,,292203.0,129
7842,Stonewall Uprising,https://www.metacritic.com/movie/stonewall-uprising,,,80
7843,Stop-Loss,https://www.metacritic.com/movie/stop-loss,25000000.0,11229035.0,112
7844,Stories We Tell,https://www.metacritic.com/movie/stories-we-tell,,3043717.0,108
7845,Storks,https://www.metacritic.com/movie/storks,70000000.0,183353431.0,87
7846,Storm Boy,https://www.metacritic.com/movie/storm-boy,,4357363.0,99
7847,Storm Surfers 3D,https://www.metacritic.com/movie/storm-surfers-3d,,,95
7848,Storytelling,https://www.metacritic.com/movie/storytelling,,2024522.0,87
7849,Stowaway,https://www.metacritic.com/movie/stowaway,,,116
7850,Straight-Jacket,https://www.metacritic.com/movie/straight-jacket,,,96
7851,Straight Outta Compton,https://www.metacritic.com/movie/straight-outta-compton,28000000.0,202182981.0,147
7852,Straight Up,https://www.metacritic.com/movie/straight-up,,,95
7853,Stranded,https://www.metacritic.com/movie/stranded,1900000.0,285593.0,84
7854,Stranded: I've Come from a Plane That Crashed on the Mountains,https://www.metacritic.com/movie/stranded-ive-come-from-a-plane-that-crashed-on-the-mountains,,,130
7855,Strange But True,https://www.metacritic.com/movie/strange-but-true,,284831.0,96
7856,Strange Culture,https://www.metacritic.com/movie/strange-culture,,,75
7857,Strange Fits of Passion,https://www.metacritic.com/movie/strange-fits-of-passion,,,84
7858,Strange Fruit,https://www.metacritic.com/movie/strange-fruit,,,57
7859,Strange Magic,https://www.metacritic.com/movie/strange-magic,,13741343.0,99
7860,Strange Powers: Stephin Merritt and the Magnetic Fields,https://www.metacritic.com/movie/strange-powers-stephin-merritt-and-the-magnetic-fields,,,89
7861,Strange Weather,https://www.metacritic.com/movie/strange-weather,,,92
7862,Strange Wilderness,https://www.metacritic.com/movie/strange-wilderness,20000000.0,6947084.0,87
7863,Stranger by the Lake,https://www.metacritic.com/movie/stranger-by-the-lake,,,97
7864,Stranger Than Fiction,https://www.metacritic.com/movie/stranger-than-fiction,30000000.0,53572822.0,113
7865,Strangerland,https://www.metacritic.com/movie/strangerland,10000000.0,161097.0,112
7866,Strangers with Candy,https://www.metacritic.com/movie/strangers-with-candy,2000000.0,2077844.0,97
7867,Stratton,https://www.metacritic.com/movie/stratton,,95743.0,94
7868,Straw Dogs,https://www.metacritic.com/movie/straw-dogs,25000000.0,11253821.0,110
7869,Stray,https://www.metacritic.com/movie/stray-2021,,,72
7870,Stray Dog,https://www.metacritic.com/movie/stray-dog,,,98
7871,Stray Dogs,https://www.metacritic.com/movie/stray-dogs,,,138
7872,Stray Dolls,https://www.metacritic.com/movie/stray-dolls,,,97
7873,Strayed,https://www.metacritic.com/movie/strayed,,2938432.0,95
7874,Street Fight,https://www.metacritic.com/movie/street-fight,,,83
7875,Street Fighter: The Legend of Chun-Li,https://www.metacritic.com/movie/street-fighter-the-legend-of-chun-li,50000000.0,12660287.0,96
7876,Street Gang: How We Got to Sesame Street,https://www.metacritic.com/movie/street-gang-how-we-got-to-sesame-street,,1219.0,107
7877,Street Kings,https://www.metacritic.com/movie/street-kings,20000000.0,65457811.0,109
7878,Strike,https://www.metacritic.com/movie/strike,,,104
7879,Strike a Pose,https://www.metacritic.com/movie/strike-a-pose,,102677.0,83
7880,Strippers,https://www.metacritic.com/movie/strippers,,,71
7881,Strong Island,https://www.metacritic.com/movie/strong-island,,,107
7882,Stronger,https://www.metacritic.com/movie/stronger,30000000.0,8786287.0,119
7883,Strongman,https://www.metacritic.com/movie/strongman,,,113
7884,Struck by Lightning,https://www.metacritic.com/movie/struck-by-lightning,,,90
7885,Stuart Little 2,https://www.metacritic.com/movie/stuart-little-2,120000000.0,166000000.0,77
7886,Stuber,https://www.metacritic.com/movie/stuber,16000000.0,29634769.0,93
7887,Stuck,https://www.metacritic.com/movie/stuck,5000000.0,,85
7888,Stuck in Love,https://www.metacritic.com/movie/stuck-in-love,,118269.0,97
7889,Stuck on You,https://www.metacritic.com/movie/stuck-on-you,55000000.0,63537164.0,118
7890,Studio 54,https://www.metacritic.com/movie/studio-54,,266663.0,98
7891,Stung,https://www.metacritic.com/movie/stung,2500000.0,,87
7892,Stupid Boy,https://www.metacritic.com/movie/stupid-boy,,,94
7893,Styx,https://www.metacritic.com/movie/styx,,105934.0,94
7894,Sublet,https://www.metacritic.com/movie/sublet,,,89
7895,Submarine,https://www.metacritic.com/movie/submarine,1900000.0,4581937.0,97
7896,Submergence,https://www.metacritic.com/movie/submergence,,723779.0,112
7897,Submission,https://www.metacritic.com/movie/submission,,,106
7898,Suburban Birds,https://www.metacritic.com/movie/suburban-birds,,,118
7899,Suburbicon,https://www.metacritic.com/movie/suburbicon,,12021506.0,105
7900,Such a Long Journey,https://www.metacritic.com/movie/such-a-long-journey,,,113
7901,Sucker Punch,https://www.metacritic.com/movie/sucker-punch,75000000.0,89758389.0,120
7902,Suddenly,https://www.metacritic.com/movie/suddenly,,,92
7903,Suffragette,https://www.metacritic.com/movie/suffragette,14000000.0,37888043.0,106
7904,Sugar,https://www.metacritic.com/movie/sugar,,1143922.0,120
7905,Sugar & Spice,https://www.metacritic.com/movie/sugar-spice,,,81
7906,Suicide Squad,https://www.metacritic.com/movie/suicide-squad,175000000.0,745744980.0,123
7907,Sukiyaki Western Django,https://www.metacritic.com/movie/sukiyaki-western-django,,,121
7908,Sully,https://www.metacritic.com/movie/sully,60000000.0,238524556.0,96
7909,Summer 1993,https://www.metacritic.com/movie/summer-1993,,,97
7910,Summer Catch,https://www.metacritic.com/movie/summer-catch,17000000.0,,108
7911,Summer Hours,https://www.metacritic.com/movie/summer-hours,,,103
7912,Summer Night,https://www.metacritic.com/movie/summer-night,,,98
7913,Summer of 84,https://www.metacritic.com/movie/summer-of-84,,6146.0,105
7914,Summer of 85,https://www.metacritic.com/movie/summer-of-85,,,100
7915,"Summer of Soul (...Or, When the Revolution Could Not Be Televised)",https://www.metacritic.com/movie/summer-of-soul-or-when-the-revolution-could-not-be-televised,,,117
7916,Summer Palace,https://www.metacritic.com/movie/summer-palace,,,158
7917,Summer Storm,https://www.metacritic.com/movie/summer-storm,,,98
7918,Summer Wars,https://www.metacritic.com/movie/summer-wars,,,114
7919,Summerland,https://www.metacritic.com/movie/summerland,,1118941.0,99
7920,Summertime,https://www.metacritic.com/movie/summertime,,,105
7921,Summertime,https://www.metacritic.com/movie/summertime-2020,,,95
7922,Sun Children,https://www.metacritic.com/movie/sun-children,,,99
7923,Sun Choke,https://www.metacritic.com/movie/sun-choke,,,83
7924,Sun Don't Shine,https://www.metacritic.com/movie/sun-dont-shine,,,
7925,Sunlight Jr.,https://www.metacritic.com/movie/sunlight-jr,,,90
7926,Sunset,https://www.metacritic.com/movie/sunset,,,142
7927,Sunset Edge,https://www.metacritic.com/movie/sunset-edge,,,87
7928,Sunset Song,https://www.metacritic.com/movie/sunset-song,,1470176.0,135
7929,Sunset Story,https://www.metacritic.com/movie/sunset-story,,,73
7930,Sunset Strip,https://www.metacritic.com/movie/sunset-strip,,,90
7931,Sunshine,https://www.metacritic.com/movie/sunshine,40000000.0,32030610.0,107
7932,Sunshine,https://www.metacritic.com/movie/sunshine-2000,,,181
7933,Sunshine Cleaning,https://www.metacritic.com/movie/sunshine-cleaning,5000000.0,17329337.0,91
7934,Sunshine State,https://www.metacritic.com/movie/sunshine-state,5600000.0,3281898.0,141
7935,Sunshine Superman,https://www.metacritic.com/movie/sunshine-superman,,96707.0,100
7936,Suntan,https://www.metacritic.com/movie/suntan,,10715.0,104
7937,Super,https://www.metacritic.com/movie/super,2500000.0,593933.0,96
7938,Super 8,https://www.metacritic.com/movie/super-8,50000000.0,257972745.0,112
7939,Super Dark Times,https://www.metacritic.com/movie/super-dark-times,,,100
7940,Super Size Me,https://www.metacritic.com/movie/super-size-me,65000.0,22233808.0,100
7941,Super Size Me 2: Holy Chicken!,https://www.metacritic.com/movie/super-size-me-2-holy-chicken!,,,93
7942,Super Troopers,https://www.metacritic.com/movie/super-troopers,1200000.0,23182223.0,100
7943,Super Troopers 2,https://www.metacritic.com/movie/super-troopers-2,13500000.0,31575635.0,99
7944,Superbabies: Baby Geniuses 2,https://www.metacritic.com/movie/superbabies-baby-geniuses-2,20000000.0,9355369.0,88
7945,Superbad,https://www.metacritic.com/movie/superbad,17500000.0,169955142.0,113
7946,Supercapitalist,https://www.metacritic.com/movie/supercapitalist,,,102
7947,Supercross,https://www.metacritic.com/movie/supercross,30000000.0,3252550.0,80
7948,SuperFly,https://www.metacritic.com/movie/superfly,16000000.0,20739323.0,116
7949,Superhero Movie,https://www.metacritic.com/movie/superhero-movie,35000000.0,73026302.0,75
7950,Superintelligence,https://www.metacritic.com/movie/superintelligence,,,106
7951,Superman Returns,https://www.metacritic.com/movie/superman-returns,232000000.0,391081192.0,154
7952,Supermensch: The Legend of Shep Gordon,https://www.metacritic.com/movie/supermensch-the-legend-of-shep-gordon,,215245.0,85
7953,Supernova,https://www.metacritic.com/movie/supernova,60000000.0,14816494.0,90
7954,Supernova,https://www.metacritic.com/movie/supernova-2020,,3380839.0,93
7955,Superstar in a Housedress,https://www.metacritic.com/movie/superstar-in-a-housedress,,,95
7956,Support the Girls,https://www.metacritic.com/movie/support-the-girls,,173993.0,90
7957,Supporting Characters,https://www.metacritic.com/movie/supporting-characters,60000.0,,87
7958,Surf's Up,https://www.metacritic.com/movie/surfs-up,100000000.0,145395745.0,85
7959,Surfwise,https://www.metacritic.com/movie/surfwise,,,93
7960,Surge,https://www.metacritic.com/movie/surge,,34454.0,105
7961,Surrogates,https://www.metacritic.com/movie/surrogates,80000000.0,119668350.0,89
7962,Surveillance,https://www.metacritic.com/movie/surveillance,3500000.0,1396395.0,97
7963,Survival of the Dead,https://www.metacritic.com/movie/survival-of-the-dead,,,90
7964,Surviving Christmas,https://www.metacritic.com/movie/surviving-christmas,,14328813.0,91
7965,Surviving Eden,https://www.metacritic.com/movie/surviving-eden,,,89
7966,Surviving Progress,https://www.metacritic.com/movie/surviving-progress,,,86
7967,Survivor,https://www.metacritic.com/movie/survivor,20000000.0,1703281.0,96
7968,Sushi: The Global Catch,https://www.metacritic.com/movie/sushi-the-global-catch,,,75
7969,Suspect Zero,https://www.metacritic.com/movie/suspect-zero,27000000.0,8723600.0,99
7970,Suspended Animation,https://www.metacritic.com/movie/suspended-animation,,,
7971,Suspiria,https://www.metacritic.com/movie/suspiria-2018,20000000.0,7023292.0,152
7972,Suzhou River,https://www.metacritic.com/movie/suzhou-river,,330468.0,83
7973,Suzi Q,https://www.metacritic.com/movie/suzi-q,,199773.0,98
7974,Swallow,https://www.metacritic.com/movie/swallow,,276781.0,94
7975,Swallows and Amazons,https://www.metacritic.com/movie/swallows-and-amazons,,3895661.0,96
7976,Swan Song,https://www.metacritic.com/movie/swan-song,,,105
7977,Swan Song,https://www.metacritic.com/movie/swan-song-2021,,,116
7978,S.W.A.T.,https://www.metacritic.com/movie/swat,70000000.0,207154748.0,117
7979,Sweat,https://www.metacritic.com/movie/sweat,,18308.0,106
7980,Sweaty Betty,https://www.metacritic.com/movie/sweaty-betty,,,94
7981,Sweeney Todd: The Demon Barber of Fleet Street,https://www.metacritic.com/movie/sweeney-todd-the-demon-barber-of-fleet-street,,153329844.0,116
7982,Sweet Bean,https://www.metacritic.com/movie/sweet-bean,,,113
7983,Sweet Country,https://www.metacritic.com/movie/sweet-country,4000000.0,2291545.0,113
7984,Sweet Girl,https://www.metacritic.com/movie/sweet-girl,,,96
7985,Sweet Home Alabama,https://www.metacritic.com/movie/sweet-home-alabama,38000000.0,182365114.0,108
7986,Sweet Land,https://www.metacritic.com/movie/sweet-land,,,110
7987,Sweet November,https://www.metacritic.com/movie/sweet-november,40000000.0,65754228.0,119
7988,Sweet Sixteen,https://www.metacritic.com/movie/sweet-sixteen,,1448300.0,106
7989,Sweet Thing,https://www.metacritic.com/movie/sweet-thing,,1471.0,91
7990,Sweet Virginia,https://www.metacritic.com/movie/sweet-virginia,,18353.0,93
7991,Sweetgrass,https://www.metacritic.com/movie/sweetgrass,,,101
7992,Sweetwater,https://www.metacritic.com/movie/sweetwater,,,95
7993,Swept Away,https://www.metacritic.com/movie/swept-away,10000000.0,611032.0,89
7994,Swerve,https://www.metacritic.com/movie/swerve,,,86
7995,Swim Little Fish Swim,https://www.metacritic.com/movie/swim-little-fish-swim,,,95
7996,Swimfan,https://www.metacritic.com/movie/swimfan,10000000.0,34084228.0,85
7997,Swimming,https://www.metacritic.com/movie/swimming,,,90
7998,Swimming Out Till the Sea Turns Blue,https://www.metacritic.com/movie/swimming-out-till-the-sea-turns-blue,,,112
7999,Swimming Pool,https://www.metacritic.com/movie/swimming-pool,7800000.0,24021282.0,102
8000,Swimming Upstream,https://www.metacritic.com/movie/swimming-upstream,,,114
8001,Swimming with Men,https://www.metacritic.com/movie/swimming-with-men,,1326415.0,96
8002,Swing,https://www.metacritic.com/movie/swing,,,98
8003,Swing Vote,https://www.metacritic.com/movie/swing-vote,21000000.0,17589867.0,120
8004,Swiri,https://www.metacritic.com/movie/swiri,,,125
8005,Swiss Army Man,https://www.metacritic.com/movie/swiss-army-man,3000000.0,5837111.0,97
8006,Sword of Trust,https://www.metacritic.com/movie/sword-of-trust,,,88
8007,Swordfish,https://www.metacritic.com/movie/swordfish,80000000.0,147080413.0,99
8008,Sworn Virgin,https://www.metacritic.com/movie/sworn-virgin,,,84
8009,S#x Acts,https://www.metacritic.com/movie/sx-acts,,,100
8010,Sydney White,https://www.metacritic.com/movie/sydney-white,16500000.0,13636339.0,108
8011,Sylvia,https://www.metacritic.com/movie/sylvia,,2904137.0,110
8012,Sylvie's Love,https://www.metacritic.com/movie/sylvies-love,,,114
8013,Sylvio,https://www.metacritic.com/movie/sylvio,,,80
8014,Sympathy for Delicious,https://www.metacritic.com/movie/sympathy-for-delicious,,,96
8015,Sympathy for Mr. Vengeance,https://www.metacritic.com/movie/sympathy-for-mr-vengeance,,,129
8016,Synchronic,https://www.metacritic.com/movie/synchronic,,1336616.0,102
8017,Synchronicity,https://www.metacritic.com/movie/synchronicity,,,101
8018,Syndromes and a Century,https://www.metacritic.com/movie/syndromes-and-a-century,,,105
8019,"Synecdoche, New York",https://www.metacritic.com/movie/synecdoche-new-york,20000000.0,4383538.0,124
8020,Synonyms,https://www.metacritic.com/movie/synonyms,,,123
8021,Syriana,https://www.metacritic.com/movie/syriana,50000000.0,92690959.0,126
8022,T2 Trainspotting,https://www.metacritic.com/movie/t2-trainspotting,18000000.0,42137612.0,117
8023,Tab Hunter Confidential,https://www.metacritic.com/movie/tab-hunter-confidential,,,90
8024,Table 19,https://www.metacritic.com/movie/table-19,5000000.0,4620399.0,87
8025,Tabloid,https://www.metacritic.com/movie/tabloid,,,88
8026,Taboo,https://www.metacritic.com/movie/taboo,,,100
8027,Tabu,https://www.metacritic.com/movie/tabu,,,118
8028,Tadpole,https://www.metacritic.com/movie/tadpole,150000.0,3270128.0,78
8029,Tae Guk Gi: The Brotherhood of War,https://www.metacritic.com/movie/tae-guk-gi-the-brotherhood-of-war,,,140
8030,Tag,https://www.metacritic.com/movie/tag,28000000.0,77024944.0,100
8031,Tai Chi Zero,https://www.metacritic.com/movie/tai-chi-zero,,24790553.0,98
8032,Take,https://www.metacritic.com/movie/take,,,98
8033,Take Care,https://www.metacritic.com/movie/take-care,,,94
8034,Take Every Wave: The Life of Laird Hamilton,https://www.metacritic.com/movie/take-every-wave-the-life-of-laird-hamilton,,192407.0,118
8035,Take Me,https://www.metacritic.com/movie/take-me,,,83
8036,Take Me Home Tonight,https://www.metacritic.com/movie/take-me-home-tonight,19000000.0,7576604.0,114
8037,Take Me Somewhere Nice,https://www.metacritic.com/movie/take-me-somewhere-nice,,,91
8038,Take Me to the River,https://www.metacritic.com/movie/take-me-to-the-river,,,95
8039,Take Me to the River,https://www.metacritic.com/movie/take-me-to-the-river-2015,,,84
8040,Take My Eyes,https://www.metacritic.com/movie/take-my-eyes,,,109
8041,Take Shelter,https://www.metacritic.com/movie/take-shelter,4750000.0,4972016.0,120
8042,Take the Lead,https://www.metacritic.com/movie/take-the-lead,30000000.0,65390493.0,118
8043,Take This Waltz,https://www.metacritic.com/movie/take-this-waltz,,4863332.0,116
8044,Taken,https://www.metacritic.com/movie/taken,25000000.0,226941585.0,93
8045,Taken 2,https://www.metacritic.com/movie/taken-2,45000000.0,377807404.0,92
8046,Taken 3,https://www.metacritic.com/movie/taken-3,48000000.0,327656424.0,109
8047,Takers,https://www.metacritic.com/movie/takers,32000000.0,70587268.0,107
8048,Taking Lives,https://www.metacritic.com/movie/taking-lives,,64232363.0,103
8049,Taking Sides,https://www.metacritic.com/movie/taking-sides,,1039930.0,108
8050,Taking Woodstock,https://www.metacritic.com/movie/taking-woodstock,29000000.0,10066366.0,120
8051,Tale of Tales,https://www.metacritic.com/movie/tale-of-tales,,,133
8052,Tales from Earthsea,https://www.metacritic.com/movie/tales-from-earthsea,,,115
8053,Tales from the Golden Age,https://www.metacritic.com/movie/tales-from-the-golden-age,,,155
8054,Tales of Erotica,https://www.metacritic.com/movie/tales-of-erotica,,,
8055,Tales of the Grim Sleeper,https://www.metacritic.com/movie/tales-of-the-grim-sleeper,,,110
8056,Tales of the Night,https://www.metacritic.com/movie/tales-of-the-night,,,84
8057,Tales of the Rat Fink,https://www.metacritic.com/movie/tales-of-the-rat-fink,,,78
8058,Talk to Her,https://www.metacritic.com/movie/talk-to-her,,,112
8059,Talk to Me,https://www.metacritic.com/movie/talk-to-me,,4755905.0,118
8060,Talladega Nights: The Ballad of Ricky Bobby,https://www.metacritic.com/movie/talladega-nights-the-ballad-of-ricky-bobby,73000000.0,162870525.0,108
8061,Tallulah,https://www.metacritic.com/movie/tallulah,6000000.0,,111
8062,Tamala 2010: A Punk Cat in Space,https://www.metacritic.com/movie/tamala-2010-a-punk-cat-in-space,,,92
8063,Tamara,https://www.metacritic.com/movie/tamara,,,98
8064,Tamara Drewe,https://www.metacritic.com/movie/tamara-drewe,,6727750.0,111
8065,Tammy,https://www.metacritic.com/movie/tammy,20000000.0,96407655.0,97
8066,Tammy's Always Dying,https://www.metacritic.com/movie/tammys-always-dying,,,85
8067,Tangerine,https://www.metacritic.com/movie/tangerine,,935900.0,88
8068,Tangerines,https://www.metacritic.com/movie/tangerines,,,87
8069,Tangled,https://www.metacritic.com/movie/tangled,260000000.0,584899819.0,100
8070,Tank 432,https://www.metacritic.com/movie/tank-432,,,88
8071,Tanna,https://www.metacritic.com/movie/tanna,,574050.0,100
8072,Tanner Hall,https://www.metacritic.com/movie/tanner-hall,3000000.0,,95
8073,Tape,https://www.metacritic.com/movie/tape,,,86
8074,Tape,https://www.metacritic.com/movie/tape-2020,,,98
8075,Tarnation,https://www.metacritic.com/movie/tarnation,400000.0,1162014.0,88
8076,Tasting Menu,https://www.metacritic.com/movie/tasting-menu,,,85
8077,Tattoo,https://www.metacritic.com/movie/tattoo,,,108
8078,Taxi,https://www.metacritic.com/movie/taxi,,68109966.0,97
8079,Taxi to the Dark Side,https://www.metacritic.com/movie/taxi-to-the-dark-side,1000000.0,304472.0,106
8080,Taxidermia,https://www.metacritic.com/movie/taxidermia,,,91
8081,Tchoupitoulas,https://www.metacritic.com/movie/tchoupitoulas,,,80
8082,Te Ata,https://www.metacritic.com/movie/te-ata,,,105
8083,Tea with the Dames,https://www.metacritic.com/movie/tea-with-the-dames,,,84
8084,Teacher's Pet,https://www.metacritic.com/movie/teachers-pet,,,74
8085,Team America: World Police,https://www.metacritic.com/movie/team-america-world-police,20000000.0,50948811.0,98
8086,Tears of the Black Tiger,https://www.metacritic.com/movie/tears-of-the-black-tiger,,,110
8087,Tears of the Sun,https://www.metacritic.com/movie/tears-of-the-sun,75000000.0,85632458.0,121
8088,Ted,https://www.metacritic.com/movie/ted,50000000.0,556016627.0,106
8089,Ted 2,https://www.metacritic.com/movie/ted-2,68000000.0,217214143.0,115
8090,Ted Bundy,https://www.metacritic.com/movie/ted-bundy,,,99
8091,Teddy Bear,https://www.metacritic.com/movie/teddy-bear,,,92
8092,Teddy Bears' Picnic,https://www.metacritic.com/movie/teddy-bears-picnic,,,80
8093,Teen Spirit,https://www.metacritic.com/movie/teen-spirit,16000000.0,1573603.0,93
8094,Teen Titans Go! To the Movies,https://www.metacritic.com/movie/teen-titans-go!-to-the-movies,10000000.0,51620593.0,84
8095,Teenage,https://www.metacritic.com/movie/teenage,,,78
8096,Teenage Mutant Ninja Turtles,https://www.metacritic.com/movie/teenage-mutant-ninja-turtles,125000000.0,485004754.0,101
8097,Teenage Mutant Ninja Turtles: Out of the Shadows,https://www.metacritic.com/movie/teenage-mutant-ninja-turtles-2,135000000.0,245328374.0,112
8098,Teeth,https://www.metacritic.com/movie/teeth,2000000.0,2350641.0,94
8099,Tehran Taboo,https://www.metacritic.com/movie/tehran-taboo,,339464.0,90
8100,Tekkon kinkurîto,https://www.metacritic.com/movie/tekkon-kinkurito,,,111
8101,Teknolust,https://www.metacritic.com/movie/teknolust,,,85
8102,Tel Aviv on Fire,https://www.metacritic.com/movie/tel-aviv-on-fire,,1809679.0,100
8103,Tell It to the Bees,https://www.metacritic.com/movie/tell-it-to-the-bees,,151170.0,108
8104,Tell Me Something,https://www.metacritic.com/movie/tell-me-something,,,118
8105,Tell Me Who I Am,https://www.metacritic.com/movie/tell-me-who-i-am,,,85
8106,Tell No One,https://www.metacritic.com/movie/tell-no-one,,,131
8107,Tell Them Who You Are,https://www.metacritic.com/movie/tell-them-who-you-are,,,95
8108,Temblores,https://www.metacritic.com/movie/temblores,,124106.0,107
8109,Tempestad,https://www.metacritic.com/movie/tempestad,,,105
8110,Ten,https://www.metacritic.com/movie/ten,,,94
8111,Ten Canoes,https://www.metacritic.com/movie/ten-canoes,,,90
8112,Ten Thousand Saints,https://www.metacritic.com/movie/ten-thousand-saints,,,113
8113,Ten9Eight: Shoot for the Moon,https://www.metacritic.com/movie/ten9eight-shoot-for-the-moon,,,84
8114,Tenacious D in The Pick of Destiny,https://www.metacritic.com/movie/tenacious-d-in-the-pick-of-destiny,,13434575.0,93
8115,Tenet,https://www.metacritic.com/movie/tenet,205000000.0,362450957.0,150
8116,Tennessee,https://www.metacritic.com/movie/tennessee,,,
8117,Terminal,https://www.metacritic.com/movie/terminal,,626799.0,95
8118,Terminator 3: Rise of the Machines,https://www.metacritic.com/movie/terminator-3-rise-of-the-machines,170000000.0,433058296.0,109
8119,Terminator: Dark Fate,https://www.metacritic.com/movie/terminator-dark-fate,185000000.0,250372367.0,128
8120,Terminator Genisys,https://www.metacritic.com/movie/terminator-genisys,155000000.0,432150894.0,126
8121,Terminator Salvation,https://www.metacritic.com/movie/terminator-salvation,200000000.0,365491792.0,115
8122,Terms and Conditions May Apply,https://www.metacritic.com/movie/terms-and-conditions-may-apply,,89117.0,79
8123,Terraferma,https://www.metacritic.com/movie/terraferma,,,88
8124,Terri,https://www.metacritic.com/movie/terri,,,105
8125,Terribly Happy,https://www.metacritic.com/movie/terribly-happy,,,90
8126,(T)error,https://www.metacritic.com/movie/terror,,,
8127,Terror's Advocate,https://www.metacritic.com/movie/terrors-advocate,,,135
8128,Tesla,https://www.metacritic.com/movie/tesla,,379110.0,102
8129,Tesnota (Closeness),https://www.metacritic.com/movie/tesnota-closeness,,,118
8130,Test,https://www.metacritic.com/movie/test,250000.0,,89
8131,Test Pattern,https://www.metacritic.com/movie/test-pattern,,,82
8132,Testament of Youth,https://www.metacritic.com/movie/testament-of-youth,10000000.0,6646669.0,129
8133,Testosterone,https://www.metacritic.com/movie/testosterone,,,105
8134,Tetro,https://www.metacritic.com/movie/tetro,,,127
8135,Texas Chainsaw 3D,https://www.metacritic.com/movie/texas-chainsaw-3d,20000000.0,47666013.0,92
8136,Texas Killing Fields,https://www.metacritic.com/movie/texas-killing-fields,,1686991.0,105
8137,Texas Rangers,https://www.metacritic.com/movie/texas-rangers,38000000.0,,90
8138,Thank You for Smoking,https://www.metacritic.com/movie/thank-you-for-smoking,7500000.0,40016662.0,92
8139,Thank You for Your Service,https://www.metacritic.com/movie/thank-you-for-your-service-2017,20000000.0,9985316.0,109
8140,Thanks for Sharing,https://www.metacritic.com/movie/thanks-for-sharing,,3818604.0,112
8141,That Awkward Moment,https://www.metacritic.com/movie/that-awkward-moment,8000000.0,53068955.0,94
8142,That Demon Within,https://www.metacritic.com/movie/that-demon-within,,,111
8143,That Evening Sun,https://www.metacritic.com/movie/that-evening-sun,,,110
8144,That Man: Peter Berlin,https://www.metacritic.com/movie/that-man-peter-berlin,,,80
8145,That Sugar Film,https://www.metacritic.com/movie/that-sugar-film,,2382983.0,90
8146,That Summer,https://www.metacritic.com/movie/that-summer,,44666.0,80
8147,That's My Boy,https://www.metacritic.com/movie/thats-my-boy,57500000.0,58879681.0,116
8148,That's What I Am,https://www.metacritic.com/movie/thats-what-i-am,,,101
8149,That's What She Said,https://www.metacritic.com/movie/thats-what-she-said,,,84
8150,The 100-Year-Old Man Who Climbed Out the Window and Disappeared,https://www.metacritic.com/movie/the-100-year-old-man-who-climbed-out-the-window-and-disappeared,,,114
8151,The 11th Hour,https://www.metacritic.com/movie/the-11th-hour,,,95
8152,The 11th Hour,https://www.metacritic.com/movie/the-11th-hour-2015,,,97
8153,The 12th Man,https://www.metacritic.com/movie/the-12th-man,,,135
8154,The 15:17 to Paris,https://www.metacritic.com/movie/the-1517-to-paris,30000000.0,56096200.0,94
8155,The 24th,https://www.metacritic.com/movie/the-24th,,,113
8156,The 33,https://www.metacritic.com/movie/the-33,25000000.0,28287489.0,127
8157,The 40 Year Old Virgin,https://www.metacritic.com/movie/the-40-year-old-virgin,26000000.0,176276839.0,116
8158,The 5th Wave,https://www.metacritic.com/movie/the-5th-wave,38000000.0,111336398.0,112
8159,The 6th Day,https://www.metacritic.com/movie/the-6th-day,82000000.0,96024898.0,123
8160,The 9th Life of Louis Drax,https://www.metacritic.com/movie/the-9th-life-of-louis-drax,,509487.0,108
8161,The A-Team,https://www.metacritic.com/movie/the-a-team,110000000.0,177241171.0,117
8162,The Abandoned,https://www.metacritic.com/movie/the-abandoned,,,99
8163,The Abandoned,https://www.metacritic.com/movie/the-abandoned-2016,,,86
8164,The ABCs of Death,https://www.metacritic.com/movie/the-abcs-of-death,,35136.0,123
8165,The Accountant,https://www.metacritic.com/movie/the-accountant,40000000.0,152962083.0,128
8166,The Act of Killing,https://www.metacritic.com/movie/the-act-of-killing,1000000.0,1227316.0,115
8167,The Addams Family 2,https://www.metacritic.com/movie/the-addams-family-2,,119792619.0,
8168,The Addams Family,https://www.metacritic.com/movie/the-addams-family-2019,24000000.0,200612027.0,86
8169,The Adderall Diaries,https://www.metacritic.com/movie/the-adderall-diaries,,,87
8170,The Adjustment Bureau,https://www.metacritic.com/movie/the-adjustment-bureau,50200000.0,126931325.0,99
8171,The Adventurer: The Curse of the Midas Box,https://www.metacritic.com/movie/the-adventurer-the-curse-of-the-midas-box,25000000.0,,
8172,The Adventures of Felix,https://www.metacritic.com/movie/the-adventures-of-felix,,,95
8173,The Adventures of Pluto Nash,https://www.metacritic.com/movie/the-adventures-of-pluto-nash,100000000.0,7094995.0,95
8174,The Adventures of Rocky & Bullwinkle,https://www.metacritic.com/movie/the-adventures-of-rocky-bullwinkle,76000000.0,35129610.0,
8175,The Adventures of Sharkboy and Lavagirl 3-D,https://www.metacritic.com/movie/the-adventures-of-sharkboy-and-lavagirl-3-d,,,93
8176,The Adventures of Tintin,https://www.metacritic.com/movie/the-adventures-of-tintin,130000000.0,373993951.0,107
8177,The Aeronauts,https://www.metacritic.com/movie/the-aeronauts,80000000.0,6628720.0,100
8178,The Affair,https://www.metacritic.com/movie/the-affair,,,104
8179,The Affair of the Necklace,https://www.metacritic.com/movie/the-affair-of-the-necklace,,,118
8180,The Aftermath,https://www.metacritic.com/movie/the-aftermath,,8242415.0,108
8181,The Age of Adaline,https://www.metacritic.com/movie/the-age-of-adaline,30000000.0,68984536.0,112
8182,The Age of Shadows,https://www.metacritic.com/movie/the-age-of-shadows,,51948102.0,140
8183,The Aggressives,https://www.metacritic.com/movie/the-aggressives,,,75
8184,The Agony and the Ecstasy of Phil Spector,https://www.metacritic.com/movie/the-agony-and-the-ecstasy-of-phil-spector,,,102
8185,The Agronomist,https://www.metacritic.com/movie/the-agronomist,,254346.0,90
8186,The Air I Breathe,https://www.metacritic.com/movie/the-air-i-breathe,,,95
8187,The Alamo,https://www.metacritic.com/movie/the-alamo,92000000.0,23911362.0,137
8188,The Almost Man,https://www.metacritic.com/movie/the-almost-man,,,75
8189,The Alpinist,https://www.metacritic.com/movie/the-alpinist,,1290084.0,82
8190,The Amati Girls,https://www.metacritic.com/movie/the-amati-girls,,,91
8191,The Amazing Johnathan Documentary,https://www.metacritic.com/movie/the-amazing-johnathan-documentary,,27672.0,91
8192,The Amazing Spider-Man,https://www.metacritic.com/movie/the-amazing-spider-man,220000000.0,757890267.0,136
8193,The Amazing Spider-Man 2,https://www.metacritic.com/movie/the-amazing-spider-man-2,200000000.0,708996336.0,142
8194,The Amazing Truth About Queen Raquela,https://www.metacritic.com/movie/the-amazing-truth-about-queen-raquela,,,80
8195,The Ambassador,https://www.metacritic.com/movie/the-ambassador,,,
8196,The American,https://www.metacritic.com/movie/the-american,20000000.0,67950723.0,105
8197,The American Astronaut,https://www.metacritic.com/movie/the-american-astronaut,,,91
8198,The American Meme,https://www.metacritic.com/movie/the-american-meme,,,98
8199,The Amityville Horror,https://www.metacritic.com/movie/the-amityville-horror,18500000.0,109175673.0,90
8200,The Amusement Park,https://www.metacritic.com/movie/the-amusement-park,,,54
8201,The Anarchist Cookbook,https://www.metacritic.com/movie/the-anarchist-cookbook,,,101
8202,The Angels' Share,https://www.metacritic.com/movie/the-angels-share,,4835585.0,101
8203,The Angriest Man in Brooklyn,https://www.metacritic.com/movie/the-angriest-man-in-brooklyn,,127167.0,83
8204,The Angry Birds Movie,https://www.metacritic.com/movie/the-angry-birds-movie,73000000.0,352327887.0,97
8205,The Angry Birds Movie 2,https://www.metacritic.com/movie/the-angry-birds-movie-2,65000000.0,152018812.0,97
8206,The Animal,https://www.metacritic.com/movie/the-animal,22000000.0,,84
8207,The Animation Show 2005,https://www.metacritic.com/movie/the-animation-show-2005,,,85
8208,The Anniversary Party,https://www.metacritic.com/movie/the-anniversary-party,,4898065.0,115
8209,The Anomaly,https://www.metacritic.com/movie/the-anomaly,,105632.0,97
8210,The Answer Man,https://www.metacritic.com/movie/the-answer-man,,49175.0,95
8211,The Ant Bully,https://www.metacritic.com/movie/the-ant-bully,45000000.0,49610898.0,88
8212,The Apostate,https://www.metacritic.com/movie/the-apostate,,,80
8213,The Apparition,https://www.metacritic.com/movie/the-apparition,17000000.0,10637281.0,82
8214,The Apparition,https://www.metacritic.com/movie/the-apparition-2018,,,144
8215,The Arbor,https://www.metacritic.com/movie/the-arbor,,,94
8216,The Architect,https://www.metacritic.com/movie/the-architect,,,82
8217,The Ardennes,https://www.metacritic.com/movie/the-ardennes,,,96
8218,The Aristocrats,https://www.metacritic.com/movie/the-aristocrats,,6702604.0,89
8219,The Armor of Light,https://www.metacritic.com/movie/the-armor-of-light,,,88
8220,The Armstrong Lie,https://www.metacritic.com/movie/the-armstrong-lie,,643885.0,124
8221,The Army of Crime,https://www.metacritic.com/movie/the-army-of-crime,,,139
8222,The Art of Getting By,https://www.metacritic.com/movie/the-art-of-getting-by,4000000.0,1989035.0,84
8223,The Art of Racing in the Rain,https://www.metacritic.com/movie/the-art-of-racing-in-the-rain,18000000.0,30997027.0,109
8224,The Art of Self-Defense,https://www.metacritic.com/movie/the-art-of-self-defense,,2414518.0,104
8225,The Art of the Steal,https://www.metacritic.com/movie/the-art-of-the-steal,,,101
8226,The Art of the Steal,https://www.metacritic.com/movie/the-art-of-the-steal-2014,,,90
8227,The Art of War,https://www.metacritic.com/movie/the-art-of-war,40000000.0,40390931.0,117
8228,The Artist,https://www.metacritic.com/movie/the-artist,16000000.0,128113644.0,100
8229,The Artist and the Model,https://www.metacritic.com/movie/the-artist-and-the-model,,,105
8230,The Artist's Wife,https://www.metacritic.com/movie/the-artists-wife,,26220.0,94
8231,The Aryan Couple,https://www.metacritic.com/movie/the-aryan-couple,,,120
8232,The Aspern Papers,https://www.metacritic.com/movie/the-aspern-papers,,63996.0,90
8233,The Assassin,https://www.metacritic.com/movie/the-assassin,,,105
8234,The Assassination of Jesse James by the Coward Robert Ford,https://www.metacritic.com/movie/the-assassination-of-jesse-james-by-the-coward-robert-ford,30000000.0,15313631.0,160
8235,The Assassination of Richard Nixon,https://www.metacritic.com/movie/the-assassination-of-richard-nixon,4600000.0,4880143.0,95
8236,The Assault,https://www.metacritic.com/movie/the-assault,,,91
8237,The Assignment,https://www.metacritic.com/movie/the-assignment,,601082.0,95
8238,The Assistant,https://www.metacritic.com/movie/the-assistant,1780000.0,1351375.0,87
8239,The Astronaut Farmer,https://www.metacritic.com/movie/the-astronaut-farmer,13000000.0,11141213.0,104
8240,The Attack,https://www.metacritic.com/movie/the-attack,,,102
8241,The Attorney,https://www.metacritic.com/movie/the-attorney,,,127
8242,The Audition,https://www.metacritic.com/movie/the-audition,,,99
8243,The Aura,https://www.metacritic.com/movie/the-aura,,,134
8244,The Auschwitz Report,https://www.metacritic.com/movie/the-auschwitz-report,,,94
8245,The Autobiography of Nicolae Ceausescu,https://www.metacritic.com/movie/the-autobiography-of-nicolae-ceausescu,,,180
8246,The Autopsy of Jane Doe,https://www.metacritic.com/movie/the-autopsy-of-jane-doe,,6152973.0,86
8247,The Avengers,https://www.metacritic.com/movie/the-avengers-2012,225000000.0,1515100211.0,143
8248,The Aviator,https://www.metacritic.com/movie/the-aviator,110000000.0,208370892.0,170
8249,The Awakening,https://www.metacritic.com/movie/the-awakening,4900000.0,6924321.0,107
8250,The B-Side: Elsa Dorfman's Portrait Photography,https://www.metacritic.com/movie/the-b-side-elsa-dorfmans-portrait-photography,,,76
8251,The Baader Meinhof Complex,https://www.metacritic.com/movie/the-baader-meinhof-complex,,,150
8252,The Babadook,https://www.metacritic.com/movie/the-babadook,2000000.0,7482387.0,93
8253,The Babymakers,https://www.metacritic.com/movie/the-babymakers,,256555.0,95
8254,The Babysitters,https://www.metacritic.com/movie/the-babysitters,,,88
8255,The Back-up Plan,https://www.metacritic.com/movie/the-back-up-plan,35000000.0,75281179.0,106
8256,The Backyard,https://www.metacritic.com/movie/the-backyard,,,80
8257,The Bad Batch,https://www.metacritic.com/movie/the-bad-batch,,182226.0,118
8258,The Bad Kids,https://www.metacritic.com/movie/the-bad-kids,,,101
8259,The Bad Lieutenant: Port of Call - New Orleans,https://www.metacritic.com/movie/the-bad-lieutenant-port-of-call---new-orleans,,,122
8260,The Bag Man,https://www.metacritic.com/movie/the-bag-man,,137271.0,108
8261,The Ballad of Bering Strait,https://www.metacritic.com/movie/the-ballad-of-bering-strait,,,98
8262,The Ballad of Buster Scruggs,https://www.metacritic.com/movie/the-ballad-of-buster-scruggs,,,133
8263,The Ballad of Genesis and Lady Jaye,https://www.metacritic.com/movie/the-ballad-of-genesis-and-lady-jaye,,,65
8264,The Ballad of Jack and Rose,https://www.metacritic.com/movie/the-ballad-of-jack-and-rose,1500000.0,1126258.0,112
8265,The Ballad of Lefty Brown,https://www.metacritic.com/movie/the-ballad-of-lefty-brown,,,111
8266,The Ballad of Ramblin' Jack,https://www.metacritic.com/movie/the-ballad-of-ramblin-jack,,,112
8267,The Band's Visit,https://www.metacritic.com/movie/the-bands-visit,,,87
8268,The Bang Bang Club,https://www.metacritic.com/movie/the-bang-bang-club,,138056.0,106
8269,The Banger Sisters,https://www.metacritic.com/movie/the-banger-sisters,10000000.0,38067218.0,98
8270,The Banishing,https://www.metacritic.com/movie/the-banishing,,226267.0,97
8271,The Banishment,https://www.metacritic.com/movie/the-banishment,,,157
8272,The Bank,https://www.metacritic.com/movie/the-bank,,,104
8273,The Banker,https://www.metacritic.com/movie/the-banker,11000000.0,2990000.0,120
8274,The Banshee Chapter,https://www.metacritic.com/movie/the-banshee-chapter,,,87
8275,The Barbarian Invasions,https://www.metacritic.com/movie/the-barbarian-invasions,,,99
8276,The Barber,https://www.metacritic.com/movie/the-barber,,,95
8277,The Basket,https://www.metacritic.com/movie/the-basket,1300000.0,,105
8278,The Battered Bastards of Baseball,https://www.metacritic.com/movie/the-battered-bastards-of-baseball,,,73
8279,The Battle of Shaker Heights,https://www.metacritic.com/movie/the-battle-of-shaker-heights,1000000.0,839145.0,79
8280,The Baxter,https://www.metacritic.com/movie/the-baxter,,,91
8281,The Bay,https://www.metacritic.com/movie/the-bay,,1545308.0,84
8282,The Baytown Outlaws,https://www.metacritic.com/movie/the-baytown-outlaws,,,98
8283,The Beach,https://www.metacritic.com/movie/the-beach,50000000.0,,119
8284,The Beach Bum,https://www.metacritic.com/movie/the-beach-bum,5000000.0,4267808.0,95
8285,The Beach House,https://www.metacritic.com/movie/the-beach-house,,68080.0,88
8286,The Beaches of Agnès,https://www.metacritic.com/movie/the-beaches-of-agnes,,,110
8287,The Beat That My Heart Skipped,https://www.metacritic.com/movie/the-beat-that-my-heart-skipped,,,108
8288,The Beatles: Eight Days a Week - The Touring Years,https://www.metacritic.com/movie/the-beatles-eight-days-a-week---the-touring-years,,,137
8289,The Beautiful City,https://www.metacritic.com/movie/the-beautiful-city,,,101
8290,The Beautiful Country,https://www.metacritic.com/movie/the-beautiful-country,,875108.0,125
8291,The Beauty Academy of Kabul,https://www.metacritic.com/movie/the-beauty-academy-of-kabul,,,74
8292,The Beaver,https://www.metacritic.com/movie/the-beaver,21000000.0,5046038.0,91
8293,The Bee Gees: How Can You Mend a Broken Heart,https://www.metacritic.com/movie/the-bee-gees-how-can-you-mend-a-broken-heart,,283826.0,111
8294,The Beguiled,https://www.metacritic.com/movie/the-beguiled,10000000.0,28039038.0,93
8295,The Believer,https://www.metacritic.com/movie/the-believer,1500000.0,1840248.0,102
8296,The Belko Experiment,https://www.metacritic.com/movie/the-belko-experiment,5000000.0,11792942.0,89
8297,The Benchwarmers,https://www.metacritic.com/movie/the-benchwarmers,35000000.0,65063726.0,80
8298,The Benefactor,https://www.metacritic.com/movie/the-benefactor,,2151028.0,93
8299,The Berlin File,https://www.metacritic.com/movie/the-berlin-file,,,120
8300,The Best and the Brightest,https://www.metacritic.com/movie/the-best-and-the-brightest,,,
8301,The Best Exotic Marigold Hotel,https://www.metacritic.com/movie/the-best-exotic-marigold-hotel,10000000.0,134639780.0,124
8302,The Best Man Holiday,https://www.metacritic.com/movie/the-best-man-holiday,17000000.0,72835710.0,123
8303,The Best of Enemies,https://www.metacritic.com/movie/the-best-of-enemies,10000000.0,10268749.0,133
8304,The Best of Me,https://www.metacritic.com/movie/the-best-of-me,26000000.0,41059418.0,118
8305,The Best of Youth,https://www.metacritic.com/movie/the-best-of-youth,,,180
8306,The Best Offer,https://www.metacritic.com/movie/the-best-offer,,,131
8307,The Beta Test,https://www.metacritic.com/movie/the-beta-test,,37539.0,94
8308,The Betrayal - Nerakhoon,https://www.metacritic.com/movie/the-betrayal---nerakhoon,,,96
8309,The Better Angels,https://www.metacritic.com/movie/the-better-angels,,,95
8310,The BFG,https://www.metacritic.com/movie/the-bfg,140000000.0,199646680.0,117
8311,The Big Bang,https://www.metacritic.com/movie/the-big-bang,,7300.0,
8312,The Big Bounce,https://www.metacritic.com/movie/the-big-bounce,50000000.0,6626115.0,88
8313,The Big Fix,https://www.metacritic.com/movie/the-big-fix,,,89
8314,The Big Kahuna,https://www.metacritic.com/movie/the-big-kahuna,,3713451.0,90
8315,The Big Picture,https://www.metacritic.com/movie/the-big-picture,,,114
8316,The Big Red One (re-release),https://www.metacritic.com/movie/the-big-red-one,,,113
8317,The Big Risk,https://www.metacritic.com/movie/the-big-risk,,,103
8318,The Big Short,https://www.metacritic.com/movie/the-big-short,28000000.0,133162752.0,130
8319,The Big Sick,https://www.metacritic.com/movie/the-big-sick,5000000.0,56868677.0,120
8320,The Big Tease,https://www.metacritic.com/movie/the-big-tease,4000000.0,,86
8321,The Big Ugly,https://www.metacritic.com/movie/the-big-ugly,,515399.0,106
8322,The Big Uneasy,https://www.metacritic.com/movie/the-big-uneasy,,,98
8323,The Big Wedding,https://www.metacritic.com/movie/the-big-wedding,32500000.0,48425971.0,89
8324,The Big Year,https://www.metacritic.com/movie/the-big-year,41000000.0,7684524.0,
8325,The Biggest Little Farm,https://www.metacritic.com/movie/the-biggest-little-farm,,6526378.0,91
8326,The Binge,https://www.metacritic.com/movie/the-binge,,,98
8327,The Birth of a Nation,https://www.metacritic.com/movie/the-birth-of-a-nation,10000000.0,16891011.0,120
8328,The Black Balloon,https://www.metacritic.com/movie/the-black-balloon,,,97
8329,The Black Dahlia,https://www.metacritic.com/movie/the-black-dahlia,60000000.0,49238525.0,121
8330,The Black Panthers: Vanguard of the Revolution,https://www.metacritic.com/movie/the-black-panthers-vanguard-of-the-revolution,,545450.0,115
8331,The Black Power Mixtape 1967-1975,https://www.metacritic.com/movie/the-black-power-mixtape-1967-1975,,,100
8332,The Black Tulip,https://www.metacritic.com/movie/the-black-tulip,,,116
8333,The Black Waters of Echo's Pond,https://www.metacritic.com/movie/the-black-waters-of-echos-pond,,,
8334,The Blackcoat's Daughter,https://www.metacritic.com/movie/the-blackcoats-daughter,,143545.0,93
8335,The Blazing World,https://www.metacritic.com/movie/the-blazing-world,,,101
8336,The Bleeding Edge,https://www.metacritic.com/movie/the-bleeding-edge,,,99
8337,The Blind Side,https://www.metacritic.com/movie/the-blind-side,35000000.0,305705794.0,129
8338,The Blind Swordsman: Zatoichi,https://www.metacritic.com/movie/the-blind-swordsman-zatoichi,,,116
8339,The Bling Ring,https://www.metacritic.com/movie/the-bling-ring,,12407491.0,90
8340,The Blonds,https://www.metacritic.com/movie/the-blonds,,,89
8341,The Blood of My Brother,https://www.metacritic.com/movie/the-blood-of-my-brother,,,
8342,The Blossoming of Maximo Oliveros,https://www.metacritic.com/movie/the-blossoming-of-maximo-oliveros,,,100
8343,The Blue Angel (re-release),https://www.metacritic.com/movie/the-blue-angel,,,124
8344,The Blue Room,https://www.metacritic.com/movie/the-blue-room,,,76
8345,The Body,https://www.metacritic.com/movie/the-body,,,109
8346,The Body Remembers When the World Broke Open,https://www.metacritic.com/movie/the-body-remembers-when-the-world-broke-open,,,105
8347,The Book of Eli,https://www.metacritic.com/movie/the-book-of-eli,80000000.0,158750817.0,118
8348,The Book of Henry,https://www.metacritic.com/movie/the-book-of-henry,,4379905.0,105
8349,The Book of Life,https://www.metacritic.com/movie/the-book-of-life,50000000.0,97651543.0,95
8350,The Book Thief,https://www.metacritic.com/movie/the-book-thief,19000000.0,76086711.0,131
8351,The Booksellers,https://www.metacritic.com/movie/the-booksellers,,177174.0,99
8352,The Bookshop,https://www.metacritic.com/movie/the-bookshop,,10353488.0,113
8353,The Boondock Saints II: All Saints Day,https://www.metacritic.com/movie/the-boondock-saints-ii-all-saints-day,,,118
8354,The Boss,https://www.metacritic.com/movie/the-boss,29000000.0,78652207.0,99
8355,The Boss Baby,https://www.metacritic.com/movie/the-boss-baby,125000000.0,527965936.0,97
8356,The Boss Baby: Family Business,https://www.metacritic.com/movie/the-boss-baby-family-business,82000000.0,146632547.0,107
8357,The Boss of It All,https://www.metacritic.com/movie/the-boss-of-it-all,,,99
8358,The Bounty Hunter,https://www.metacritic.com/movie/the-bounty-hunter,45000000.0,135808837.0,110
8359,The Bourne Identity,https://www.metacritic.com/movie/the-bourne-identity,60000000.0,214357371.0,119
8360,The Bourne Legacy,https://www.metacritic.com/movie/the-bourne-legacy,125000000.0,280355920.0,135
8361,The Bourne Supremacy,https://www.metacritic.com/movie/the-bourne-supremacy,85000000.0,311001124.0,108
8362,The Bourne Ultimatum,https://www.metacritic.com/movie/the-bourne-ultimatum,130000000.0,444043396.0,115
8363,The Box,https://www.metacritic.com/movie/the-box,25000000.0,34356760.0,115
8364,The Boxtrolls,https://www.metacritic.com/movie/the-boxtrolls,60000000.0,111898741.0,96
8365,The Boy,https://www.metacritic.com/movie/the-boy,10000000.0,68220952.0,97
8366,The Boy,https://www.metacritic.com/movie/the-boy-2015,,5356447.0,105
8367,The Boy and the Beast,https://www.metacritic.com/movie/the-boy-and-the-beast,,,119
8368,The Boy Downstairs,https://www.metacritic.com/movie/the-boy-downstairs,,75045.0,91
8369,The Boy from Medellín,https://www.metacritic.com/movie/the-boy-from-medellin,,,90
8370,The Boy in the Striped Pajamas,https://www.metacritic.com/movie/the-boy-in-the-striped-pajamas,,,94
8371,The Boy Next Door,https://www.metacritic.com/movie/the-boy-next-door,4000000.0,53401938.0,91
8372,The Boy Who Harnessed the Wind,https://www.metacritic.com/movie/the-boy-who-harnessed-the-wind,,,113
8373,The Boys Are Back,https://www.metacritic.com/movie/the-boys-are-back,,3209752.0,104
8374,The Boys & Girl from County Clare,https://www.metacritic.com/movie/the-boys-girl-from-county-clare,,,90
8375,The Boys in the Band,https://www.metacritic.com/movie/the-boys-in-the-band,,,121
8376,The Boys of Baraka,https://www.metacritic.com/movie/the-boys-of-baraka,,,84
8377,The Boys: The Sherman Brothers' Story,https://www.metacritic.com/movie/the-boys-the-sherman-brothers-story,,,101
8378,The Brand New Testament,https://www.metacritic.com/movie/the-brand-new-testament,,,114
8379,The Brass Teapot,https://www.metacritic.com/movie/the-brass-teapot,900000.0,413733.0,101
8380,The Brave One,https://www.metacritic.com/movie/the-brave-one,70000000.0,69792704.0,122
8381,"The Bread, My Sweet",https://www.metacritic.com/movie/the-bread-my-sweet,,,105
8382,The Breadwinner,https://www.metacritic.com/movie/the-breadwinner,,3266749.0,94
8383,The Break-Up,https://www.metacritic.com/movie/the-break-up,52000000.0,205727307.0,106
8384,The Breaker Upperers,https://www.metacritic.com/movie/the-breaker-upperers,,,90
8385,The Bridesmaid,https://www.metacritic.com/movie/the-bridesmaid,,,111
8386,The Bridge,https://www.metacritic.com/movie/the-bridge,,,94
8387,The Bridge of San Luis Rey,https://www.metacritic.com/movie/the-bridge-of-san-luis-rey,24000000.0,1696765.0,120
8388,The Brink,https://www.metacritic.com/movie/the-brink,,114721.0,91
8389,The Broken Circle Breakdown,https://www.metacritic.com/movie/the-broken-circle-breakdown,,3985226.0,111
8390,The Broken Hearts Club: A Romantic Comedy,https://www.metacritic.com/movie/the-broken-hearts-club-a-romantic-comedy,1000000.0,2022442.0,94
8391,The Broken Hearts Gallery,https://www.metacritic.com/movie/the-broken-hearts-gallery,,4779960.0,109
8392,The Broken Tower,https://www.metacritic.com/movie/the-broken-tower,,,99
8393,The Bronze,https://www.metacritic.com/movie/the-bronze,3500000.0,,100
8394,The Brooklyn Brothers Beat the Best,https://www.metacritic.com/movie/the-brooklyn-brothers-beat-the-best,,,98
8395,The Brothers,https://www.metacritic.com/movie/the-brothers,6000000.0,27958191.0,106
8396,The Brothers Bloom,https://www.metacritic.com/movie/the-brothers-bloom,20000000.0,5531756.0,114
8397,The Brothers Grimm,https://www.metacritic.com/movie/the-brothers-grimm,80000000.0,105299638.0,118
8398,The Brothers Grimsby,https://www.metacritic.com/movie/the-brothers-grimsby,35000000.0,28720470.0,83
8399,The Brothers Solomon,https://www.metacritic.com/movie/the-brothers-solomon,10000000.0,,93
8400,The Brown Bunny,https://www.metacritic.com/movie/the-brown-bunny,10000000.0,630427.0,93
8401,The Bubble,https://www.metacritic.com/movie/the-bubble,,,117
8402,The Bucket List,https://www.metacritic.com/movie/the-bucket-list,45000000.0,174807445.0,97
8403,Bully,https://www.metacritic.com/movie/the-bully-project,,,98
8404,The Burning Plain,https://www.metacritic.com/movie/the-burning-plain,20000000.0,1167092.0,107
8405,The Burnt Orange Heresy,https://www.metacritic.com/movie/the-burnt-orange-heresy,,702376.0,99
8406,The Business of Being Born,https://www.metacritic.com/movie/the-business-of-being-born,,,87
8407,The Business of Fancydancing,https://www.metacritic.com/movie/the-business-of-fancydancing,200000.0,,103
8408,The Business of Strangers,https://www.metacritic.com/movie/the-business-of-strangers,6000000.0,1290920.0,84
8409,La Soga (The Butcher's Son),https://www.metacritic.com/movie/the-butchers-son,,,102
8410,The Butterfly,https://www.metacritic.com/movie/the-butterfly,,,85
8411,The Butterfly Effect,https://www.metacritic.com/movie/the-butterfly-effect,13000000.0,95638592.0,113
8412,The Bye Bye Man,https://www.metacritic.com/movie/the-bye-bye-man,7400000.0,31187727.0,96
8413,The Cabin in the Woods,https://www.metacritic.com/movie/the-cabin-in-the-woods,30000000.0,70683134.0,95
8414,The Cage Fighter,https://www.metacritic.com/movie/the-cage-fighter,,,81
8415,The Cake Eaters,https://www.metacritic.com/movie/the-cake-eaters,,,86
8416,The Cakemaker,https://www.metacritic.com/movie/the-cakemaker,,1274536.0,113
8417,The Call,https://www.metacritic.com/movie/the-call,12800000.0,69821476.0,94
8418,The Call of the Wild,https://www.metacritic.com/movie/the-call-of-the-wild,125000000.0,107360936.0,100
8419,The Calling,https://www.metacritic.com/movie/the-calling,,,108
8420,The Camden 28,https://www.metacritic.com/movie/the-camden-28,,,83
8421,The Campaign,https://www.metacritic.com/movie/the-campaign-2012,95000000.0,104907746.0,85
8422,The Canyons,https://www.metacritic.com/movie/the-canyons,250000.0,62375.0,99
8423,The Capote Tapes,https://www.metacritic.com/movie/the-capote-tapes,,,98
8424,The Captain,https://www.metacritic.com/movie/the-captain,,,118
8425,The Captive,https://www.metacritic.com/movie/the-captive-2014,,727767.0,112
8426,The Card Counter,https://www.metacritic.com/movie/the-card-counter,,4270338.0,109
8427,The Cartel,https://www.metacritic.com/movie/the-cartel,,,90
8428,The Case Against 8,https://www.metacritic.com/movie/the-case-against-8,,5365.0,109
8429,The Cat in the Hat,https://www.metacritic.com/movie/the-cat-in-the-hat,,,82
8430,The Cat Returns (2002),https://www.metacritic.com/movie/the-cat-returns-2002,,,75
8431,The Catcher Was a Spy,https://www.metacritic.com/movie/the-catcher-was-a-spy,,796706.0,98
8432,The Catechism Cataclysm,https://www.metacritic.com/movie/the-catechism-cataclysm,,,75
8433,The Cat's Meow,https://www.metacritic.com/movie/the-cats-meow,,,114
8434,The Cats of Mirikitani,https://www.metacritic.com/movie/the-cats-of-mirikitani,,,74
8435,The Cave,https://www.metacritic.com/movie/the-cave,30000000.0,27147991.0,97
8436,The Cave,https://www.metacritic.com/movie/the-cave-2019,,160219.0,107
8437,The Cave of the Yellow Dog,https://www.metacritic.com/movie/the-cave-of-the-yellow-dog,,,93
8438,The Caveman's Valentine,https://www.metacritic.com/movie/the-cavemans-valentine,13500000.0,892506.0,105
8439,The Celestine Prophecy,https://www.metacritic.com/movie/the-celestine-prophecy,,1276994.0,99
8440,The Cell,https://www.metacritic.com/movie/the-cell,35000000.0,85911226.0,107
8441,The Center of the World,https://www.metacritic.com/movie/the-center-of-the-world,,1496037.0,88
8442,The Central Park Five,https://www.metacritic.com/movie/the-central-park-five,,,119
8443,The Challenge,https://www.metacritic.com/movie/the-challenge,,,69
8444,The Chambermaid,https://www.metacritic.com/movie/the-chambermaid,,,102
8445,The Change-Up,https://www.metacritic.com/movie/the-change-up,52000000.0,75997067.0,112
8446,The Changeover,https://www.metacritic.com/movie/the-changeover,,112648.0,95
8447,The Chaperone,https://www.metacritic.com/movie/the-chaperone,,,103
8448,The Chaperone,https://www.metacritic.com/movie/the-chaperone-2019,,1426419.0,103
8449,The Chaser,https://www.metacritic.com/movie/the-chaser,,,125
8450,The Château,https://www.metacritic.com/movie/the-chateau,,,91
8451,The Cherry Orchard,https://www.metacritic.com/movie/the-cherry-orchard,,,141
8452,The Childhood of a Leader,https://www.metacritic.com/movie/the-childhood-of-a-leader,,240099.0,115
8453,The Children Act,https://www.metacritic.com/movie/the-children-act,,14035592.0,105
8454,The Children of Huang Shi,https://www.metacritic.com/movie/the-children-of-huang-shi,20000000.0,8221700.0,125
8455,The Children of the Century,https://www.metacritic.com/movie/the-children-of-the-century,,,135
8456,The China Hustle,https://www.metacritic.com/movie/the-china-hustle,,,82
8457,The Choice,https://www.metacritic.com/movie/the-choice,,24324476.0,111
8458,The Chorus,https://www.metacritic.com/movie/the-chorus,,,97
8459,The Christmas Candle,https://www.metacritic.com/movie/the-christmas-candle,7000000.0,1933829.0,100
8460,The Christmas Chronicles,https://www.metacritic.com/movie/the-christmas-chronicles,,,104
8461,The Christmas Chronicles 2,https://www.metacritic.com/movie/the-christmas-chronicles-2,,,112
8462,The Chronicles of Narnia: Prince Caspian,https://www.metacritic.com/movie/the-chronicles-of-narnia-prince-caspian,225000000.0,417341288.0,150
8463,"The Chronicles of Narnia: The Lion, the Witch and the Wardrobe",https://www.metacritic.com/movie/the-chronicles-of-narnia-the-lion-the-witch-and-the-wardrobe,180000000.0,720539572.0,143
8464,The Chronicles of Narnia: The Voyage of the Dawn Treader,https://www.metacritic.com/movie/the-chronicles-of-narnia-the-voyage-of-the-dawn-treader,155000000.0,418186950.0,113
8465,The Chronicles of Riddick,https://www.metacritic.com/movie/the-chronicles-of-riddick,120000000.0,107212751.0,119
8466,The Chumscrubber,https://www.metacritic.com/movie/the-chumscrubber,6800000.0,,108
8467,The Circle,https://www.metacritic.com/movie/the-circle,,,90
8468,The Circle,https://www.metacritic.com/movie/the-circle-2014,,,102
8469,The Circle,https://www.metacritic.com/movie/the-circle-2017,18000000.0,40651864.0,110
8470,The City of Your Final Destination,https://www.metacritic.com/movie/the-city-of-your-final-destination,8300000.0,1353296.0,118
8471,The Claim,https://www.metacritic.com/movie/the-claim,13000000.0,1375635.0,120
8472,The Clan,https://www.metacritic.com/movie/the-clan,,,110
8473,The Clapper,https://www.metacritic.com/movie/the-clapper,,6959.0,89
8474,The Class,https://www.metacritic.com/movie/the-class,,,128
8475,The Clay Bird,https://www.metacritic.com/movie/the-clay-bird,,,94
8476,The Cleaners,https://www.metacritic.com/movie/the-cleaners,,50984.0,88
8477,The Clearing,https://www.metacritic.com/movie/the-clearing,,7863875.0,95
8478,The Climb,https://www.metacritic.com/movie/the-climb,,716634.0,98
8479,The Closer You Get,https://www.metacritic.com/movie/the-closer-you-get,,,90
8480,The Closet,https://www.metacritic.com/movie/the-closet,,,84
8481,The Clovehitch Killer,https://www.metacritic.com/movie/the-clovehitch-killer,,158621.0,109
8482,The Cloverfield Paradox,https://www.metacritic.com/movie/the-cloverfield-paradox,,,102
8483,The Club,https://www.metacritic.com/movie/the-club,,,98
8484,The Cobbler,https://www.metacritic.com/movie/the-cobbler,,4161533.0,99
8485,The Cockettes,https://www.metacritic.com/movie/the-cockettes,,,100
8486,The Code,https://www.metacritic.com/movie/the-code,,,116
8487,The Cold Light of Day,https://www.metacritic.com/movie/the-cold-light-of-day,20000000.0,25361206.0,93
8488,The Collection,https://www.metacritic.com/movie/the-collection,10000000.0,8890094.0,82
8489,The Collector,https://www.metacritic.com/movie/the-collector,3000000.0,10473836.0,90
8490,The Colony,https://www.metacritic.com/movie/the-colony,,,95
8491,The Color of Paradise,https://www.metacritic.com/movie/the-color-of-paradise,,,90
8492,The Color of Time,https://www.metacritic.com/movie/the-color-of-time,,199.0,73
8493,The Color Wheel,https://www.metacritic.com/movie/the-color-wheel,,,83
8494,The Columnist,https://www.metacritic.com/movie/the-columnist,,,86
8495,The Comebacks,https://www.metacritic.com/movie/the-comebacks,,13539154.0,84
8496,The Comedian,https://www.metacritic.com/movie/the-comedian,15000000.0,,120
8497,The Comedy,https://www.metacritic.com/movie/the-comedy,,,90
8498,The Command,https://www.metacritic.com/movie/the-command,,,117
8499,The Commune,https://www.metacritic.com/movie/the-commune,,,111
8500,The Commuter,https://www.metacritic.com/movie/the-commuter,40000000.0,118509836.0,105
8501,The Company,https://www.metacritic.com/movie/the-company,15000000.0,3393606.0,112
8502,The Company Men,https://www.metacritic.com/movie/the-company-men,15000000.0,4569967.0,109
8503,The Company You Keep,https://www.metacritic.com/movie/the-company-you-keep,2000000.0,21087760.0,121
8504,The Competition,https://www.metacritic.com/movie/the-competition-2019,,,121
8505,The Concert,https://www.metacritic.com/movie/the-concert,,,119
8506,The Condemned,https://www.metacritic.com/movie/the-condemned,,,113
8507,The Condemned,https://www.metacritic.com/movie/the-condemned-2013,,,
8508,The Confirmation,https://www.metacritic.com/movie/the-confirmation,,33006.0,90
8509,The Congress,https://www.metacritic.com/movie/the-congress,,139974.0,122
8510,The Conjuring,https://www.metacritic.com/movie/the-conjuring,20000000.0,317744402.0,112
8511,The Conjuring 2,https://www.metacritic.com/movie/the-conjuring-2,,,134
8512,The Conjuring: The Devil Made Me Do It,https://www.metacritic.com/movie/the-conjuring-the-devil-made-me-do-it,40000000.0,200271845.0,112
8513,The Connection,https://www.metacritic.com/movie/the-connection,,,135
8514,The Conquest,https://www.metacritic.com/movie/the-conquest,,,105
8515,The Conspirator,https://www.metacritic.com/movie/the-conspirator,25000000.0,15907411.0,123
8516,The Constant Gardener,https://www.metacritic.com/movie/the-constant-gardener,25500000.0,86301599.0,129
8517,The Contender,https://www.metacritic.com/movie/the-contender,9000000.0,,126
8518,The Cookout,https://www.metacritic.com/movie/the-cookout,16000000.0,,97
8519,The Cool School,https://www.metacritic.com/movie/the-cool-school,,,86
8520,The Cooler,https://www.metacritic.com/movie/the-cooler,4000000.0,11131455.0,101
8521,The Core,https://www.metacritic.com/movie/the-core,85000000.0,74120792.0,135
8522,The Corporation,https://www.metacritic.com/movie/the-corporation,,4843572.0,145
8523,The Cotton Club Encore,https://www.metacritic.com/movie/the-cotton-club-encore,,,139
8524,The Counselor,https://www.metacritic.com/movie/the-counselor,25000000.0,71009334.0,117
8525,The Count of Monte Cristo,https://www.metacritic.com/movie/the-count-of-monte-cristo,40000000.0,75389090.0,131
8526,The Counterfeiters,https://www.metacritic.com/movie/the-counterfeiters,,,98
8527,The Country Bears,https://www.metacritic.com/movie/the-country-bears,20000000.0,,88
8528,The County,https://www.metacritic.com/movie/the-county,,,92
8529,The Courier,https://www.metacritic.com/movie/the-courier-2020,,,112
8530,The Cove,https://www.metacritic.com/movie/the-cove,,1516214.0,92
8531,The Covenant,https://www.metacritic.com/movie/the-covenant,20000000.0,38164784.0,97
8532,The Craft: Legacy,https://www.metacritic.com/movie/the-craft-legacy,,2012769.0,97
8533,The Crash,https://www.metacritic.com/movie/the-crash,,,84
8534,The Crash Reel,https://www.metacritic.com/movie/the-crash-reel,,,108
8535,The Crazies,https://www.metacritic.com/movie/the-crazies,19000000.0,56445534.0,101
8536,The Creeping Garden,https://www.metacritic.com/movie/the-creeping-garden,,,81
8537,The Crew,https://www.metacritic.com/movie/the-crew,23000000.0,,88
8538,The Crime of Padre Amaro,https://www.metacritic.com/movie/the-crime-of-padre-amaro,,,118
8539,The Crimson Rivers,https://www.metacritic.com/movie/the-crimson-rivers,,,106
8540,The Crocodile Hunter: Collision Course,https://www.metacritic.com/movie/the-crocodile-hunter-collision-course,12500000.0,33436931.0,90
8541,The Croods,https://www.metacritic.com/movie/the-croods,135000000.0,573068425.0,98
8542,The Croods: A New Age,https://www.metacritic.com/movie/the-croods-a-new-age,65000000.0,214902998.0,95
8543,The Cuban,https://www.metacritic.com/movie/the-cuban,,,109
8544,The Cuckoo,https://www.metacritic.com/movie/the-cuckoo,,,99
8545,The Cult of the Suicide Bomber,https://www.metacritic.com/movie/the-cult-of-the-suicide-bomber,,,96
8546,The Cup,https://www.metacritic.com/movie/the-cup,,,93
8547,The Cured,https://www.metacritic.com/movie/the-cured,,104526.0,95
8548,The Curious Case of Benjamin Button,https://www.metacritic.com/movie/the-curious-case-of-benjamin-button,160000000.0,329631958.0,166
8549,The Current War: Director's Cut,https://www.metacritic.com/movie/the-current-war-directors-cut,30000000.0,12868552.0,108
8550,The Curse of Downers Grove,https://www.metacritic.com/movie/the-curse-of-downers-grove,2000000.0,,90
8551,The Curse of La Llorona,https://www.metacritic.com/movie/the-curse-of-la-llorona,9000000.0,123133739.0,93
8552,The Curse of the Jade Scorpion,https://www.metacritic.com/movie/the-curse-of-the-jade-scorpion,26000000.0,18496522.0,103
8553,The Cut,https://www.metacritic.com/movie/the-cut,,445451.0,138
8554,The D Train,https://www.metacritic.com/movie/the-d-train,3000000.0,772366.0,101
8555,The Da Vinci Code,https://www.metacritic.com/movie/the-da-vinci-code,125000000.0,767820459.0,149
8556,The Damned United,https://www.metacritic.com/movie/the-damned-united,6400000.0,4199874.0,98
8557,The Dance of Reality,https://www.metacritic.com/movie/the-dance-of-reality,,,130
8558,The Dancer,https://www.metacritic.com/movie/the-dancer,,,108
8559,The Dancer Upstairs,https://www.metacritic.com/movie/the-dancer-upstairs,,,132
8560,The Dangerous Lives of Altar Boys,https://www.metacritic.com/movie/the-dangerous-lives-of-altar-boys,12000000.0,,104
8561,The Danish Girl,https://www.metacritic.com/movie/the-danish-girl,,66542904.0,119
8562,The Darjeeling Limited,https://www.metacritic.com/movie/the-darjeeling-limited,,35077571.0,91
8563,Darkness,https://www.metacritic.com/movie/the-dark,10600000.0,34409206.0,102
8564,The Dark and the Wicked,https://www.metacritic.com/movie/the-dark-and-the-wicked,,483819.0,94
8565,The Dark Horse,https://www.metacritic.com/movie/the-dark-horse,,210379.0,124
8566,The Dark Knight,https://www.metacritic.com/movie/the-dark-knight,185000000.0,998615789.0,152
8567,The Dark Knight Rises,https://www.metacritic.com/movie/the-dark-knight-rises,230000000.0,1082228107.0,165
8568,The Dark Tower,https://www.metacritic.com/movie/the-dark-tower,66000000.0,113461527.0,95
8569,The Darkest Hour,https://www.metacritic.com/movie/the-darkest-hour,34800000.0,62831715.0,89
8570,The Darkest Minds,https://www.metacritic.com/movie/the-darkest-minds,34000000.0,38361428.0,104
8571,The Darkness,https://www.metacritic.com/movie/the-darkness,4000000.0,10904495.0,92
8572,The Daughter,https://www.metacritic.com/movie/the-daughter,,,96
8573,The Day,https://www.metacritic.com/movie/the-day,,24686.0,87
8574,The Day After,https://www.metacritic.com/movie/the-day-after,,,92
8575,The Day After Tomorrow,https://www.metacritic.com/movie/the-day-after-tomorrow,125000000.0,555840117.0,124
8576,The Day He Arrives,https://www.metacritic.com/movie/the-day-he-arrives,,,79
8577,The Day I Became a Woman,https://www.metacritic.com/movie/the-day-i-became-a-woman,,,78
8578,The Day Shall Come,https://www.metacritic.com/movie/the-day-shall-come,,551512.0,87
8579,The Day Silence Died,https://www.metacritic.com/movie/the-day-silence-died,,,108
8580,The Day the Earth Stood Still,https://www.metacritic.com/movie/the-day-the-earth-stood-still,80000000.0,237370350.0,104
8581,The Dead Center,https://www.metacritic.com/movie/the-dead-center,,,92
8582,The Dead Don't Die,https://www.metacritic.com/movie/the-dead-dont-die,,15744027.0,104
8583,The Dead Girl,https://www.metacritic.com/movie/the-dead-girl,3300000.0,,85
8584,The Dead Lands,https://www.metacritic.com/movie/the-dead-lands,,49625.0,107
8585,The Deal,https://www.metacritic.com/movie/the-deal,,,107
8586,The Death and Life of John F. Donovan,https://www.metacritic.com/movie/the-death-and-life-of-john-f-donovan,,3157609.0,123
8587,The Death and Life of Marsha P. Johnson,https://www.metacritic.com/movie/the-death-and-life-of-marsha-p-johnson,,,105
8588,The Death of Dick Long,https://www.metacritic.com/movie/the-death-of-dick-long,,,100
8589,The Death of Louis XIV,https://www.metacritic.com/movie/the-death-of-louis-xiv,,,115
8590,The Death of Mr. Lazarescu,https://www.metacritic.com/movie/the-death-of-mr-lazarescu,,,150
8591,The Death of Stalin,https://www.metacritic.com/movie/the-death-of-stalin,,20441110.0,107
8592,The Debt,https://www.metacritic.com/movie/the-debt,20000000.0,46604054.0,114
8593,The Debut,https://www.metacritic.com/movie/the-debut,,,88
8594,The Decent One,https://www.metacritic.com/movie/the-decent-one,,,94
8595,The Decline of Western Civilization Part III,https://www.metacritic.com/movie/the-decline-of-western-civilization-part-iii,,,86
8596,The Decomposition of the Soul,https://www.metacritic.com/movie/the-decomposition-of-the-soul,,,82
8597,The Decoy Bride,https://www.metacritic.com/movie/the-decoy-bride,,78905.0,89
8598,The Deep Blue Sea,https://www.metacritic.com/movie/the-deep-blue-sea,,3852164.0,98
8599,The Deep End,https://www.metacritic.com/movie/the-deep-end,3000000.0,9981635.0,101
8600,The Departed,https://www.metacritic.com/movie/the-departed,90000000.0,289660619.0,151
8601,The Departure,https://www.metacritic.com/movie/the-departure,,,87
8602,The Descendants,https://www.metacritic.com/movie/the-descendants,20000000.0,175507800.0,115
8603,The Descent,https://www.metacritic.com/movie/the-descent,7000000.0,57051053.0,99
8604,The Desert Bride,https://www.metacritic.com/movie/the-desert-bride,,,78
8605,The Desert of Forbidden Art,https://www.metacritic.com/movie/the-desert-of-forbidden-art,,,80
8606,The Deserted Station,https://www.metacritic.com/movie/the-deserted-station,,,88
8607,The Details,https://www.metacritic.com/movie/the-details,,,91
8608,The Devil All the Time,https://www.metacritic.com/movie/the-devil-all-the-time,,,138
8609,The Devil and Daniel Johnston,https://www.metacritic.com/movie/the-devil-and-daniel-johnston,,453337.0,110
8610,The Devil and Father Amorth,https://www.metacritic.com/movie/the-devil-and-father-amorth,,,68
8611,The Devil Came on Horseback,https://www.metacritic.com/movie/the-devil-came-on-horseback,,,85
8612,The Devil Has a Name,https://www.metacritic.com/movie/the-devil-has-a-name,,182.0,97
8613,The Devil Inside,https://www.metacritic.com/movie/the-devil-inside,1000000.0,101759490.0,87
8614,The Devil Wears Prada,https://www.metacritic.com/movie/the-devil-wears-prada,35000000.0,326073155.0,109
8615,The Devil's Backbone,https://www.metacritic.com/movie/the-devils-backbone,,,106
8616,The Devil's Candy,https://www.metacritic.com/movie/the-devils-candy,,,79
8617,The Devil's Double,https://www.metacritic.com/movie/the-devils-double,19100000.0,5965646.0,108
8618,The Devil's Miner,https://www.metacritic.com/movie/the-devils-miner,,,82
8619,The Devil's Rejects,https://www.metacritic.com/movie/the-devils-rejects,7000000.0,20940428.0,107
8620,The Devil's Violinist,https://www.metacritic.com/movie/the-devils-violinist,,,122
8621,The Diary of a Teenage Girl,https://www.metacritic.com/movie/the-diary-of-a-teenage-girl,2000000.0,2279959.0,102
8622,The Dictator,https://www.metacritic.com/movie/the-dictator,65000000.0,180148897.0,83
8623,The Dig,https://www.metacritic.com/movie/the-dig,,696.0,112
8624,The Dilemma,https://www.metacritic.com/movie/the-dilemma,70000000.0,70546865.0,118
8625,The Dinner,https://www.metacritic.com/movie/the-dinner,,2492001.0,120
8626,The Dirt,https://www.metacritic.com/movie/the-dirt,,,107
8627,The Dirties,https://www.metacritic.com/movie/the-dirties,55000.0,,83
8628,The Disappearance of Alice Creed,https://www.metacritic.com/movie/the-disappearance-of-alice-creed,1500000.0,1605139.0,96
8629,The Disappearance of Eleanor Rigby: Her,https://www.metacritic.com/movie/the-disappearance-of-eleanor-rigby-her,,,100
8630,The Disappearance of Eleanor Rigby: Him,https://www.metacritic.com/movie/the-disappearance-of-eleanor-rigby-him,,,89
8631,The Disappearance of Eleanor Rigby: Them,https://www.metacritic.com/movie/the-disappearance-of-eleanor-rigby-them,,,123
8632,The Disappearance of Finbar,https://www.metacritic.com/movie/the-disappearance-of-finbar,,,120
8633,The Disappearance of My Mother,https://www.metacritic.com/movie/the-disappearance-of-my-mother,,,94
8634,The Disappointments Room,https://www.metacritic.com/movie/the-disappointments-room,15000000.0,3503761.0,92
8635,The Disaster Artist,https://www.metacritic.com/movie/the-disaster-artist,10000000.0,28717667.0,104
8636,The Disciple,https://www.metacritic.com/movie/the-disciple,,,127
8637,The Discoverers,https://www.metacritic.com/movie/the-discoverers,,,104
8638,The Discovery,https://www.metacritic.com/movie/the-discovery,,,102
8639,The Dish,https://www.metacritic.com/movie/the-dish,,16252970.0,101
8640,The Dissident,https://www.metacritic.com/movie/the-dissident,,111760.0,119
8641,The Divergent Series: Allegiant,https://www.metacritic.com/movie/the-divergent-series-allegiant,110000000.0,172022517.0,120
8642,The Divergent Series: Insurgent,https://www.metacritic.com/movie/the-divergent-series-insurgent,110000000.0,295075882.0,119
8643,The Divide,https://www.metacritic.com/movie/the-divide,3000000.0,156362.0,110
8644,The Divine Order,https://www.metacritic.com/movie/the-divine-order,,,96
8645,The Diving Bell and the Butterfly,https://www.metacritic.com/movie/the-diving-bell-and-the-butterfly,,,112
8646,The Djinn,https://www.metacritic.com/movie/the-djinn,,270226.0,82
8647,The Do-Deca-Pentathlon,https://www.metacritic.com/movie/the-do-deca-pentathlon,,,76
8648,The Do-Over,https://www.metacritic.com/movie/the-do-over,,,108
8649,The Dog,https://www.metacritic.com/movie/the-dog,,,100
8650,The Dogwalker,https://www.metacritic.com/movie/the-dogwalker,,,99
8651,The Donut King,https://www.metacritic.com/movie/the-donut-king,,,98
8652,The Door in the Floor,https://www.metacritic.com/movie/the-door-in-the-floor,,6102830.0,111
8653,The Double,https://www.metacritic.com/movie/the-double,,2940888.0,98
8654,The Double,https://www.metacritic.com/movie/the-double-2013,,2266181.0,93
8655,The Double Hour,https://www.metacritic.com/movie/the-double-hour,,,95
8656,The Dreamers,https://www.metacritic.com/movie/the-dreamers,,15307113.0,115
8657,The Dressmaker,https://www.metacritic.com/movie/the-dressmaker,11900000.0,24374909.0,119
8658,The Drop,https://www.metacritic.com/movie/the-drop,12600000.0,19054534.0,106
8659,The Drowning,https://www.metacritic.com/movie/the-drowning,,,95
8660,The Dry,https://www.metacritic.com/movie/the-dry,,17351923.0,117
8661,The Dry Land,https://www.metacritic.com/movie/the-dry-land,,,92
8662,The Duchess,https://www.metacritic.com/movie/the-duchess,27000000.0,45160110.0,110
8663,The Duchess of Langeais,https://www.metacritic.com/movie/the-duchess-of-langeais,,,137
8664,The Duel,https://www.metacritic.com/movie/the-duel,,,110
8665,The Duelist,https://www.metacritic.com/movie/the-duelist,,6088454.0,109
8666,The DUFF,https://www.metacritic.com/movie/the-duff,8500000.0,43528634.0,101
8667,The Duke,https://www.metacritic.com/movie/the-duke,,,96
8668,The Duke of Burgundy,https://www.metacritic.com/movie/the-duke-of-burgundy,,178459.0,104
8669,The Dukes,https://www.metacritic.com/movie/the-dukes,,,96
8670,The Dukes of Hazzard,https://www.metacritic.com/movie/the-dukes-of-hazzard,53000000.0,109848461.0,104
8671,The Dying Gaul,https://www.metacritic.com/movie/the-dying-gaul,,,101
8672,The Eagle,https://www.metacritic.com/movie/the-eagle,25000000.0,38993548.0,114
8673,The Eagle Huntress,https://www.metacritic.com/movie/the-eagle-huntress,,5631241.0,87
8674,The East,https://www.metacritic.com/movie/the-east,6500000.0,3027956.0,116
8675,The Eclipse,https://www.metacritic.com/movie/the-eclipse,3000000.0,,88
8676,The Edge of Democracy,https://www.metacritic.com/movie/the-edge-of-democracy,,,121
8677,The Edge of Heaven,https://www.metacritic.com/movie/the-edge-of-heaven,,,116
8678,The Edge of Love,https://www.metacritic.com/movie/the-edge-of-love,,3238922.0,110
8679,The Edge of Seventeen,https://www.metacritic.com/movie/the-edge-of-seventeen,9000000.0,19096003.0,104
8680,The Education of Charlie Banks,https://www.metacritic.com/movie/the-education-of-charlie-banks,,,100
8681,The Edukators,https://www.metacritic.com/movie/the-edukators,,223170.0,127
8682,The Eight Hundred,https://www.metacritic.com/movie/the-eight-hundred,,,149
8683,The Electrical Life of Louis Wain,https://www.metacritic.com/movie/the-electrical-life-of-louis-wain,,976289.0,111
8684,The Elephant in the Living Room,https://www.metacritic.com/movie/the-elephant-in-the-living-room,,,96
8685,The Elephant Queen,https://www.metacritic.com/movie/the-elephant-queen,,,96
8686,The Embalmer,https://www.metacritic.com/movie/the-embalmer,,526029.0,101
8687,The Emoji Movie,https://www.metacritic.com/movie/the-emoji-movie,50000000.0,216564840.0,86
8688,The Emperor's Club,https://www.metacritic.com/movie/the-emperors-club,12500000.0,16193713.0,108
8689,The Emperor's New Clothes,https://www.metacritic.com/movie/the-emperors-new-clothes,,689411.0,107
8690,The Emperor's New Clothes,https://www.metacritic.com/movie/the-emperors-new-clothes-2015,,66737.0,101
8691,The Emperor's New Groove,https://www.metacritic.com/movie/the-emperors-new-groove,100000000.0,169630573.0,78
8692,The Empty Hours,https://www.metacritic.com/movie/the-empty-hours,,,101
8693,The End of Love,https://www.metacritic.com/movie/the-end-of-love,,,89
8694,The End of the Line,https://www.metacritic.com/movie/the-end-of-the-line,,,85
8695,The End of the Tour,https://www.metacritic.com/movie/the-end-of-the-tour,,3114343.0,106
8696,The Endless,https://www.metacritic.com/movie/the-endless,,957694.0,111
8697,The Endurance,https://www.metacritic.com/movie/the-endurance,,,97
8698,The English Teacher,https://www.metacritic.com/movie/the-english-teacher,,62327.0,93
8699,The Equalizer,https://www.metacritic.com/movie/the-equalizer,55000000.0,192903624.0,132
8700,The Equalizer 2,https://www.metacritic.com/movie/the-equalizer-2,77000000.0,190376181.0,121
8701,The Era of Vampires,https://www.metacritic.com/movie/the-era-of-vampires,,,90
8702,The Escape,https://www.metacritic.com/movie/the-escape,,391063.0,101
8703,The Escapist,https://www.metacritic.com/movie/the-escapist,,463671.0,102
8704,The Etruscan Smile,https://www.metacritic.com/movie/the-etruscan-smile,,,107
8705,The Event,https://www.metacritic.com/movie/the-event,,,110
8706,The Ex,https://www.metacritic.com/movie/the-ex,,3738622.0,89
8707,The Exception,https://www.metacritic.com/movie/the-exception,,834580.0,107
8708,The Execution of Wanda Jean,https://www.metacritic.com/movie/the-execution-of-wanda-jean,,,88
8709,The Exorcism of Emily Rose,https://www.metacritic.com/movie/the-exorcism-of-emily-rose,18000000.0,144529078.0,119
8710,The Expendables,https://www.metacritic.com/movie/the-expendables,82000000.0,268268174.0,103
8711,The Expendables 2,https://www.metacritic.com/movie/the-expendables-2,100000000.0,311979256.0,103
8712,The Expendables 3,https://www.metacritic.com/movie/the-expendables-3,100000000.0,209461378.0,126
8713,The Experiment,https://www.metacritic.com/movie/the-experiment,,,
8714,The Exploding Girl,https://www.metacritic.com/movie/the-exploding-girl,40000.0,,
8715,The Express,https://www.metacritic.com/movie/the-express,37500000.0,9813309.0,130
8716,The Exterminating Angels,https://www.metacritic.com/movie/the-exterminating-angels,,,100
8717,The Extra Man,https://www.metacritic.com/movie/the-extra-man,7000000.0,492108.0,105
8718,The Extraordinary Journey of the Fakir,https://www.metacritic.com/movie/the-extraordinary-journey-of-the-fakir,,3012514.0,92
8719,The Eye,https://www.metacritic.com/movie/the-eye,12000000.0,57577765.0,98
8720,The Eye,https://www.metacritic.com/movie/the-eye-2003,,508195.0,99
8721,The Eye of the Storm,https://www.metacritic.com/movie/the-eye-of-the-storm,,2226888.0,119
8722,The Eyes of My Mother,https://www.metacritic.com/movie/the-eyes-of-my-mother,300000.0,48539.0,76
8723,The Eyes of Orson Welles,https://www.metacritic.com/movie/the-eyes-of-orson-welles,,68248.0,115
8724,The Eyes of Tammy Faye,https://www.metacritic.com/movie/the-eyes-of-tammy-faye,,1080004.0,79
8725,The Eyes of Tammy Faye,https://www.metacritic.com/movie/the-eyes-of-tammy-faye-2021,,2643967.0,126
8726,The Face of an Angel,https://www.metacritic.com/movie/the-face-of-an-angel,26000000.0,,101
8727,The Face of Love,https://www.metacritic.com/movie/the-face-of-love,4000000.0,1158877.0,92
8728,The Fairy,https://www.metacritic.com/movie/the-fairy,,,93
8729,The Fall,https://www.metacritic.com/movie/the-fall,,2580348.0,117
8730,The Fall of Fujimori,https://www.metacritic.com/movie/the-fall-of-fujimori,,,83
8731,The Fall of the American Empire,https://www.metacritic.com/movie/the-fall-of-the-american-empire,,,127
8732,The Fallen,https://www.metacritic.com/movie/the-fallen,,,112
8733,The Fallen Idol (re-release),https://www.metacritic.com/movie/the-fallen-idol,,,95
8734,The Falling,https://www.metacritic.com/movie/the-falling,,663738.0,102
8735,The Family,https://www.metacritic.com/movie/the-family,30000000.0,80588942.0,111
8736,The Family Fang,https://www.metacritic.com/movie/the-family-fang,,604602.0,105
8737,The Family Man,https://www.metacritic.com/movie/the-family-man,60000000.0,124715863.0,125
8738,The Family Stone,https://www.metacritic.com/movie/the-family-stone,18000000.0,92357499.0,103
8739,The Family That Preys,https://www.metacritic.com/movie/the-family-that-preys,,,111
8740,The Family Tree,https://www.metacritic.com/movie/the-family-tree,,,95
8741,The Fanatic,https://www.metacritic.com/movie/the-fanatic,,,88
8742,The Fantasticks,https://www.metacritic.com/movie/the-fantasticks,,,86
8743,The Far Side of the Moon,https://www.metacritic.com/movie/the-far-side-of-the-moon,,,105
8744,The Farewell,https://www.metacritic.com/movie/the-farewell,3000000.0,22500687.0,100
8745,The Farewell Party,https://www.metacritic.com/movie/the-farewell-party,,,95
8746,The Farthest,https://www.metacritic.com/movie/the-farthest,,36123.0,121
8747,The Fast and the Furious,https://www.metacritic.com/movie/the-fast-and-the-furious,38000000.0,206458372.0,106
8748,The Fast and the Furious: Tokyo Drift,https://www.metacritic.com/movie/the-fast-and-the-furious-tokyo-drift,85000000.0,157794205.0,104
8749,The Fate of the Furious,https://www.metacritic.com/movie/the-fate-of-the-furious,250000000.0,1236703796.0,136
8750,The Father,https://www.metacritic.com/movie/the-father,,28387803.0,97
8751,The Fault in Our Stars,https://www.metacritic.com/movie/the-fault-in-our-stars,12000000.0,307166834.0,126
8752,The Favor,https://www.metacritic.com/movie/the-favor,,,110
8753,The Favourite,https://www.metacritic.com/movie/the-favourite,15000000.0,95872148.0,119
8754,The Fearless Freaks,https://www.metacritic.com/movie/the-fearless-freaks,,,103
8755,The Feast,https://www.metacritic.com/movie/the-feast,,,93
8756,The Female Brain,https://www.metacritic.com/movie/the-female-brain,,,98
8757,The Fencer,https://www.metacritic.com/movie/the-fencer,,,99
8758,The Fever,https://www.metacritic.com/movie/the-fever,,,98
8759,The Fifth Estate,https://www.metacritic.com/movie/the-fifth-estate,26000000.0,6154172.0,128
8760,The Fight,https://www.metacritic.com/movie/the-fight,,,96
8761,The Fighter,https://www.metacritic.com/movie/the-fighter,11000000.0,129262388.0,115
8762,The Fighting Temptations,https://www.metacritic.com/movie/the-fighting-temptations,,30597073.0,123
8763,The Filth and the Fury,https://www.metacritic.com/movie/the-filth-and-the-fury,,,108
8764,The Final Cut,https://www.metacritic.com/movie/the-final-cut,,3618825.0,95
8765,The Final Destination,https://www.metacritic.com/movie/the-final-destination,40000000.0,187384627.0,82
8766,The Final Girls,https://www.metacritic.com/movie/the-final-girls,,,88
8767,The Final Master,https://www.metacritic.com/movie/the-final-master,,7900000.0,109
8768,The Final Member,https://www.metacritic.com/movie/the-final-member,,,75
8769,The Final Season,https://www.metacritic.com/movie/the-final-season,,,119
8770,The Final Year,https://www.metacritic.com/movie/the-final-year,,265072.0,89
8771,The Finest Hours,https://www.metacritic.com/movie/the-finest-hours,70000000.0,49252761.0,117
8772,The First Beautiful Thing,https://www.metacritic.com/movie/the-first-beautiful-thing,,,122
8773,The First Grader,https://www.metacritic.com/movie/the-first-grader,,355731.0,120
8774,The First Monday in May,https://www.metacritic.com/movie/the-first-monday-in-may,,1080528.0,90
8775,The First Purge,https://www.metacritic.com/movie/the-first-purge,13000000.0,137054597.0,98
8776,The First Saturday in May,https://www.metacritic.com/movie/the-first-saturday-in-may,,,96
8777,The First Time,https://www.metacritic.com/movie/the-first-time,2000000.0,,
8778,The First Wave,https://www.metacritic.com/movie/the-first-wave,,65236.0,94
8779,The Fits,https://www.metacritic.com/movie/the-fits,170000.0,169242.0,72
8780,The Fitzgerald Family Christmas,https://www.metacritic.com/movie/the-fitzgerald-family-christmas,,,99
8781,The Five Obstructions,https://www.metacritic.com/movie/the-five-obstructions,,,90
8782,The Five Senses,https://www.metacritic.com/movie/the-five-senses,,,106
8783,The Five-Year Engagement,https://www.metacritic.com/movie/the-five-year-engagement,30000000.0,61623819.0,124
8784,The Flat,https://www.metacritic.com/movie/the-flat,,754544.0,97
8785,The Flintstones in Viva Rock Vegas,https://www.metacritic.com/movie/the-flintstones-in-viva-rock-vegas,58000000.0,59431365.0,90
8786,The Florida Project,https://www.metacritic.com/movie/the-florida-project,2000000.0,11275645.0,111
8787,The Flower of Evil,https://www.metacritic.com/movie/the-flower-of-evil,6000000.0,,104
8788,The Flowers of War,https://www.metacritic.com/movie/the-flowers-of-war,,,146
8789,The Fluffer,https://www.metacritic.com/movie/the-fluffer,,,95
8790,The Fluffy Movie,https://www.metacritic.com/movie/the-fluffy-movie,,,101
8791,The Flying Scotsman,https://www.metacritic.com/movie/the-flying-scotsman,,,96
8792,The Flying Swords of Dragon Gate,https://www.metacritic.com/movie/the-flying-swords-of-dragon-gate,,,122
8793,The Fog,https://www.metacritic.com/movie/the-fog,18000000.0,37048526.0,100
8794,The Fog of War: Eleven Lessons from the Life of Robert S. McNamara,https://www.metacritic.com/movie/the-fog-of-war-eleven-lessons-from-the-life-of-robert-s-mcnamara,,,95
8795,The Fool,https://www.metacritic.com/movie/the-fool,,,116
8796,The Foot Fist Way,https://www.metacritic.com/movie/the-foot-fist-way,79000.0,,85
8797,The Forbidden Kingdom,https://www.metacritic.com/movie/the-forbidden-kingdom,55000000.0,129075270.0,104
8798,The Forbidden Room,https://www.metacritic.com/movie/the-forbidden-room,,48064.0,130
8799,The Force,https://www.metacritic.com/movie/the-force,,,80
8800,The Foreigner,https://www.metacritic.com/movie/the-foreigner,35000000.0,145374099.0,113
8801,The Forest,https://www.metacritic.com/movie/the-forest,10000000.0,40749230.0,93
8802,The Forever Purge,https://www.metacritic.com/movie/the-forever-purge,18000000.0,76994245.0,
8803,The Forger,https://www.metacritic.com/movie/the-forger,,330605.0,92
8804,The Forgiven,https://www.metacritic.com/movie/the-forgiven,,23284.0,115
8805,The Forgiveness of Blood,https://www.metacritic.com/movie/the-forgiveness-of-blood,,224887.0,109
8806,The Forgotten,https://www.metacritic.com/movie/the-forgotten,50000000.0,117211892.0,91
8807,The Forsaken,https://www.metacritic.com/movie/the-forsaken,5000000.0,,90
8808,The Forty-Year-Old Version,https://www.metacritic.com/movie/the-forty-year-old-version,,,129
8809,The Founder,https://www.metacritic.com/movie/the-founder,,,115
8810,The Fountain,https://www.metacritic.com/movie/the-fountain,35000000.0,15461638.0,96
8811,The Four Feathers,https://www.metacritic.com/movie/the-four-feathers,35000000.0,29882645.0,131
8812,The Four Times (Le Quattro Volte),https://www.metacritic.com/movie/the-four-times-le-quattro-volte,,,88
8813,The Fourth Kind,https://www.metacritic.com/movie/the-fourth-kind,10000000.0,49486874.0,98
8814,The FP,https://www.metacritic.com/movie/the-fp,60000.0,,82
8815,The Free World,https://www.metacritic.com/movie/the-free-world,,,100
8816,The Freebie,https://www.metacritic.com/movie/the-freebie,,,78
8817,The French Dispatch,https://www.metacritic.com/movie/the-french-dispatch,,45636653.0,107
8818,The French Minister,https://www.metacritic.com/movie/the-french-minister,,,113
8819,The Friend,https://www.metacritic.com/movie/the-friend,,,105
8820,The Front Line,https://www.metacritic.com/movie/the-front-line,,,133
8821,The Front Runner,https://www.metacritic.com/movie/the-front-runner,,3233962.0,113
8822,The Frozen Ground,https://www.metacritic.com/movie/the-frozen-ground,19200000.0,5617460.0,105
8823,The Fundamentals of Caring,https://www.metacritic.com/movie/the-fundamentals-of-caring,,,97
8824,The Future,https://www.metacritic.com/movie/the-future,1000000.0,1239174.0,92
8825,The Future of Food,https://www.metacritic.com/movie/the-future-of-food,,,88
8826,The Galapagos Affair: Satan Came to Eden,https://www.metacritic.com/movie/the-galapagos-affair-satan-came-to-eden,,,120
8827,The Gallows,https://www.metacritic.com/movie/the-gallows,100000.0,41656474.0,81
8828,The Gambler,https://www.metacritic.com/movie/the-gambler,25000000.0,38718031.0,111
8829,The Game of Their Lives,https://www.metacritic.com/movie/the-game-of-their-lives,20000000.0,,101
8830,The Game Plan,https://www.metacritic.com/movie/the-game-plan,22000000.0,146590987.0,110
8831,"The Gangster, the Cop, the Devil",https://www.metacritic.com/movie/the-gangster-the-cop-the-devil,,,110
8832,The Garden Left Behind,https://www.metacritic.com/movie/the-garden-left-behind,,,88
8833,The Gatekeeper,https://www.metacritic.com/movie/the-gatekeeper,,,103
8834,The Gatekeepers,https://www.metacritic.com/movie/the-gatekeepers,1500000.0,2592308.0,101
8835,The Gentlemen,https://www.metacritic.com/movie/the-gentlemen,22000000.0,113876604.0,113
8836,The German Doctor,https://www.metacritic.com/movie/the-german-doctor,,,93
8837,The Ghost of Peter Sellers,https://www.metacritic.com/movie/the-ghost-of-peter-sellers,,,93
8838,The Ghosts in Our Machine,https://www.metacritic.com/movie/the-ghosts-in-our-machine,,,93
8839,The Giant Mechanical Man,https://www.metacritic.com/movie/the-giant-mechanical-man,900000.0,,94
8840,The Gift,https://www.metacritic.com/movie/the-gift,10000000.0,44567606.0,111
8841,The Gift,https://www.metacritic.com/movie/the-gift-2015,5000000.0,58978477.0,108
8842,The Girl,https://www.metacritic.com/movie/the-girl,,,84
8843,The Girl,https://www.metacritic.com/movie/the-girl-2012,,,95
8844,The Girl and Death,https://www.metacritic.com/movie/the-girl-and-death,,,127
8845,The Girl Cut in Two,https://www.metacritic.com/movie/the-girl-cut-in-two,,,115
8846,The Girl from Monaco,https://www.metacritic.com/movie/the-girl-from-monaco,,,95
8847,The Girl from Monday,https://www.metacritic.com/movie/the-girl-from-monday,,,84
8848,The Girl from the Naked Eye,https://www.metacritic.com/movie/the-girl-from-the-naked-eye,,,
8849,The Girl in the Book,https://www.metacritic.com/movie/the-girl-in-the-book,,81379.0,86
8850,The Girl in the Photographs,https://www.metacritic.com/movie/the-girl-in-the-photographs,,,95
8851,The Girl in the Spider's Web,https://www.metacritic.com/movie/the-girl-in-the-spiders-web,43000000.0,34983342.0,117
8852,The Girl Is in Trouble,https://www.metacritic.com/movie/the-girl-is-in-trouble,,,90
8853,The Girl King,https://www.metacritic.com/movie/the-girl-king,,,106
8854,The Girl Next Door,https://www.metacritic.com/movie/the-girl-next-door-2000,,,82
8855,The Girl Next Door,https://www.metacritic.com/movie/the-girl-next-door-2004,25000000.0,31635150.0,108
8856,The Girl on the Train,https://www.metacritic.com/movie/the-girl-on-the-train,,,105
8857,The Girl on the Train,https://www.metacritic.com/movie/the-girl-on-the-train-2016,45000000.0,174278214.0,112
8858,The Girl Who Kicked the Hornet's Nest,https://www.metacritic.com/movie/the-girl-who-kicked-the-hornets-nest,,,147
8859,The Girl Who Played with Fire,https://www.metacritic.com/movie/the-girl-who-played-with-fire,,,129
8860,The Girl with All the Gifts,https://www.metacritic.com/movie/the-girl-with-all-the-gifts,5250000.0,4801837.0,111
8861,The Girl with the Dragon Tattoo,https://www.metacritic.com/movie/the-girl-with-the-dragon-tattoo,,,152
8862,The Girl with the Dragon Tattoo,https://www.metacritic.com/movie/the-girl-with-the-dragon-tattoo-2011,90000000.0,239373970.0,158
8863,The Girl Without Hands,https://www.metacritic.com/movie/the-girl-without-hands,,,76
8864,The Girlfriend Experience,https://www.metacritic.com/movie/the-girlfriend-experience,1300000.0,1005840.0,77
8865,The Giver,https://www.metacritic.com/movie/the-giver,25000000.0,66540205.0,97
8866,The Glass Castle,https://www.metacritic.com/movie/the-glass-castle,,22081049.0,127
8867,The Glass House,https://www.metacritic.com/movie/the-glass-house,22000000.0,22861785.0,106
8868,The Gleaners & I,https://www.metacritic.com/movie/the-gleaners-i,,,82
8869,The Glorias,https://www.metacritic.com/movie/the-glorias,,,139
8870,The Go-Getter,https://www.metacritic.com/movie/the-go-getter,,12094.0,93
8871,The Go-Go's,https://www.metacritic.com/movie/the-go-gos,,,98
8872,The Godfather Coda: The Death of Michael Corleone,https://www.metacritic.com/movie/the-godfather-coda-the-death-of-michael-corleone,,,157
8873,The Goebbles Experiment,https://www.metacritic.com/movie/the-goebbles-experiment,,,108
8874,The Golden Bowl,https://www.metacritic.com/movie/the-golden-bowl,,,130
8875,The Golden Compass,https://www.metacritic.com/movie/the-golden-compass,205000000.0,367262558.0,113
8876,The Golden Dream,https://www.metacritic.com/movie/the-golden-dream,,,108
8877,The Golden Glove,https://www.metacritic.com/movie/the-golden-glove,,,115
8878,The Goldfinch,https://www.metacritic.com/movie/the-goldfinch,40000000.0,9430149.0,149
8879,The Good Dinosaur,https://www.metacritic.com/movie/the-good-dinosaur,187500000.0,333771037.0,93
8880,The Good Doctor,https://www.metacritic.com/movie/the-good-doctor,,16448.0,93
8881,The Good German,https://www.metacritic.com/movie/the-good-german,32000000.0,6678033.0,105
8882,The Good Girl,https://www.metacritic.com/movie/the-good-girl,8000000.0,16585503.0,93
8883,The Good Guy,https://www.metacritic.com/movie/the-good-guy,10000000.0,106460.0,90
8884,The Good Heart,https://www.metacritic.com/movie/the-good-heart,3800000.0,749686.0,95
8885,The Good Liar,https://www.metacritic.com/movie/the-good-liar,10000000.0,33216217.0,109
8886,The Good Lie,https://www.metacritic.com/movie/the-good-lie,,2785563.0,110
8887,The Good Night,https://www.metacritic.com/movie/the-good-night,15000000.0,,93
8888,The Good Shepherd,https://www.metacritic.com/movie/the-good-shepherd,80000000.0,100378271.0,167
8889,"The Good Son: The Life of Ray ""Boom Boom"" Mancini",https://www.metacritic.com/movie/the-good-son-the-life-of-ray-boom-boom-mancini,,,90
8890,"The Good, the Bad, the Weird",https://www.metacritic.com/movie/the-good-the-bad-the-weird,,,130
8891,The Good Thief,https://www.metacritic.com/movie/the-good-thief,30000000.0,6460758.0,108
8892,"The Goods: Live Hard, Sell Hard",https://www.metacritic.com/movie/the-goods-live-hard-sell-hard,10000000.0,15297318.0,89
8893,The Gospel,https://www.metacritic.com/movie/the-gospel,,,105
8894,The Gospel According to André,https://www.metacritic.com/movie/the-gospel-according-to-andre,,,93
8895,The Gospel According to Philip K. Dick,https://www.metacritic.com/movie/the-gospel-according-to-philip-k-dick,,,80
8896,The Gospel of Eureka,https://www.metacritic.com/movie/the-gospel-of-eureka,,,75
8897,The Grace Card,https://www.metacritic.com/movie/the-grace-card,200000.0,,
8898,The Grace Lee Project,https://www.metacritic.com/movie/the-grace-lee-project,,,68
8899,The Grand,https://www.metacritic.com/movie/the-grand,3000000.0,,104
8900,The Grand Budapest Hotel,https://www.metacritic.com/movie/the-grand-budapest-hotel,31000000.0,163503514.0,100
8901,The Grand Seduction,https://www.metacritic.com/movie/the-grand-seduction,,3669858.0,113
8902,The Grandmaster,https://www.metacritic.com/movie/the-grandmaster,,,108
8903,The Greasy Strangler,https://www.metacritic.com/movie/the-greasy-strangler,,89601.0,93
8904,The Great Alaskan Race,https://www.metacritic.com/movie/the-great-alaskan-race,,721736.0,87
8905,The Great Beauty,https://www.metacritic.com/movie/the-great-beauty,,,142
8906,The Great Buck Howard,https://www.metacritic.com/movie/the-great-buck-howard,,900689.0,90
8907,The Great Buddha+,https://www.metacritic.com/movie/the-great-buddha+,,,102
8908,The Great Buster: A Celebration,https://www.metacritic.com/movie/the-great-buster-a-celebration,,,102
8909,The Great Dance: A Hunter's Story,https://www.metacritic.com/movie/the-great-dance-a-hunters-story,,,90
8910,The Great Debaters,https://www.metacritic.com/movie/the-great-debaters,15000000.0,30261293.0,126
8911,The Great Flood,https://www.metacritic.com/movie/the-great-flood,,,80
8912,The Great Gatsby,https://www.metacritic.com/movie/the-great-gatsby,190000000.0,353640419.0,143
8913,The Great Gilly Hopkins,https://www.metacritic.com/movie/the-great-gilly-hopkins,,67054.0,99
8914,The Great Hack,https://www.metacritic.com/movie/the-great-hack,,,113
8915,The Great Invisible,https://www.metacritic.com/movie/the-great-invisible,,,92
8916,The Great Museum,https://www.metacritic.com/movie/the-great-museum,,,94
8917,The Great New Wonderful,https://www.metacritic.com/movie/the-great-new-wonderful,,,
8918,The Great Raid,https://www.metacritic.com/movie/the-great-raid,60000000.0,10597070.0,132
8919,The Great Role,https://www.metacritic.com/movie/the-great-role,,,89
8920,The Great Wall,https://www.metacritic.com/movie/the-great-wall,150000000.0,334486852.0,103
8921,The Great Water,https://www.metacritic.com/movie/the-great-water,,,93
8922,The Greatest,https://www.metacritic.com/movie/the-greatest,6000000.0,117796.0,
8923,The Greatest Game Ever Played,https://www.metacritic.com/movie/the-greatest-game-ever-played,25000000.0,15468266.0,120
8924,The Greatest Showman,https://www.metacritic.com/movie/the-greatest-showman,84000000.0,433606178.0,105
8925,The Green Butchers,https://www.metacritic.com/movie/the-green-butchers,,,100
8926,The Green Fog,https://www.metacritic.com/movie/the-green-fog,,,63
8927,The Green Hornet,https://www.metacritic.com/movie/the-green-hornet,110000000.0,229155503.0,108
8928,The Green Inferno,https://www.metacritic.com/movie/the-green-inferno,1000000.0,12931420.0,100
8929,The Green Knight,https://www.metacritic.com/movie/the-green-knight,,18869960.0,130
8930,The Green Prince,https://www.metacritic.com/movie/the-green-prince-2014,,480408.0,101
8931,The Green Wave,https://www.metacritic.com/movie/the-green-wave,,,
8932,The Greening of Whitney Brown,https://www.metacritic.com/movie/the-greening-of-whitney-brown,,,87
8933,The Grey,https://www.metacritic.com/movie/the-grey,25000000.0,81249176.0,117
8934,The Grey Zone,https://www.metacritic.com/movie/the-grey-zone,,,108
8935,The Grief of Others,https://www.metacritic.com/movie/the-grief-of-others,,12.0,103
8936,The Grinch,https://www.metacritic.com/movie/the-grinch,,,86
8937,The Groomsmen,https://www.metacritic.com/movie/the-groomsmen,,,98
8938,The Ground Beneath My Feet,https://www.metacritic.com/movie/the-ground-beneath-my-feet,,,108
8939,The Ground Truth,https://www.metacritic.com/movie/the-ground-truth,,,72
8940,The Grudge,https://www.metacritic.com/movie/the-grudge,10000000.0,187281115.0,92
8941,The Grudge 2,https://www.metacritic.com/movie/the-grudge-2,20000000.0,70743839.0,102
8942,Ju-on: The Grudge,https://www.metacritic.com/movie/the-grudge-2004,,3005548.0,92
8943,The Grudge,https://www.metacritic.com/movie/the-grudge-2020,10000000.0,49503265.0,94
8944,The Guard,https://www.metacritic.com/movie/the-guard,6000000.0,21197454.0,96
8945,The Guardian,https://www.metacritic.com/movie/the-guardian,70000000.0,94973540.0,139
8946,The Guardians,https://www.metacritic.com/movie/the-guardians,,,138
8947,The Guernsey Literary and Potato Peel Pie Society,https://www.metacritic.com/movie/the-guernsey-literary-and-potato-peel-pie-society,,19096814.0,124
8948,The Guest,https://www.metacritic.com/movie/the-guest,,2107051.0,99
8949,The Guillotines,https://www.metacritic.com/movie/the-guillotines,,,112
8950,The Guilt Trip,https://www.metacritic.com/movie/the-guilt-trip,40000000.0,41294674.0,95
8951,The Guilty,https://www.metacritic.com/movie/the-guilty,,,85
8952,The Guilty,https://www.metacritic.com/movie/the-guilty-2021,,,90
8953,The Gunman,https://www.metacritic.com/movie/the-gunman,40000000.0,24478613.0,115
8954,The Guru,https://www.metacritic.com/movie/the-guru,11000000.0,24150550.0,94
8955,The Guys,https://www.metacritic.com/movie/the-guys,,,84
8956,The Half of It,https://www.metacritic.com/movie/the-half-of-it,,,104
8957,The Hallow,https://www.metacritic.com/movie/the-hallow,,2082741.0,97
8958,The Hammer,https://www.metacritic.com/movie/the-hammer,850000.0,,88
8959,The Hand of God,https://www.metacritic.com/movie/the-hand-of-god,,,130
8960,The Hand That Feeds,https://www.metacritic.com/movie/the-hand-that-feeds,,,85
8961,The Handmaiden,https://www.metacritic.com/movie/the-handmaiden,,,144
8962,The Hangover,https://www.metacritic.com/movie/the-hangover,35000000.0,465487583.0,100
8963,The Hangover Part II,https://www.metacritic.com/movie/the-hangover-part-ii,80000000.0,586764305.0,102
8964,The Hangover Part III,https://www.metacritic.com/movie/the-hangover-part-iii,,,100
8965,The Happening,https://www.metacritic.com/movie/the-happening,60000000.0,162778384.0,91
8966,The Happiest Day in the Life of Olli Mäki,https://www.metacritic.com/movie/the-happiest-day-in-the-life-of-olli-maki,,,92
8967,The Happy Prince,https://www.metacritic.com/movie/the-happy-prince,13000000.0,2394619.0,105
8968,The Happy Sad,https://www.metacritic.com/movie/the-happy-sad,,,87
8969,The Happytime Murders,https://www.metacritic.com/movie/the-happytime-murders,40000000.0,27506412.0,91
8970,The Hard Word,https://www.metacritic.com/movie/the-hard-word,,,102
8971,The Harder They Fall,https://www.metacritic.com/movie/the-harder-they-fall,,8265.0,
8972,The Harvest,https://www.metacritic.com/movie/the-harvest,,,104
8973,The Hate U Give,https://www.metacritic.com/movie/the-hate-u-give,23000000.0,35067665.0,133
8974,The Hateful Eight,https://www.metacritic.com/movie/the-hateful-eight,62000000.0,152366784.0,
8975,The Haunted Mansion,https://www.metacritic.com/movie/the-haunted-mansion,90000000.0,155750628.0,88
8976,The Haunting of Molly Hartley,https://www.metacritic.com/movie/the-haunting-of-molly-hartley,5000000.0,15318257.0,82
8977,The Haunting of Sharon Tate,https://www.metacritic.com/movie/the-haunting-of-sharon-tate,,19712.0,94
8978,The Hawk Is Dying,https://www.metacritic.com/movie/the-hawk-is-dying,,,
8979,The Headless Woman,https://www.metacritic.com/movie/the-headless-woman,,,87
8980,The Heart Is Deceitful Above All Things,https://www.metacritic.com/movie/the-heart-is-deceitful-above-all-things,,209058.0,97
8981,The Heart Machine,https://www.metacritic.com/movie/the-heart-machine,,,85
8982,The Heart of Me,https://www.metacritic.com/movie/the-heart-of-me,7000000.0,531222.0,96
8983,The Heart of the Game,https://www.metacritic.com/movie/the-heart-of-the-game,,446631.0,97
8984,The Heartbreak Kid,https://www.metacritic.com/movie/the-heartbreak-kid,,127768790.0,116
8985,The Heat,https://www.metacritic.com/movie/the-heat,43000000.0,229727774.0,117
8986,The Hebrew Hammer,https://www.metacritic.com/movie/the-hebrew-hammer,1300000.0,90213.0,85
8987,The Hedgehog,https://www.metacritic.com/movie/the-hedgehog,,,100
8988,The Heir Apparent: Largo Winch,https://www.metacritic.com/movie/the-heir-apparent-largo-winch,,18967760.0,108
8989,The Heiresses,https://www.metacritic.com/movie/the-heiresses,,,98
8990,The Help,https://www.metacritic.com/movie/the-help,25000000.0,213120004.0,137
8991,The Hero,https://www.metacritic.com/movie/the-hero,,4112369.0,93
8992,The Hero of Color City,https://www.metacritic.com/movie/the-hero-of-color-city,,662188.0,77
8993,The Hidden Blade,https://www.metacritic.com/movie/the-hidden-blade,,,132
8994,The Hidden Wars of Desert Storm,https://www.metacritic.com/movie/the-hidden-wars-of-desert-storm,,,64
8995,The High Note,https://www.metacritic.com/movie/the-high-note,,,113
8996,The Highwaymen,https://www.metacritic.com/movie/the-highwaymen,,,132
8997,The Hills Have Eyes,https://www.metacritic.com/movie/the-hills-have-eyes,17000000.0,70355813.0,107
8998,The Hills Have Eyes II,https://www.metacritic.com/movie/the-hills-have-eyes-ii,15000000.0,37466538.0,89
8999,The Hillside Strangler,https://www.metacritic.com/movie/the-hillside-strangler,,,97
9000,The Hip Hop Project,https://www.metacritic.com/movie/the-hip-hop-project,,,88
9001,The History Boys,https://www.metacritic.com/movie/the-history-boys,3700000.0,13447998.0,109
9002,The History of Future Folk,https://www.metacritic.com/movie/the-history-of-future-folk,,,86
9003,The Hitcher,https://www.metacritic.com/movie/the-hitcher,,20855646.0,84
9004,The Hitchhiker's Guide to the Galaxy,https://www.metacritic.com/movie/the-hitchhikers-guide-to-the-galaxy,45000000.0,102746214.0,109
9005,The Hitman's Bodyguard,https://www.metacritic.com/movie/the-hitmans-bodyguard,30000000.0,183415183.0,118
9006,The Hitman's Wife's Bodyguard,https://www.metacritic.com/movie/the-hitmans-wifes-bodyguard,70000000.0,67394555.0,100
9007,The Hoax,https://www.metacritic.com/movie/the-hoax,25000000.0,,116
9008,The Hobbit: An Unexpected Journey,https://www.metacritic.com/movie/the-hobbit-an-unexpected-journey,200000000.0,1014938545.0,169
9009,The Hobbit: The Battle of the Five Armies,https://www.metacritic.com/movie/the-hobbit-the-battle-of-the-five-armies,250000000.0,940389558.0,144
9010,The Hobbit: The Desolation of Smaug,https://www.metacritic.com/movie/the-hobbit-the-desolation-of-smaug,250000000.0,959358436.0,161
9011,The Hole,https://www.metacritic.com/movie/the-hole,,,92
9012,The Hole in the Ground,https://www.metacritic.com/movie/the-hole-in-the-ground,,,90
9013,The Holiday,https://www.metacritic.com/movie/the-holiday,85000000.0,204920447.0,138
9014,The Hollars,https://www.metacritic.com/movie/the-hollars,,1139502.0,88
9015,The Hollow Point,https://www.metacritic.com/movie/the-hollow-point,,,97
9016,The Holy Girl,https://www.metacritic.com/movie/the-holy-girl,1400000.0,1261792.0,106
9017,The Holy Land,https://www.metacritic.com/movie/the-holy-land,,,102
9018,The Homesman,https://www.metacritic.com/movie/the-homesman,16000000.0,8217571.0,122
9019,The Honeymooners,https://www.metacritic.com/movie/the-honeymooners,27000000.0,13174426.0,90
9020,The Hornet's Nest,https://www.metacritic.com/movie/the-hornets-nest,,,93
9021,The Horse Boy,https://www.metacritic.com/movie/the-horse-boy,160000.0,,93
9022,The Host,https://www.metacritic.com/movie/the-host,,,119
9023,The Host,https://www.metacritic.com/movie/the-host-2013,50000000.0,64477051.0,125
9024,The Hot Chick,https://www.metacritic.com/movie/the-hot-chick,,54639509.0,104
9025,The Hot Flashes,https://www.metacritic.com/movie/the-hot-flashes,,,99
9026,The Hottest State,https://www.metacritic.com/movie/the-hottest-state,,,117
9027,The Hottie & the Nottie,https://www.metacritic.com/movie/the-hottie-the-nottie,,,91
9028,The Hours,https://www.metacritic.com/movie/the-hours,25000000.0,97030468.0,114
9029,The House,https://www.metacritic.com/movie/the-house,40000000.0,31192425.0,88
9030,The House Bunny,https://www.metacritic.com/movie/the-house-bunny,25000000.0,71390601.0,97
9031,The House I Live In,https://www.metacritic.com/movie/the-house-i-live-in,,,108
9032,The House of Mirth,https://www.metacritic.com/movie/the-house-of-mirth,10000000.0,5149131.0,140
9033,The House of the Devil,https://www.metacritic.com/movie/the-house-of-the-devil,900000.0,102812.0,95
9034,The House of Tomorrow,https://www.metacritic.com/movie/the-house-of-tomorrow,,3368.0,85
9035,The House That Jack Built,https://www.metacritic.com/movie/the-house-that-jack-built-2018,,2654096.0,152
9036,The House with a Clock in Its Walls,https://www.metacritic.com/movie/the-house-with-a-clock-in-its-walls,40000000.0,131457147.0,105
9037,The Housemaid,https://www.metacritic.com/movie/the-housemaid,,,106
9038,The Human Centipede (First Sequence),https://www.metacritic.com/movie/the-human-centipede-first-sequence,,,92
9039,The Human Centipede II (Full Sequence),https://www.metacritic.com/movie/the-human-centipede-ii-full-sequence,,,88
9040,The Human Centipede III (Final Sequence),https://www.metacritic.com/movie/the-human-centipede-iii-final-sequence,,,102
9041,The Human Factor,https://www.metacritic.com/movie/the-human-factor-2019,,42815.0,108
9042,The Human Race,https://www.metacritic.com/movie/the-human-race,,,87
9043,The Human Resources Manager,https://www.metacritic.com/movie/the-human-resources-manager,,,103
9044,The Human Scale,https://www.metacritic.com/movie/the-human-scale,,,83
9045,The Human Stain,https://www.metacritic.com/movie/the-human-stain,,19379387.0,106
9046,The Human Surge,https://www.metacritic.com/movie/the-human-surge,,,100
9047,The Human Voice,https://www.metacritic.com/movie/the-human-voice,,321229.0,30
9048,The Humans,https://www.metacritic.com/movie/the-humans,,19212.0,108
9049,The Humbling,https://www.metacritic.com/movie/the-humbling,,341495.0,112
9050,The Hummingbird Project,https://www.metacritic.com/movie/the-hummingbird-project,,1108905.0,111
9051,The Hundred-Foot Journey,https://www.metacritic.com/movie/the-hundred-foot-journey,22000000.0,94270488.0,122
9052,The Hunger Games,https://www.metacritic.com/movie/the-hunger-games,80000000.0,677923379.0,142
9053,The Hunger Games: Catching Fire,https://www.metacritic.com/movie/the-hunger-games-catching-fire,130000000.0,864868047.0,146
9054,The Hunger Games: Mockingjay - Part 1,https://www.metacritic.com/movie/the-hunger-games-mockingjay---part-1,125000000.0,766575131.0,123
9055,The Hunger Games: Mockingjay - Part 2,https://www.metacritic.com/movie/the-hunger-games-mockingjay---part-2,160000000.0,648986787.0,137
9056,The Hunt,https://www.metacritic.com/movie/the-hunt,,,115
9057,The Hunt,https://www.metacritic.com/movie/the-hunt-2019,18200000.0,12400979.0,90
9058,The Hunted,https://www.metacritic.com/movie/the-hunted,55000000.0,47213095.0,94
9059,The Hunter,https://www.metacritic.com/movie/the-hunter,,179048.0,90
9060,The Hunter,https://www.metacritic.com/movie/the-hunter-2012,,179048.0,100
9061,The Hunting Ground,https://www.metacritic.com/movie/the-hunting-ground,,411115.0,90
9062,The Hunting of the President,https://www.metacritic.com/movie/the-hunting-of-the-president,,405472.0,90
9063,The Hunting Party,https://www.metacritic.com/movie/the-hunting-party,40000000.0,7729552.0,101
9064,The Huntsman: Winter's War,https://www.metacritic.com/movie/the-huntsman-winters-war,115000000.0,165149302.0,114
9065,The Hurricane Heist,https://www.metacritic.com/movie/the-hurricane-heist,40000000.0,33222314.0,103
9066,The Hurt Locker,https://www.metacritic.com/movie/the-hurt-locker,15000000.0,49876984.0,131
9067,The Hustle,https://www.metacritic.com/movie/the-hustle,21000000.0,97409779.0,93
9068,The Ice Harvest,https://www.metacritic.com/movie/the-ice-harvest,,10156968.0,92
9069,The Ice Road,https://www.metacritic.com/movie/the-ice-road,,5519303.0,109
9070,The Iceman,https://www.metacritic.com/movie/the-iceman,10000000.0,3623609.0,105
9071,The Identical,https://www.metacritic.com/movie/the-identical,,,107
9072,The Ides of March,https://www.metacritic.com/movie/the-ides-of-march,23000000.0,77735925.0,101
9073,The Idiots,https://www.metacritic.com/movie/the-idiots,,10576.0,117
9074,The Idol,https://www.metacritic.com/movie/the-idol,,,100
9075,The Ignorant Fairies,https://www.metacritic.com/movie/the-ignorant-fairies,,,106
9076,The Illusionist,https://www.metacritic.com/movie/the-illusionist,16500000.0,83792062.0,110
9077,The Illusionist,https://www.metacritic.com/movie/the-illusionist-1969,,,80
9078,The Image Book,https://www.metacritic.com/movie/the-image-book,,,84
9079,The Imaginarium of Doctor Parnassus,https://www.metacritic.com/movie/the-imaginarium-of-doctor-parnassus,30000000.0,64352607.0,123
9080,The Imitation Game,https://www.metacritic.com/movie/the-imitation-game,15000000.0,227328585.0,114
9081,The Immigrant,https://www.metacritic.com/movie/the-immigrant,16000000.0,7585011.0,120
9082,The Immortalists,https://www.metacritic.com/movie/the-immortalists,,,78
9083,The Importance of Being Earnest,https://www.metacritic.com/movie/the-importance-of-being-earnest,15000000.0,8667209.0,97
9084,The Impossible,https://www.metacritic.com/movie/the-impossible,40000000.0,169590606.0,114
9085,The Imposter,https://www.metacritic.com/movie/the-imposter,,3232717.0,95
9086,The In Crowd,https://www.metacritic.com/movie/the-in-crowd,15000000.0,,105
9087,The In-Laws,https://www.metacritic.com/movie/the-in-laws,,24345659.0,98
9088,The Inbetweeners Movie,https://www.metacritic.com/movie/the-inbetweeners-movie,,,97
9089,The Incredible Burt Wonderstone,https://www.metacritic.com/movie/the-incredible-burt-wonderstone,32000000.0,27392609.0,100
9090,The Incredible Hulk,https://www.metacritic.com/movie/the-incredible-hulk,137500000.0,265573859.0,112
9091,The Incredible Jessica James,https://www.metacritic.com/movie/the-incredible-jessica-james,,,85
9092,The Incredibles,https://www.metacritic.com/movie/the-incredibles,92000000.0,631441092.0,115
9093,The Independent,https://www.metacritic.com/movie/the-independent,,,95
9094,The Inevitable Defeat of Mister and Pete,https://www.metacritic.com/movie/the-inevitable-defeat-of-mister-and-pete,,506303.0,108
9095,The Infiltrator,https://www.metacritic.com/movie/the-infiltrator,47500000.0,22152137.0,127
9096,The Infiltrators,https://www.metacritic.com/movie/the-infiltrators,,,95
9097,The Informant!,https://www.metacritic.com/movie/the-informant!,22000000.0,41771168.0,108
9098,The Informer,https://www.metacritic.com/movie/the-informer,60000000.0,2369336.0,113
9099,The Informers,https://www.metacritic.com/movie/the-informers,18000000.0,,98
9100,The Inheritance,https://www.metacritic.com/movie/the-inheritance,,,115
9101,The Inheritance,https://www.metacritic.com/movie/the-inheritance-2021,,,100
9102,The Innkeepers,https://www.metacritic.com/movie/the-innkeepers,750000.0,1011535.0,100
9103,The Innocents,https://www.metacritic.com/movie/the-innocents-2016,,,115
9104,The Institute,https://www.metacritic.com/movie/the-institute,,,92
9105,The Insult,https://www.metacritic.com/movie/the-insult,,,112
9106,The Intended,https://www.metacritic.com/movie/the-intended,,,110
9107,The Intern,https://www.metacritic.com/movie/the-intern,40000000.0,197115710.0,121
9108,The International,https://www.metacritic.com/movie/the-international,50000000.0,53850527.0,118
9109,The Internet's Own Boy: The Story of Aaron Swartz,https://www.metacritic.com/movie/the-internets-own-boy-the-story-of-aaron-swartz,,53114.0,105
9110,The Internship,https://www.metacritic.com/movie/the-internship,58000000.0,93672764.0,119
9111,The Interpreter,https://www.metacritic.com/movie/the-interpreter,90000000.0,162753837.0,128
9112,The Interrupters,https://www.metacritic.com/movie/the-interrupters,,,125
9113,The Intervention,https://www.metacritic.com/movie/the-intervention,,,90
9114,The Interview,https://www.metacritic.com/movie/the-interview,44000000.0,12342632.0,112
9115,The Intouchables,https://www.metacritic.com/movie/the-intouchables,,,112
9116,The Intruder,https://www.metacritic.com/movie/the-intruder,,,130
9117,The Intruder,https://www.metacritic.com/movie/the-intruder-2019,8000000.0,40597401.0,102
9118,The Invasion,https://www.metacritic.com/movie/the-invasion,80000000.0,40147042.0,99
9119,The Invention of Lying,https://www.metacritic.com/movie/the-invention-of-lying,18500000.0,32714818.0,99
9120,The Invisible,https://www.metacritic.com/movie/the-invisible,,23540266.0,102
9121,The Invisible Circus,https://www.metacritic.com/movie/the-invisible-circus,,496197.0,93
9122,The Invisible Man,https://www.metacritic.com/movie/the-invisible-man,7000000.0,138996774.0,124
9123,The Invisible War,https://www.metacritic.com/movie/the-invisible-war,,,93
9124,The Invisible Woman,https://www.metacritic.com/movie/the-invisible-woman,,1495398.0,111
9125,The Invisibles,https://www.metacritic.com/movie/the-invisibles,,,110
9126,The Invitation,https://www.metacritic.com/movie/the-invitation,1000000.0,354836.0,100
9127,The Iran Job,https://www.metacritic.com/movie/the-iran-job,,,90
9128,The Irishman,https://www.metacritic.com/movie/the-irishman,159000000.0,910234.0,209
9129,The Iron Ladies,https://www.metacritic.com/movie/the-iron-ladies,,,104
9130,The Iron Lady,https://www.metacritic.com/movie/the-iron-lady,14000000.0,115592104.0,105
9131,The Iron Ministry,https://www.metacritic.com/movie/the-iron-ministry,,545.0,82
9132,The Iron Orchard,https://www.metacritic.com/movie/the-iron-orchard,,,112
9133,The Island,https://www.metacritic.com/movie/the-island,120000000.0,163018913.0,136
9134,The Island President,https://www.metacritic.com/movie/the-island-president,,86331.0,101
9135,The Isle,https://www.metacritic.com/movie/the-isle,,,90
9136,The Italian,https://www.metacritic.com/movie/the-italian,,,90
9137,The Italian Job,https://www.metacritic.com/movie/the-italian-job,60000000.0,176262839.0,111
9138,The Ivory Game,https://www.metacritic.com/movie/the-ivory-game,,105.0,112
9139,The Jacket,https://www.metacritic.com/movie/the-jacket,28500000.0,15452978.0,103
9140,The Jane Austen Book Club,https://www.metacritic.com/movie/the-jane-austen-book-club,,,106
9141,The Jeffrey Dahmer Files,https://www.metacritic.com/movie/the-jeffrey-dahmer-files,,,76
9142,The Jesus Rolls,https://www.metacritic.com/movie/the-jesus-rolls,,64569.0,85
9143,The Joneses,https://www.metacritic.com/movie/the-joneses,10000000.0,3541565.0,96
9144,The Journey,https://www.metacritic.com/movie/the-journey,,471342.0,94
9145,The Judge,https://www.metacritic.com/movie/the-judge,50000000.0,76073556.0,141
9146,The Judge,https://www.metacritic.com/movie/the-judge-2018,,23126.0,76
9147,The Jungle Book 2,https://www.metacritic.com/movie/the-jungle-book-2,20000000.0,139924202.0,72
9148,The Jungle Book,https://www.metacritic.com/movie/the-jungle-book-2016,175000000.0,953554418.0,106
9149,The Keeper: The Legend of Omar Khayyam,https://www.metacritic.com/movie/the-keeper-the-legend-of-omar-khayyam,,,95
9150,The Keeping Room,https://www.metacritic.com/movie/the-keeping-room,,64593.0,95
9151,The Keys to the House,https://www.metacritic.com/movie/the-keys-to-the-house,,,105
9152,The Kid,https://www.metacritic.com/movie/the-kid,65000000.0,,104
9153,The Kid,https://www.metacritic.com/movie/the-kid-2019,7000000.0,1593173.0,100
9154,The Kid Detective,https://www.metacritic.com/movie/the-kid-detective,,367908.0,100
9155,The Kid & I,https://www.metacritic.com/movie/the-kid-i,,,93
9156,The Kid Stays in the Picture,https://www.metacritic.com/movie/the-kid-stays-in-the-picture,,1699809.0,93
9157,The Kid Who Would Be King,https://www.metacritic.com/movie/the-kid-who-would-be-king,59000000.0,28296983.0,120
9158,The Kid with a Bike,https://www.metacritic.com/movie/the-kid-with-a-bike,,,87
9159,The Kidnapping of Michel Houellebecq,https://www.metacritic.com/movie/the-kidnapping-of-michel-houellebecq,,,96
9160,The Kids Are All Right,https://www.metacritic.com/movie/the-kids-are-all-right,4000000.0,36275469.0,106
9161,The Kids Grow Up,https://www.metacritic.com/movie/the-kids-grow-up,,,90
9162,The Kill Team,https://www.metacritic.com/movie/the-kill-team,,,79
9163,The Kill Team,https://www.metacritic.com/movie/the-kill-team-2019,,372311.0,87
9164,The Killer Inside Me,https://www.metacritic.com/movie/the-killer-inside-me,13000000.0,5453369.0,109
9165,The Killing of a Sacred Deer,https://www.metacritic.com/movie/the-killing-of-a-sacred-deer,,6115919.0,121
9166,The Killing of John Lennon,https://www.metacritic.com/movie/the-killing-of-john-lennon,,,114
9167,The Killing of Two Lovers,https://www.metacritic.com/movie/the-killing-of-two-lovers,32000.0,104569.0,85
9168,The Kindergarten Teacher,https://www.metacritic.com/movie/the-kindergarten-teacher,,,119
9169,The Kindergarten Teacher,https://www.metacritic.com/movie/the-kindergarten-teacher-2018,2400000.0,552188.0,96
9170,The Kindness of Strangers,https://www.metacritic.com/movie/the-kindness-of-strangers,,,112
9171,The King,https://www.metacritic.com/movie/the-king,,723110.0,105
9172,The King,https://www.metacritic.com/movie/the-king-2018,,273610.0,107
9173,The King,https://www.metacritic.com/movie/the-king-2019,,127936.0,140
9174,The King Is Alive,https://www.metacritic.com/movie/the-king-is-alive,,,110
9175,The King of Kong: A Fistful of Quarters,https://www.metacritic.com/movie/the-king-of-kong-a-fistful-of-quarters,,,79
9176,The King of Staten Island,https://www.metacritic.com/movie/the-king-of-staten-island,,,136
9177,The Kingdom,https://www.metacritic.com/movie/the-kingdom,72500000.0,86802457.0,110
9178,The Kingdom of Dreams and Madness,https://www.metacritic.com/movie/the-kingdom-of-dreams-and-madness,,,118
9179,The Kingmaker,https://www.metacritic.com/movie/the-kingmaker,,352274.0,101
9180,The King's Choice,https://www.metacritic.com/movie/the-kings-choice,,,133
9181,The King's Man,https://www.metacritic.com/movie/the-kings-man,100000000.0,121656469.0,131
9182,The Kings of Summer,https://www.metacritic.com/movie/the-kings-of-summer,,1362609.0,95
9183,The King's Speech,https://www.metacritic.com/movie/the-kings-speech,15000000.0,430061213.0,118
9184,The Kissing Booth 2,https://www.metacritic.com/movie/the-kissing-booth-2,,,134
9185,The Kissing Booth 3,https://www.metacritic.com/movie/the-kissing-booth-3,,,
9186,The Kitchen,https://www.metacritic.com/movie/the-kitchen-2019,38000000.0,15779653.0,102
9187,The Kite Runner,https://www.metacritic.com/movie/the-kite-runner,20000000.0,74180745.0,128
9188,The Komediant,https://www.metacritic.com/movie/the-komediant,,,80
9189,The Ladies Man,https://www.metacritic.com/movie/the-ladies-man,11000000.0,13719474.0,84
9190,The Lady,https://www.metacritic.com/movie/the-lady,,2202291.0,132
9191,The Lady and the Duke,https://www.metacritic.com/movie/the-lady-and-the-duke,,,129
9192,The Lady in Question Is Charles Busch,https://www.metacritic.com/movie/the-lady-in-question-is-charles-busch,,,90
9193,The Lady in the Van,https://www.metacritic.com/movie/the-lady-in-the-van,6000000.0,42320503.0,104
9194,The Ladykillers,https://www.metacritic.com/movie/the-ladykillers,35000000.0,77392139.0,104
9195,The Lake House,https://www.metacritic.com/movie/the-lake-house,40000000.0,114830111.0,99
9196,The Land,https://www.metacritic.com/movie/the-land,1000000.0,,104
9197,The Land of Steady Habits,https://www.metacritic.com/movie/the-land-of-steady-habits,,,98
9198,The Last Airbender,https://www.metacritic.com/movie/the-last-airbender,150000000.0,319713881.0,103
9199,The Last Black Man in San Francisco,https://www.metacritic.com/movie/the-last-black-man-in-san-francisco,3000000.0,4638314.0,121
9200,The Last Castle,https://www.metacritic.com/movie/the-last-castle,60000000.0,20541668.0,131
9201,The Last Circus,https://www.metacritic.com/movie/the-last-circus,,,107
9202,The Last Days of American Crime,https://www.metacritic.com/movie/the-last-days-of-american-crime,,,148
9203,The Last Days on Mars,https://www.metacritic.com/movie/the-last-days-on-mars,10600000.0,261364.0,98
9204,The Last Duel,https://www.metacritic.com/movie/the-last-duel,100000000.0,30055233.0,152
9205,The Last Exorcism,https://www.metacritic.com/movie/the-last-exorcism,1800000.0,70165900.0,87
9206,The Last Exorcism Part II,https://www.metacritic.com/movie/the-last-exorcism-part-ii,4000000.0,25448707.0,88
9207,The Last Face,https://www.metacritic.com/movie/the-last-face,,703883.0,130
9208,The Last Family,https://www.metacritic.com/movie/the-last-family,,,123
9209,The Last Five Years,https://www.metacritic.com/movie/the-last-five-years,2000000.0,205298.0,94
9210,The Last Full Measure,https://www.metacritic.com/movie/the-last-full-measure,20000000.0,3321111.0,116
9211,The Last House on the Left,https://www.metacritic.com/movie/the-last-house-on-the-left,15000000.0,46526243.0,110
9212,The Last King of Scotland,https://www.metacritic.com/movie/the-last-king-of-scotland,6000000.0,49155371.0,123
9213,The Last Kiss,https://www.metacritic.com/movie/the-last-kiss,,,104
9214,The Last Laugh,https://www.metacritic.com/movie/the-last-laugh,,,88
9215,The Last Legion,https://www.metacritic.com/movie/the-last-legion,67000000.0,25357771.0,102
9216,The Last Lions,https://www.metacritic.com/movie/the-last-lions,,,88
9217,The Last Man,https://www.metacritic.com/movie/the-last-man,,,95
9218,The Last Man on the Moon,https://www.metacritic.com/movie/the-last-man-on-the-moon,,53961.0,95
9219,The Last Mercenary,https://www.metacritic.com/movie/the-last-mercenary,,,110
9220,The Last Mimzy,https://www.metacritic.com/movie/the-last-mimzy,,27519694.0,90
9221,The Last Mistress,https://www.metacritic.com/movie/the-last-mistress,,,104
9222,The Last Mogul,https://www.metacritic.com/movie/the-last-mogul,,,110
9223,The Last Mountain,https://www.metacritic.com/movie/the-last-mountain,,,95
9224,The Last Movie Star,https://www.metacritic.com/movie/the-last-movie-star,,,94
9225,The Last of Robin Hood,https://www.metacritic.com/movie/the-last-of-robin-hood,,,94
9226,The Last of the Unjust,https://www.metacritic.com/movie/the-last-of-the-unjust,,,220
9227,The Last Ride,https://www.metacritic.com/movie/the-last-ride,,,102
9228,The Last Rites of Joe May,https://www.metacritic.com/movie/the-last-rites-of-joe-may,,,107
9229,The Last Samurai,https://www.metacritic.com/movie/the-last-samurai,140000000.0,456810575.0,154
9230,The Last Sentence,https://www.metacritic.com/movie/the-last-sentence,,,126
9231,The Last September,https://www.metacritic.com/movie/the-last-september,,,103
9232,The Last Shaman,https://www.metacritic.com/movie/the-last-shaman,,,77
9233,The Last Shift,https://www.metacritic.com/movie/the-last-shift,,644318.0,90
9234,The Last Shot,https://www.metacritic.com/movie/the-last-shot,40000000.0,,93
9235,The Last Sin Eater,https://www.metacritic.com/movie/the-last-sin-eater,2200000.0,,117
9236,The Last Song,https://www.metacritic.com/movie/the-last-song,20000000.0,92678948.0,107
9237,The Last Station,https://www.metacritic.com/movie/the-last-station,,,112
9238,The Last Suit,https://www.metacritic.com/movie/the-last-suit,,,91
9239,The Last Thing He Wanted,https://www.metacritic.com/movie/the-last-thing-he-wanted,,,115
9240,The Last Time,https://www.metacritic.com/movie/the-last-time,,,96
9241,The Last Tree,https://www.metacritic.com/movie/the-last-tree,,228648.0,98
9242,The Last Vermeer,https://www.metacritic.com/movie/the-last-vermeer,,885224.0,118
9243,The Last Winter,https://www.metacritic.com/movie/the-last-winter,,,101
9244,The Last Witch Hunter,https://www.metacritic.com/movie/the-last-witch-hunter,80000000.0,130818912.0,106
9245,The Last Word,https://www.metacritic.com/movie/the-last-word,,4429210.0,108
9246,The Late Bloomer,https://www.metacritic.com/movie/the-late-bloomer,,,90
9247,The Laundromat,https://www.metacritic.com/movie/the-laundromat,,,95
9248,The Lavender Scare,https://www.metacritic.com/movie/the-lavender-scare,,,77
9249,The Law in These Parts,https://www.metacritic.com/movie/the-law-in-these-parts,,,
9250,The Layover,https://www.metacritic.com/movie/the-layover,,,88
9251,The Lazarus Effect,https://www.metacritic.com/movie/the-lazarus-effect,5000000.0,38359310.0,83
9252,The League of Extraordinary Gentlemen,https://www.metacritic.com/movie/the-league-of-extraordinary-gentlemen,78000000.0,179265204.0,110
9253,The Ledge,https://www.metacritic.com/movie/the-ledge,,336776.0,101
9254,The Legacy of a Whitetail Deer Hunter,https://www.metacritic.com/movie/the-legacy-of-a-whitetail-deer-hunter,,,83
9255,The Legend of Bagger Vance,https://www.metacritic.com/movie/the-legend-of-bagger-vance,60000000.0,39235486.0,126
9256,The Legend of Drunken Master,https://www.metacritic.com/movie/the-legend-of-drunken-master,10000000.0,,99
9257,The Legend of Hercules,https://www.metacritic.com/movie/the-legend-of-hercules,70000000.0,58953319.0,99
9258,The Legend of Leigh Bowery,https://www.metacritic.com/movie/the-legend-of-leigh-bowery,,,60
9259,The Legend of Pale Male,https://www.metacritic.com/movie/the-legend-of-pale-male,,,85
9260,The Legend of Tarzan,https://www.metacritic.com/movie/the-legend-of-tarzan,180000000.0,348902025.0,110
9261,The Legend of Zorro,https://www.metacritic.com/movie/the-legend-of-zorro,80000000.0,141475336.0,129
9262,The LEGO Batman Movie,https://www.metacritic.com/movie/the-lego-batman-movie,80000000.0,310570560.0,104
9263,The LEGO Movie,https://www.metacritic.com/movie/the-lego-movie,60000000.0,468084718.0,100
9264,The LEGO Movie 2: The Second Part,https://www.metacritic.com/movie/the-lego-movie-2-the-second-part,99000000.0,190131036.0,107
9265,The LEGO Ninjago Movie,https://www.metacritic.com/movie/the-lego-ninjago-movie,70000000.0,122737201.0,101
9266,The Leisure Seeker,https://www.metacritic.com/movie/the-leisure-seeker,,19340538.0,112
9267,The Lesson,https://www.metacritic.com/movie/the-lesson,,35470.0,105
9268,The Letter: An American Town and the 'Somali Invasion',https://www.metacritic.com/movie/the-letter-an-american-town-and-the-somali-invasion,,,76
9269,The Letters,https://www.metacritic.com/movie/the-letters,,,114
9270,The Levelling,https://www.metacritic.com/movie/the-levelling,,118421.0,83
9271,The Liberator,https://www.metacritic.com/movie/the-liberator,,,119
9272,The Libertine,https://www.metacritic.com/movie/the-libertine,22000000.0,9448623.0,114
9273,The Lie,https://www.metacritic.com/movie/the-lie,,,80
9274,The Lie,https://www.metacritic.com/movie/the-lie-2020,,,97
9275,The Life Ahead,https://www.metacritic.com/movie/the-life-ahead,,,94
9276,The Life and Crimes of Doris Payne,https://www.metacritic.com/movie/the-life-and-crimes-of-doris-payne,,,74
9277,The Life and Times of Hank Greenberg,https://www.metacritic.com/movie/the-life-and-times-of-hank-greenberg,,,90
9278,The Life Aquatic with Steve Zissou,https://www.metacritic.com/movie/the-life-aquatic-with-steve-zissou,50000000.0,34806726.0,119
9279,The Life Before Her Eyes,https://www.metacritic.com/movie/the-life-before-her-eyes,,,90
9280,The Life of David Gale,https://www.metacritic.com/movie/the-life-of-david-gale,50000000.0,28920188.0,130
9281,The Life of Reilly,https://www.metacritic.com/movie/the-life-of-reilly,,,84
9282,The Lifeguard,https://www.metacritic.com/movie/the-lifeguard,,,98
9283,The Light Between Oceans,https://www.metacritic.com/movie/the-light-between-oceans,20000000.0,22281732.0,133
9284,The Light of the Moon,https://www.metacritic.com/movie/the-light-of-the-moon,,,90
9285,The Lighthouse,https://www.metacritic.com/movie/the-lighthouse-2019,4000000.0,18333211.0,109
9286,The Limehouse Golem,https://www.metacritic.com/movie/the-limehouse-golem,,2174568.0,109
9287,The Limits of Control,https://www.metacritic.com/movie/the-limits-of-control,,616577.0,116
9288,The Lincoln Lawyer,https://www.metacritic.com/movie/the-lincoln-lawyer,40000000.0,87145086.0,119
9289,The Lion King,https://www.metacritic.com/movie/the-lion-king-2019,260000000.0,1654367425.0,118
9290,The Little Death,https://www.metacritic.com/movie/the-little-death,,1337808.0,96
9291,The Little Hours,https://www.metacritic.com/movie/the-little-hours,,,90
9292,The Little Prince,https://www.metacritic.com/movie/the-little-prince,,,108
9293,The Little Stranger,https://www.metacritic.com/movie/the-little-stranger,,1825857.0,111
9294,The Little Things,https://www.metacritic.com/movie/the-little-things,30000000.0,29735222.0,127
9295,The Little Traitor,https://www.metacritic.com/movie/the-little-traitor,,,88
9296,The Little Vampire,https://www.metacritic.com/movie/the-little-vampire,22000000.0,13560782.0,95
9297,The Lives of Others,https://www.metacritic.com/movie/the-lives-of-others,,,137
9298,The Living Wake,https://www.metacritic.com/movie/the-living-wake,500000.0,,91
9299,The Lizzie McGuire Movie,https://www.metacritic.com/movie/the-lizzie-mcguire-movie,15000000.0,55534455.0,94
9300,The Load,https://www.metacritic.com/movie/the-load,,,98
9301,The Lobster,https://www.metacritic.com/movie/the-lobster,,,119
9302,The Lodge,https://www.metacritic.com/movie/the-lodge,,3090713.0,108
9303,The Lodger,https://www.metacritic.com/movie/the-lodger,,,95
9304,The Lodgers,https://www.metacritic.com/movie/the-lodgers,,801786.0,92
9305,The Loft,https://www.metacritic.com/movie/the-loft,,11401518.0,108
9306,The Loneliest Planet,https://www.metacritic.com/movie/the-loneliest-planet,,244720.0,113
9307,The Loneliest Whale: The Search for 52,https://www.metacritic.com/movie/the-loneliest-whale-the-search-for-52,,,96
9308,The Long Dumb Road,https://www.metacritic.com/movie/the-long-dumb-road,,,90
9309,The Longest Ride,https://www.metacritic.com/movie/the-longest-ride,34000000.0,63802928.0,139
9310,The Longest Week,https://www.metacritic.com/movie/the-longest-week,,,86
9311,The Longest Yard,https://www.metacritic.com/movie/the-longest-yard,82000000.0,191558505.0,113
9312,The Longshots,https://www.metacritic.com/movie/the-longshots,23000000.0,11778396.0,94
9313,The Look,https://www.metacritic.com/movie/the-look,,,90
9314,The Look of Love,https://www.metacritic.com/movie/the-look-of-love,,603119.0,101
9315,The Look of Silence,https://www.metacritic.com/movie/the-look-of-silence,,337331.0,103
9316,The Lookout,https://www.metacritic.com/movie/the-lookout,,5555018.0,99
9317,The Lord of the Rings: The Fellowship of the Ring,https://www.metacritic.com/movie/the-lord-of-the-rings-the-fellowship-of-the-ring,93000000.0,891216824.0,178
9318,The Lord of the Rings: The Return of the King,https://www.metacritic.com/movie/the-lord-of-the-rings-the-return-of-the-king,94000000.0,1120214046.0,201
9319,The Lord of the Rings: The Two Towers,https://www.metacritic.com/movie/the-lord-of-the-rings-the-two-towers,94000000.0,919148764.0,179
9320,The Lords of Salem,https://www.metacritic.com/movie/the-lords-of-salem,1500000.0,1541131.0,101
9321,The Losers,https://www.metacritic.com/movie/the-losers,25000000.0,29863840.0,97
9322,The Loss of a Teardrop Diamond,https://www.metacritic.com/movie/the-loss-of-a-teardrop-diamond,,,102
9323,The Lost Arcade,https://www.metacritic.com/movie/the-lost-arcade,,,79
9324,The Lost City,https://www.metacritic.com/movie/the-lost-city,9600000.0,5256839.0,144
9325,The Lost City of Z,https://www.metacritic.com/movie/the-lost-city-of-z,30000000.0,17121823.0,141
9326,The Lost Daughter,https://www.metacritic.com/movie/the-lost-daughter,,333298.0,121
9327,The Lost Husband,https://www.metacritic.com/movie/the-lost-husband,,,109
9328,The Lost Leonardo,https://www.metacritic.com/movie/the-lost-leonardo,,571693.0,90
9329,The Lost Skeleton of Cadavra,https://www.metacritic.com/movie/the-lost-skeleton-of-cadavra,100000.0,,90
9330,The Lottery,https://www.metacritic.com/movie/the-lottery,,,81
9331,The Love Guru,https://www.metacritic.com/movie/the-love-guru,62000000.0,40159017.0,87
9332,The Love Punch,https://www.metacritic.com/movie/the-love-punch,,2890810.0,94
9333,The Love We Make,https://www.metacritic.com/movie/the-love-we-make,,,94
9334,The Love Witch,https://www.metacritic.com/movie/the-love-witch,,281063.0,120
9335,The Lovebirds,https://www.metacritic.com/movie/the-lovebirds,,,86
9336,The Lovely Bones,https://www.metacritic.com/movie/the-lovely-bones,95000000.0,94894448.0,136
9337,The Lovers,https://www.metacritic.com/movie/the-lovers,35000000.0,53899.0,109
9338,The Lovers,https://www.metacritic.com/movie/the-lovers-2017,,2216374.0,97
9339,The Lovers and the Despot,https://www.metacritic.com/movie/the-lovers-and-the-despot,,106626.0,98
9340,The Low Down,https://www.metacritic.com/movie/the-low-down,,,96
9341,The Lucky One,https://www.metacritic.com/movie/the-lucky-one,25000000.0,96633833.0,101
9342,The Lucky Ones,https://www.metacritic.com/movie/the-lucky-ones,14000000.0,,115
9343,The Lunchbox,https://www.metacritic.com/movie/the-lunchbox,1700000.0,15517886.0,104
9344,The Lure,https://www.metacritic.com/movie/the-lure,,1327.0,92
9345,The Luzhin Defence,https://www.metacritic.com/movie/the-luzhin-defence,,,109
9346,The M Word,https://www.metacritic.com/movie/the-m-word,,,117
9347,The Macaluso Sisters,https://www.metacritic.com/movie/the-macaluso-sisters,,,89
9348,The Machine,https://www.metacritic.com/movie/the-machine,,,91
9349,The Machine Which Makes Everything Disappear,https://www.metacritic.com/movie/the-machine-which-makes-everything-disappear,,,97
9350,The Machinist,https://www.metacritic.com/movie/the-machinist,5000000.0,8655397.0,101
9351,The Mad Women's Ball,https://www.metacritic.com/movie/the-mad-womens-ball,,,121
9352,The Mafia Only Kills in Summer,https://www.metacritic.com/movie/the-mafia-only-kills-in-summer,,,90
9353,The Magdalene Sisters,https://www.metacritic.com/movie/the-magdalene-sisters,,25218042.0,119
9354,The Magic of Belle Isle,https://www.metacritic.com/movie/the-magic-of-belle-isle,,125417.0,109
9355,The Magnificent Seven,https://www.metacritic.com/movie/the-magnificent-seven,90000000.0,162122642.0,133
9356,The Maid,https://www.metacritic.com/movie/the-maid,,,95
9357,The Maid's Room,https://www.metacritic.com/movie/the-maids-room,600000.0,,98
9358,The Main Event,https://www.metacritic.com/movie/the-main-event,,,101
9359,The Majestic,https://www.metacritic.com/movie/the-majestic,72000000.0,37306334.0,152
9360,The Man,https://www.metacritic.com/movie/the-man,20000000.0,10393696.0,83
9361,The Man from Elysian Fields,https://www.metacritic.com/movie/the-man-from-elysian-fields,,,106
9362,The Man from U.N.C.L.E.,https://www.metacritic.com/movie/the-man-from-uncle,75000000.0,108517735.0,116
9363,"The Man Nobody Knew: In Search of My Father, CIA Spymaster William Colby",https://www.metacritic.com/movie/the-man-nobody-knew-in-search-of-my-father-cia-spymaster-william-colby,,,104
9364,The Man Who Bought Mustique,https://www.metacritic.com/movie/the-man-who-bought-mustique,,,78
9365,The Man Who Copied,https://www.metacritic.com/movie/the-man-who-copied,,,124
9366,The Man Who Cried,https://www.metacritic.com/movie/the-man-who-cried,,1790840.0,100
9367,The Man Who Invented Christmas,https://www.metacritic.com/movie/the-man-who-invented-christmas,,8558693.0,104
9368,The Man Who Killed Don Quixote,https://www.metacritic.com/movie/the-man-who-killed-don-quixote,,,132
9369,The Man Who Killed Hitler and Then The Bigfoot,https://www.metacritic.com/movie/the-man-who-killed-hitler-and-then-the-bigfoot,,,98
9370,The Man Who Knew Infinity,https://www.metacritic.com/movie/the-man-who-knew-infinity,10000000.0,12382122.0,108
9371,The Man Who Sold His Skin,https://www.metacritic.com/movie/the-man-who-sold-his-skin,,169214.0,104
9372,The Man Who Wasn't There,https://www.metacritic.com/movie/the-man-who-wasnt-there,,21494849.0,116
9373,The Man with the Iron Fists,https://www.metacritic.com/movie/the-man-with-the-iron-fists,15000000.0,22018988.0,95
9374,The Man Without a Past,https://www.metacritic.com/movie/the-man-without-a-past,,,97
9375,The Manchurian Candidate,https://www.metacritic.com/movie/the-manchurian-candidate,80000000.0,96135872.0,129
9376,The Manson Family,https://www.metacritic.com/movie/the-manson-family,,,95
9377,The Many Saints of Newark,https://www.metacritic.com/movie/the-many-saints-of-newark,50000000.0,12732039.0,120
9378,The Map of Tiny Perfect Things,https://www.metacritic.com/movie/the-map-of-tiny-perfect-things,,,139
9379,The Marc Pease Experience,https://www.metacritic.com/movie/the-marc-pease-experience,,394033.0,84
9380,The Marine,https://www.metacritic.com/movie/the-marine,15000000.0,22165608.0,92
9381,The Marksman,https://www.metacritic.com/movie/the-marksman,23000000.0,21197274.0,108
9382,The Martian,https://www.metacritic.com/movie/the-martian,108000000.0,653609107.0,144
9383,The Master,https://www.metacritic.com/movie/the-master,37500000.0,50879131.0,144
9384,The Master of Disguise,https://www.metacritic.com/movie/the-master-of-disguise,16000000.0,,80
9385,The Matador,https://www.metacritic.com/movie/the-matador-2005,10000000.0,17300838.0,96
9386,The Matchmaker,https://www.metacritic.com/movie/the-matchmaker,,,112
9387,The Matrix Reloaded,https://www.metacritic.com/movie/the-matrix-reloaded,150000000.0,738576929.0,138
9388,The Matrix Resurrections,https://www.metacritic.com/movie/the-matrix-resurrections,190000000.0,156467817.0,148
9389,The Matrix Revolutions,https://www.metacritic.com/movie/the-matrix-revolutions,150000000.0,427300260.0,129
9390,The Mauritanian,https://www.metacritic.com/movie/the-mauritanian,,6892618.0,129
9391,The Maze Runner,https://www.metacritic.com/movie/the-maze-runner,34000000.0,348319861.0,113
9392,The Meaning of Hitler,https://www.metacritic.com/movie/the-meaning-of-hitler,,,92
9393,The Measure of a Man,https://www.metacritic.com/movie/the-measure-of-a-man,,,91
9394,The Mechanic,https://www.metacritic.com/movie/the-mechanic,42500000.0,76347393.0,92
9395,The Medallion,https://www.metacritic.com/movie/the-medallion,41000000.0,,88
9396,The Meddler,https://www.metacritic.com/movie/the-meddler,3200000.0,5526942.0,100
9397,The Meg,https://www.metacritic.com/movie/the-meg,178000000.0,527370715.0,113
9398,The Memory of a Killer,https://www.metacritic.com/movie/the-memory-of-a-killer,,,123
9399,The Men Who Stare at Goats,https://www.metacritic.com/movie/the-men-who-stare-at-goats,24000000.0,67348218.0,94
9400,The Mend,https://www.metacritic.com/movie/the-mend,,,111
9401,The Merchant of Venice,https://www.metacritic.com/movie/the-merchant-of-venice,30000000.0,18765585.0,138
9402,The Mercy,https://www.metacritic.com/movie/the-mercy,,2845516.0,112
9403,The Mermaid,https://www.metacritic.com/movie/the-mermaid,,,94
9404,The Merry Gentleman,https://www.metacritic.com/movie/the-merry-gentleman,,,
9405,The Messenger,https://www.metacritic.com/movie/the-messenger,6500000.0,1744952.0,113
9406,The Messengers,https://www.metacritic.com/movie/the-messengers,16000000.0,53774833.0,90
9407,The Mexican,https://www.metacritic.com/movie/the-mexican,40000000.0,145238250.0,123
9408,The Meyerowitz Stories (New and Selected),https://www.metacritic.com/movie/the-meyerowitz-stories-new-and-selected,,,112
9409,The Middle of the World,https://www.metacritic.com/movie/the-middle-of-the-world,,,85
9410,The Midnight Sky,https://www.metacritic.com/movie/the-midnight-sky,100000000.0,75615.0,122
9411,The Midwife,https://www.metacritic.com/movie/the-midwife,,,117
9412,The Mighty Macs,https://www.metacritic.com/movie/the-mighty-macs,7000000.0,,102
9413,The Milk of Sorrow,https://www.metacritic.com/movie/the-milk-of-sorrow,,,94
9414,The Mill and the Cross,https://www.metacritic.com/movie/the-mill-and-the-cross,,,92
9415,The Million Dollar Hotel,https://www.metacritic.com/movie/the-million-dollar-hotel,,,122
9416,The Mind's Eye,https://www.metacritic.com/movie/the-minds-eye,,,87
9417,The Miracle Season,https://www.metacritic.com/movie/the-miracle-season,,10279655.0,101
9418,The Misandrists,https://www.metacritic.com/movie/the-misandrists,,,91
9419,The Miseducation of Cameron Post,https://www.metacritic.com/movie/the-miseducation-of-cameron-post,900000.0,2019874.0,91
9420,The Misfits,https://www.metacritic.com/movie/the-misfits-2021,,955916.0,94
9421,The Misfortunates,https://www.metacritic.com/movie/the-misfortunates,,,108
9422,The Missing,https://www.metacritic.com/movie/the-missing,65000000.0,38253433.0,137
9423,The Missing Person,https://www.metacritic.com/movie/the-missing-person,2000000.0,,95
9424,The Missing Picture,https://www.metacritic.com/movie/the-missing-picture,,,92
9425,The Mist,https://www.metacritic.com/movie/the-mist,13000000.0,57189408.0,126
9426,The Mitchells vs. The Machines,https://www.metacritic.com/movie/the-mitchells-vs-the-machines,,,113
9427,The Mole Agent,https://www.metacritic.com/movie/the-mole-agent,,,84
9428,The Moment,https://www.metacritic.com/movie/the-moment,,,90
9429,The Monastery: Mr. Vig and the Nun,https://www.metacritic.com/movie/the-monastery-mr-vig-and-the-nun,,,84
9430,The Monk,https://www.metacritic.com/movie/the-monk,,,101
9431,The Monkey's Mask,https://www.metacritic.com/movie/the-monkeys-mask,,,93
9432,The Monster,https://www.metacritic.com/movie/the-monster,,86288.0,91
9433,The Monuments Men,https://www.metacritic.com/movie/the-monuments-men,70000000.0,158702748.0,118
9434,The Mortal Instruments: City of Bones,https://www.metacritic.com/movie/the-mortal-instruments-city-of-bones,60000000.0,75965567.0,130
9435,The Mortuary Collection,https://www.metacritic.com/movie/the-mortuary-collection,,307160.0,108
9436,The Most Beautiful Boy in the World,https://www.metacritic.com/movie/the-most-beautiful-boy-in-the-world,,7740.0,93
9437,The Most Dangerous Man in America: Daniel Ellsberg and the Pentagon Papers,https://www.metacritic.com/movie/the-most-dangerous-man-in-america-daniel-ellsberg-and-the-pentagon-papers,,,92
9438,The Most Hated Woman in America,https://www.metacritic.com/movie/the-most-hated-woman-in-america,,,91
9439,The Mostly Unfabulous Social Life of Ethan Green,https://www.metacritic.com/movie/the-mostly-unfabulous-social-life-of-ethan-green,,,88
9440,The Motel,https://www.metacritic.com/movie/the-motel,250000.0,,75
9441,The Motel Life,https://www.metacritic.com/movie/the-motel-life,,,85
9442,The Moth Diaries,https://www.metacritic.com/movie/the-moth-diaries,,731061.0,82
9443,The Mother,https://www.metacritic.com/movie/the-mother,,3038677.0,112
9444,The Mothman Prophecies,https://www.metacritic.com/movie/the-mothman-prophecies,42000000.0,56438555.0,119
9445,The Motorcycle Diaries,https://www.metacritic.com/movie/the-motorcycle-diaries,,54966165.0,126
9446,The Mountain,https://www.metacritic.com/movie/the-mountain,,,106
9447,The Mountain Between Us,https://www.metacritic.com/movie/the-mountain-between-us,,62617547.0,112
9448,The Mudge Boy,https://www.metacritic.com/movie/the-mudge-boy,800000.0,,94
9449,The Mule,https://www.metacritic.com/movie/the-mule-2018,50000000.0,173453994.0,116
9450,The Mummy,https://www.metacritic.com/movie/the-mummy-2017,195000000.0,409953905.0,110
9451,The Mummy Returns,https://www.metacritic.com/movie/the-mummy-returns,98000000.0,435040395.0,130
9452,The Mummy: Tomb of the Dragon Emperor,https://www.metacritic.com/movie/the-mummy-tomb-of-the-dragon-emperor,175000000.0,405760225.0,112
9453,The Muppets,https://www.metacritic.com/movie/the-muppets,45000000.0,160971922.0,98
9454,The Music Never Stopped,https://www.metacritic.com/movie/the-music-never-stopped,,301403.0,106
9455,The Music of Strangers: Yo-Yo Ma and the Silk Road Ensemble,https://www.metacritic.com/movie/the-music-of-strangers-yo-yo-ma-and-the-silk-road-ensemble,,1593768.0,96
9456,The Musketeer,https://www.metacritic.com/movie/the-musketeer,40000000.0,,104
9457,The Muslims Are Coming!,https://www.metacritic.com/movie/the-muslims-are-coming!,,,81
9458,The Mustang,https://www.metacritic.com/movie/the-mustang,,6699047.0,96
9459,The Mysteries of Pittsburgh,https://www.metacritic.com/movie/the-mysteries-of-pittsburgh,,,95
9460,The Mystic Masseur,https://www.metacritic.com/movie/the-mystic-masseur,,,117
9461,The Myth of the American Sleepover,https://www.metacritic.com/movie/the-myth-of-the-american-sleepover,,,93
9462,The Names of Love,https://www.metacritic.com/movie/the-names-of-love,,,102
9463,The Namesake,https://www.metacritic.com/movie/the-namesake,8500000.0,20288774.0,122
9464,The Nanny Diaries,https://www.metacritic.com/movie/the-nanny-diaries,,45991195.0,105
9465,The Nativity Story,https://www.metacritic.com/movie/the-nativity-story,35000000.0,46309644.0,101
9466,The Nazi Officer's Wife,https://www.metacritic.com/movie/the-nazi-officers-wife,,,90
9467,The Neon Demon,https://www.metacritic.com/movie/the-neon-demon,7500000.0,3559803.0,118
9468,The Nest,https://www.metacritic.com/movie/the-nest,,1762096.0,107
9469,The New Black,https://www.metacritic.com/movie/the-new-black,,,80
9470,The New Girlfriend,https://www.metacritic.com/movie/the-new-girlfriend,,,108
9471,The New Guy,https://www.metacritic.com/movie/the-new-guy,13000000.0,,88
9472,The New Mutants,https://www.metacritic.com/movie/the-new-mutants,67000000.0,44612280.0,94
9473,The New Radical,https://www.metacritic.com/movie/the-new-radical,,,117
9474,The New Rijksmuseum,https://www.metacritic.com/movie/the-new-rijksmuseum,,,120
9475,The New Romantic,https://www.metacritic.com/movie/the-new-romantic,,,82
9476,The New World,https://www.metacritic.com/movie/the-new-world,30000000.0,26184400.0,135
9477,The Next Best Thing,https://www.metacritic.com/movie/the-next-best-thing,25000000.0,24355762.0,108
9478,The Next Big Thing,https://www.metacritic.com/movie/the-next-big-thing,,,87
9479,The Next Three Days,https://www.metacritic.com/movie/the-next-three-days,30000000.0,67255916.0,122
9480,The Nice Guys,https://www.metacritic.com/movie/the-nice-guys,50000000.0,59596747.0,116
9481,The Night,https://www.metacritic.com/movie/the-night,,,105
9482,The Night Before,https://www.metacritic.com/movie/the-night-before,25000000.0,52568099.0,101
9483,The Night Clerk,https://www.metacritic.com/movie/the-night-clerk,,245884.0,90
9484,The Night Eats the World,https://www.metacritic.com/movie/the-night-eats-the-world,,,93
9485,The Night House,https://www.metacritic.com/movie/the-night-house,,15500000.0,107
9486,"The Night Is Short, Walk On Girl",https://www.metacritic.com/movie/the-night-is-short-walk-on-girl,,,92
9487,The Night Listener,https://www.metacritic.com/movie/the-night-listener,4000000.0,10770993.0,82
9488,The Nightingale,https://www.metacritic.com/movie/the-nightingale-2018,,910088.0,136
9489,The Nightmare,https://www.metacritic.com/movie/the-nightmare,,30923.0,91
9490,The Nile Hilton Incident,https://www.metacritic.com/movie/the-nile-hilton-incident,,3921717.0,106
9491,The Nines,https://www.metacritic.com/movie/the-nines,,,100
9492,The Ninth Day,https://www.metacritic.com/movie/the-ninth-day,,,98
9493,The Ninth Gate,https://www.metacritic.com/movie/the-ninth-gate,38000000.0,58394308.0,133
9494,The Nomi Song,https://www.metacritic.com/movie/the-nomi-song,,,98
9495,The Notebook,https://www.metacritic.com/movie/the-notebook,30000000.0,115937163.0,123
9496,The Notebook,https://www.metacritic.com/movie/the-notebook-2014,,,112
9497,The Notorious Bettie Page,https://www.metacritic.com/movie/the-notorious-bettie-page,,1779570.0,91
9498,The November Man,https://www.metacritic.com/movie/the-november-man,15000000.0,34820335.0,108
9499,The Novice,https://www.metacritic.com/movie/the-novice,,,94
9500,The Nowhere Inn,https://www.metacritic.com/movie/the-nowhere-inn,,59832.0,92
9501,The Numbers Station,https://www.metacritic.com/movie/the-numbers-station,,36211.0,89
9502,The Nun,https://www.metacritic.com/movie/the-nun-2018,22000000.0,363391647.0,96
9503,The Nut Job,https://www.metacritic.com/movie/the-nut-job,30000000.0,122529966.0,85
9504,The Nut Job 2: Nutty by Nature,https://www.metacritic.com/movie/the-nut-job-2-nutty-by-nature,40000000.0,57424952.0,91
9505,The Nutcracker,https://www.metacritic.com/movie/the-nutcracker,,,
9506,The Nutcracker and the Four Realms,https://www.metacritic.com/movie/the-nutcracker-and-the-four-realms,132900000.0,170024300.0,99
9507,The Oak Room,https://www.metacritic.com/movie/the-oak-room,,,90
9508,The Oath,https://www.metacritic.com/movie/the-oath,,,90
9509,The Oath,https://www.metacritic.com/movie/the-oath-2018,,403853.0,93
9510,The Odd Life of Timothy Green,https://www.metacritic.com/movie/the-odd-life-of-timothy-green,40000000.0,55249159.0,105
9511,The Oh in Ohio,https://www.metacritic.com/movie/the-oh-in-ohio,5000000.0,648183.0,88
9512,The Old Guard,https://www.metacritic.com/movie/the-old-guard,,,125
9513,The Old Man & the Gun,https://www.metacritic.com/movie/the-old-man-the-gun,,,93
9514,The Omen,https://www.metacritic.com/movie/the-omen,25000000.0,119295584.0,110
9515,The One,https://www.metacritic.com/movie/the-one,49000000.0,72689126.0,87
9516,The One and Only Dick Gregory,https://www.metacritic.com/movie/the-one-and-only-dick-gregory,,,113
9517,The One and Only Ivan,https://www.metacritic.com/movie/the-one-and-only-ivan,,,95
9518,The One I Love,https://www.metacritic.com/movie/the-one-i-love,,606849.0,91
9519,The Ones Below,https://www.metacritic.com/movie/the-ones-below,,108391.0,87
9520,The Only Living Boy in New York,https://www.metacritic.com/movie/the-only-living-boy-in-new-york,,2056158.0,89
9521,The Oogieloves in the Big Balloon Adventure,https://www.metacritic.com/movie/the-oogieloves-in-the-big-balloon-adventure,20000000.0,,88
9522,The Operative,https://www.metacritic.com/movie/the-operative-2019,,1432010.0,116
9523,The Operator,https://www.metacritic.com/movie/the-operator,,,102
9524,The Opportunists,https://www.metacritic.com/movie/the-opportunists,,,90
9525,The Oranges,https://www.metacritic.com/movie/the-oranges,,1941667.0,90
9526,The Ordeal,https://www.metacritic.com/movie/the-ordeal,,,88
9527,The Order,https://www.metacritic.com/movie/the-order,35000000.0,11559747.0,102
9528,The Order of Myths,https://www.metacritic.com/movie/the-order-of-myths,,,97
9529,The Original Kings of Comedy,https://www.metacritic.com/movie/the-original-kings-of-comedy,3000000.0,38236338.0,115
9530,The Ornithologist,https://www.metacritic.com/movie/the-ornithologist,,,117
9531,The Orphanage,https://www.metacritic.com/movie/the-orphanage,,,105
9532,The Other Boleyn Girl,https://www.metacritic.com/movie/the-other-boleyn-girl,40000000.0,78269970.0,115
9533,The Other Dream Team,https://www.metacritic.com/movie/the-other-dream-team,500000.0,314444.0,89
9534,The Other End of the Line,https://www.metacritic.com/movie/the-other-end-of-the-line,2500000.0,507446.0,106
9535,The Other F Word,https://www.metacritic.com/movie/the-other-f-word,,,98
9536,The Other Guys,https://www.metacritic.com/movie/the-other-guys,100000000.0,170936470.0,107
9537,The Other Half,https://www.metacritic.com/movie/the-other-half,,,103
9538,The Other Lamb,https://www.metacritic.com/movie/the-other-lamb,,7507.0,97
9539,The Other Man,https://www.metacritic.com/movie/the-other-man,,,88
9540,The Other Side,https://www.metacritic.com/movie/the-other-side,,,92
9541,The Other Side of Heaven,https://www.metacritic.com/movie/the-other-side-of-heaven,,,113
9542,The Other Side of Hope,https://www.metacritic.com/movie/the-other-side-of-hope,,,100
9543,The Other Side of the Bed,https://www.metacritic.com/movie/the-other-side-of-the-bed,,,114
9544,The Other Side of the Door,https://www.metacritic.com/movie/the-other-side-of-the-door,5000000.0,12905107.0,96
9545,The Other Side of the Street,https://www.metacritic.com/movie/the-other-side-of-the-street,,,98
9546,The Other Side of the Wind,https://www.metacritic.com/movie/the-other-side-of-the-wind,,,122
9547,The Other Son,https://www.metacritic.com/movie/the-other-son,,,105
9548,The Other Story,https://www.metacritic.com/movie/the-other-story,,,112
9549,The Other Woman,https://www.metacritic.com/movie/the-other-woman,,1455527.0,119
9550,The Other Woman,https://www.metacritic.com/movie/the-other-woman-2014,40000000.0,195111193.0,109
9551,The Others,https://www.metacritic.com/movie/the-others,17000000.0,207765056.0,104
9552,The Ottoman Lieutenant,https://www.metacritic.com/movie/the-ottoman-lieutenant,,413844.0,106
9553,The Outpost,https://www.metacritic.com/movie/the-outpost,,2099652.0,123
9554,The Outrageous Sophie Tucker,https://www.metacritic.com/movie/the-outrageous-sophie-tucker,500000.0,,96
9555,The Outside Story,https://www.metacritic.com/movie/the-outside-story,,,85
9556,The Outsider,https://www.metacritic.com/movie/the-outsider,,,85
9557,The Outsider,https://www.metacritic.com/movie/the-outsider-2014,,,94
9558,The Outsider,https://www.metacritic.com/movie/the-outsider-2018,,,120
9559,The Overnight,https://www.metacritic.com/movie/the-overnight,200000.0,1165996.0,79
9560,The Overnighters,https://www.metacritic.com/movie/the-overnighters,,120610.0,102
9561,The Pacifier,https://www.metacritic.com/movie/the-pacifier,56000000.0,198006880.0,95
9562,The Pact,https://www.metacritic.com/movie/the-pact,,5804574.0,89
9563,The Pact 2,https://www.metacritic.com/movie/the-pact-2,,,96
9564,The Page Turner,https://www.metacritic.com/movie/the-page-turner,,,85
9565,The Painted Bird,https://www.metacritic.com/movie/the-painted-bird,,,169
9566,The Painted Veil,https://www.metacritic.com/movie/the-painted-veil,19400000.0,15118795.0,125
9567,The Painter and the Thief,https://www.metacritic.com/movie/the-painter-and-the-thief,,124430.0,102
9568,The Painting (Le Tableau),https://www.metacritic.com/movie/the-painting-le-tableau,,,76
9569,The Paper Tigers,https://www.metacritic.com/movie/the-paper-tigers,,,108
9570,The Paperboy,https://www.metacritic.com/movie/the-paperboy,12500000.0,4027663.0,107
9571,The Party,https://www.metacritic.com/movie/the-party,,5243335.0,71
9572,The Party's Just Beginning,https://www.metacritic.com/movie/the-partys-just-beginning,,4371.0,91
9573,The Passion of the Christ,https://www.metacritic.com/movie/the-passion-of-the-christ,25000000.0,622313635.0,127
9574,The Past,https://www.metacritic.com/movie/the-past,,,130
9575,The Patience Stone,https://www.metacritic.com/movie/the-patience-stone,,,102
9576,The Patriot,https://www.metacritic.com/movie/the-patriot,110000000.0,215300000.0,165
9577,The Peanut Butter Falcon,https://www.metacritic.com/movie/the-peanut-butter-falcon,6200000.0,23200203.0,97
9578,The Peanuts Movie,https://www.metacritic.com/movie/the-peanuts-movie,99000000.0,250091610.0,88
9579,The Pearl Button,https://www.metacritic.com/movie/the-pearl-button,,,82
9580,Adventures of the Penguin King,https://www.metacritic.com/movie/the-penguin-king-3d,,,78
9581,The People I've Slept With,https://www.metacritic.com/movie/the-people-ive-slept-with,,,89
9582,The People vs. Fritz Bauer,https://www.metacritic.com/movie/the-people-vs-fritz-bauer,,,105
9583,The People vs. George Lucas,https://www.metacritic.com/movie/the-people-vs-george-lucas,,,93
9584,The Perfect Age of Rock 'n' Roll,https://www.metacritic.com/movie/the-perfect-age-of-rock-n-roll,,,92
9585,The Perfect Candidate,https://www.metacritic.com/movie/the-perfect-candidate,,1297269.0,104
9586,The Perfect Family,https://www.metacritic.com/movie/the-perfect-family,,,84
9587,The Perfect Game,https://www.metacritic.com/movie/the-perfect-game,12500000.0,3931367.0,118
9588,The Perfect Guy,https://www.metacritic.com/movie/the-perfect-guy,18000000.0,60278166.0,100
9589,The Perfect Holiday,https://www.metacritic.com/movie/the-perfect-holiday,,,96
9590,The Perfect Host,https://www.metacritic.com/movie/the-perfect-host,1000000.0,51587.0,
9591,The Perfect Man,https://www.metacritic.com/movie/the-perfect-man,10000000.0,19535005.0,100
9592,The Perfect Match,https://www.metacritic.com/movie/the-perfect-match,5000000.0,10182050.0,96
9593,The Perfect Score,https://www.metacritic.com/movie/the-perfect-score,,,93
9594,The Perfect Storm,https://www.metacritic.com/movie/the-perfect-storm,120000000.0,328711434.0,130
9595,The Perfection,https://www.metacritic.com/movie/the-perfection,,,90
9596,The Perks of Being a Wallflower,https://www.metacritic.com/movie/the-perks-of-being-a-wallflower,13000000.0,33069303.0,102
9597,The Personal History of David Copperfield,https://www.metacritic.com/movie/the-personal-history-of-david-copperfield,15600000.0,13211271.0,119
9598,The Pervert's Guide to Ideology,https://www.metacritic.com/movie/the-perverts-guide-to-ideology,,,136
9599,The Phantom of the Opera,https://www.metacritic.com/movie/the-phantom-of-the-opera,55000000.0,153770052.0,143
9600,The Phenom,https://www.metacritic.com/movie/the-phenom,,,90
9601,The Photograph,https://www.metacritic.com/movie/the-photograph,15000000.0,20704381.0,106
9602,The Pianist,https://www.metacritic.com/movie/the-pianist,35000000.0,111854182.0,150
9603,The Piano Teacher,https://www.metacritic.com/movie/the-piano-teacher,,,131
9604,The PianoTuner of EarthQuakes,https://www.metacritic.com/movie/the-pianotuner-of-earthquakes,,,99
9605,The Pink Panther,https://www.metacritic.com/movie/the-pink-panther,80000000.0,158926474.0,93
9606,The Pink Panther 2,https://www.metacritic.com/movie/the-pink-panther-2,,70022978.0,92
9607,The Pinochet Case,https://www.metacritic.com/movie/the-pinochet-case,,,110
9608,The Pirates! Band of Misfits,https://www.metacritic.com/movie/the-pirates!-band-of-misfits,55000000.0,136143605.0,88
9609,The Pirates of Somalia,https://www.metacritic.com/movie/the-pirates-of-somalia,,26421.0,116
9610,The Pirates Who Don't Do Anything: A VeggieTales Movie,https://www.metacritic.com/movie/the-pirates-who-dont-do-anything-a-veggietales-movie,15000000.0,13248444.0,85
9611,The Pirogue,https://www.metacritic.com/movie/the-pirogue,,,87
9612,The Place Beyond the Pines,https://www.metacritic.com/movie/the-place-beyond-the-pines,15000000.0,47011449.0,140
9613,The Plagiarists,https://www.metacritic.com/movie/the-plagiarists,,,76
9614,The Platform,https://www.metacritic.com/movie/the-platform,,,94
9615,The Players,https://www.metacritic.com/movie/the-players,,,109
9616,The Playroom,https://www.metacritic.com/movie/the-playroom,,,
9617,The Pleasures of Being Out of Step,https://www.metacritic.com/movie/the-pleasures-of-being-out-of-step,,,87
9618,The Pledge,https://www.metacritic.com/movie/the-pledge,45000000.0,29406132.0,124
9619,The Polar Express,https://www.metacritic.com/movie/the-polar-express,170000000.0,312719437.0,100
9620,The Polka King,https://www.metacritic.com/movie/the-polka-king,,,95
9621,The Pool,https://www.metacritic.com/movie/the-pool,,,98
9622,The Possession,https://www.metacritic.com/movie/the-possession,14000000.0,82925064.0,92
9623,The Possession of Hannah Grace,https://www.metacritic.com/movie/the-possession-of-hannah-grace,6000000.0,42873730.0,86
9624,The Possession of Michael King,https://www.metacritic.com/movie/the-possession-of-michael-king,1300000.0,2736371.0,83
9625,The Post,https://www.metacritic.com/movie/the-post,50000000.0,179769457.0,116
9626,The Power,https://www.metacritic.com/movie/the-power,,29603.0,92
9627,The Power of the Dog,https://www.metacritic.com/movie/the-power-of-the-dog,35000000.0,245378.0,125
9628,The Powerpuff Girls,https://www.metacritic.com/movie/the-powerpuff-girls,25000000.0,16425701.0,73
9629,The Predator,https://www.metacritic.com/movie/the-predator,88000000.0,159487563.0,107
9630,The President,https://www.metacritic.com/movie/the-president,,33002.0,119
9631,The President's Last Bang,https://www.metacritic.com/movie/the-presidents-last-bang,,,102
9632,The Prestige,https://www.metacritic.com/movie/the-prestige,40000000.0,104407366.0,130
9633,The Pretty One,https://www.metacritic.com/movie/the-pretty-one,,,90
9634,The Prey,https://www.metacritic.com/movie/the-prey,,,105
9635,The Price of Everything,https://www.metacritic.com/movie/the-price-of-everything,,122638.0,98
9636,The Price of Milk,https://www.metacritic.com/movie/the-price-of-milk,,,87
9637,The Price of Sugar,https://www.metacritic.com/movie/the-price-of-sugar,,,90
9638,The Prime Ministers: The Pioneers,https://www.metacritic.com/movie/the-prime-ministers-the-pioneers,,,
9639,The Prince,https://www.metacritic.com/movie/the-prince,18000000.0,,93
9640,The Prince and Me,https://www.metacritic.com/movie/the-prince-and-me,,,111
9641,The Princess and the Frog,https://www.metacritic.com/movie/the-princess-and-the-frog,105000000.0,270997378.0,97
9642,The Princess and the Warrior,https://www.metacritic.com/movie/the-princess-and-the-warrior,,,135
9643,The Princess Blade,https://www.metacritic.com/movie/the-princess-blade,,,93
9644,The Princess Diaries,https://www.metacritic.com/movie/the-princess-diaries,30000000.0,165334774.0,115
9645,The Princess Diaries 2: Royal Engagement,https://www.metacritic.com/movie/the-princess-diaries-2-royal-engagement,45000000.0,134713435.0,113
9646,The Princess of Montpensier,https://www.metacritic.com/movie/the-princess-of-montpensier,,,139
9647,The Prisoner or: How I Planned to Kill Tony Blair,https://www.metacritic.com/movie/the-prisoner-or-how-i-planned-to-kill-tony-blair,,,72
9648,The Private Lives of Pippa Lee,https://www.metacritic.com/movie/the-private-lives-of-pippa-lee,,,98
9649,"The Prize Winner of Defiance, Ohio",https://www.metacritic.com/movie/the-prize-winner-of-defiance-ohio,,,99
9650,The Prodigy,https://www.metacritic.com/movie/the-prodigy,6000000.0,22413145.0,92
9651,The Producers,https://www.metacritic.com/movie/the-producers,,,134
9652,The Professor,https://www.metacritic.com/movie/the-professor,,3143346.0,90
9653,The Program,https://www.metacritic.com/movie/the-program,,1903139.0,103
9654,The Prom,https://www.metacritic.com/movie/the-prom,,191874.0,130
9655,The Promise,https://www.metacritic.com/movie/the-promise,,,121
9656,The Promise,https://www.metacritic.com/movie/the-promise-2016,90000000.0,10551417.0,133
9657,The Promotion,https://www.metacritic.com/movie/the-promotion,,,86
9658,The Proposal,https://www.metacritic.com/movie/the-proposal,40000000.0,314709717.0,108
9659,The Proposal,https://www.metacritic.com/movie/the-proposal-2019,,,86
9660,The Proposition,https://www.metacritic.com/movie/the-proposition,20000000.0,5313608.0,104
9661,The Protector,https://www.metacritic.com/movie/the-protector,,,81
9662,The Protector 2,https://www.metacritic.com/movie/the-protector-2,,,104
9663,The Protégé,https://www.metacritic.com/movie/the-protege,,7981952.0,109
9664,The Providence Effect,https://www.metacritic.com/movie/the-providence-effect,,,92
9665,The Pruitt-Igoe Myth,https://www.metacritic.com/movie/the-pruitt-igoe-myth,,,79
9666,The Public,https://www.metacritic.com/movie/the-public,,694750.0,119
9667,The Public Image Is Rotten,https://www.metacritic.com/movie/the-public-image-is-rotten,,14466.0,105
9668,The Puffy Chair,https://www.metacritic.com/movie/the-puffy-chair,15000.0,195254.0,85
9669,The Punisher,https://www.metacritic.com/movie/the-punisher,33000000.0,54533774.0,124
9670,The Punk Singer,https://www.metacritic.com/movie/the-punk-singer,,144676.0,80
9671,The Purge,https://www.metacritic.com/movie/the-purge,3000000.0,91266581.0,85
9672,The Purge: Anarchy,https://www.metacritic.com/movie/the-purge-anarchy,9000000.0,111534881.0,103
9673,The Purge: Election Year,https://www.metacritic.com/movie/the-purge-election-year,10000000.0,118514727.0,
9674,The Pursuit of Happyness,https://www.metacritic.com/movie/the-pursuit-of-happyness,55000000.0,307311093.0,117
9675,The Pyramid,https://www.metacritic.com/movie/the-pyramid,,15031294.0,89
9676,The Quake,https://www.metacritic.com/movie/the-quake,,,106
9677,The Quarry,https://www.metacritic.com/movie/the-quarry,,3671.0,100
9678,The Queen,https://www.metacritic.com/movie/the-queen,15000000.0,128885873.0,103
9679,The Queen of Spain,https://www.metacritic.com/movie/the-queen-of-spain,,,128
9680,The Queen of Versailles,https://www.metacritic.com/movie/the-queen-of-versailles,,2505100.0,100
9681,The Quest of Alain Ducasse,https://www.metacritic.com/movie/the-quest-of-alain-ducasse,,,84
9682,The Quiet,https://www.metacritic.com/movie/the-quiet,900000.0,,96
9683,The Quiet American,https://www.metacritic.com/movie/the-quiet-american,20000000.0,26348203.0,101
9684,The Quiet One,https://www.metacritic.com/movie/the-quiet-one,,,98
9685,The Quiet Ones,https://www.metacritic.com/movie/the-quiet-ones,,18413804.0,98
9686,The Rabbi's Cat,https://www.metacritic.com/movie/the-rabbis-cat,,,100
9687,The Rachel Divide,https://www.metacritic.com/movie/the-rachel-divide,,,100
9688,The Raft,https://www.metacritic.com/movie/the-raft,,,97
9689,The Raid 2,https://www.metacritic.com/movie/the-raid-2,,,150
9690,The Raid: Redemption,https://www.metacritic.com/movie/the-raid-redemption,,,101
9691,The Railway Man,https://www.metacritic.com/movie/the-railway-man,18000000.0,23910210.0,116
9692,The Rape of Europa,https://www.metacritic.com/movie/the-rape-of-europa,,,117
9693,The Rape of Recy Taylor,https://www.metacritic.com/movie/the-rape-of-recy-taylor,,7729.0,91
9694,The Raven,https://www.metacritic.com/movie/the-raven,26000000.0,30601801.0,110
9695,The Reader,https://www.metacritic.com/movie/the-reader,32500000.0,112964875.0,124
9696,The Reagan Show,https://www.metacritic.com/movie/the-reagan-show,,1608.0,74
9697,The Real Cancun,https://www.metacritic.com/movie/the-real-cancun,4000000.0,4188034.0,96
9698,The Real Charlie Chaplin,https://www.metacritic.com/movie/the-real-charlie-chaplin,,,114
9699,The Real Dirt on Farmer John,https://www.metacritic.com/movie/the-real-dirt-on-farmer-john,,72583.0,82
9700,The Reaping,https://www.metacritic.com/movie/the-reaping,40000000.0,62226214.0,99
9701,The Reason I Jump,https://www.metacritic.com/movie/the-reason-i-jump,,103653.0,82
9702,The Reception,https://www.metacritic.com/movie/the-reception,,,80
9703,The Reckoning,https://www.metacritic.com/movie/the-reckoning,,,112
9704,The Reckoning,https://www.metacritic.com/movie/the-reckoning-2020,,465177.0,110
9705,The Recruit,https://www.metacritic.com/movie/the-recruit,,101174440.0,115
9706,The Red Sea Diving Resort,https://www.metacritic.com/movie/the-red-sea-diving-resort,,,129
9707,The Red Turtle,https://www.metacritic.com/movie/the-red-turtle,,,80
9708,The Rehearsal,https://www.metacritic.com/movie/the-rehearsal,,,102
9709,The Reluctant Fundamentalist,https://www.metacritic.com/movie/the-reluctant-fundamentalist,15000000.0,,130
9710,The Rental,https://www.metacritic.com/movie/the-rental,,3976834.0,89
9711,The Replacements,https://www.metacritic.com/movie/the-replacements,50000000.0,50054511.0,118
9712,The Report,https://www.metacritic.com/movie/the-report,8000000.0,242788.0,119
9713,The Reports on Sarah and Saleem,https://www.metacritic.com/movie/the-reports-on-sarah-and-saleem,,889281.0,127
9714,The Rescue,https://www.metacritic.com/movie/the-rescue-2021,,912056.0,107
9715,The Retrieval,https://www.metacritic.com/movie/the-retrieval,,,92
9716,The Return,https://www.metacritic.com/movie/the-return,,8844785.0,85
9717,The Return,https://www.metacritic.com/movie/the-return-2004,15000000.0,5953886.0,105
9718,The Returned,https://www.metacritic.com/movie/the-returned,,321167.0,98
9719,The Reunion,https://www.metacritic.com/movie/the-reunion,,1628770.0,95
9720,The Revenant,https://www.metacritic.com/movie/the-revenant,,,110
9721,The Revenant,https://www.metacritic.com/movie/the-revenant-2015,135000000.0,532938302.0,156
9722,The Revolution Will Not Be Televised,https://www.metacritic.com/movie/the-revolution-will-not-be-televised,,,74
9723,The Rewrite,https://www.metacritic.com/movie/the-rewrite,,,107
9724,The Rhythm Section,https://www.metacritic.com/movie/the-rhythm-section,50000000.0,5983043.0,109
9725,The Rider,https://www.metacritic.com/movie/the-rider,,4205944.0,104
9726,The Rider Named Death,https://www.metacritic.com/movie/the-rider-named-death,,,106
9727,The Ridiculous 6,https://www.metacritic.com/movie/the-ridiculous-6,,,119
9728,The Ring,https://www.metacritic.com/movie/the-ring,48000000.0,248218486.0,115
9729,The Ring Two,https://www.metacritic.com/movie/the-ring-two,50000000.0,161941727.0,110
9730,The Ringer,https://www.metacritic.com/movie/the-ringer,,40442437.0,94
9731,The Riot Club,https://www.metacritic.com/movie/the-riot-club,,2597308.0,107
9732,The Rising Place,https://www.metacritic.com/movie/the-rising-place,,,93
9733,The Ritchie Boys,https://www.metacritic.com/movie/the-ritchie-boys,,,90
9734,The Rite,https://www.metacritic.com/movie/the-rite,37000000.0,97143987.0,119
9735,The Ritual,https://www.metacritic.com/movie/the-ritual,,,94
9736,The Road,https://www.metacritic.com/movie/the-road,25000000.0,29206732.0,111
9737,The Road,https://www.metacritic.com/movie/the-road-2012,,,110
9738,The Road Home,https://www.metacritic.com/movie/the-road-home,,6780090.0,89
9739,The Road Movie,https://www.metacritic.com/movie/the-road-movie,,,67
9740,The Road to El Dorado,https://www.metacritic.com/movie/the-road-to-el-dorado,95000000.0,65700000.0,89
9741,The Road to Guantanamo,https://www.metacritic.com/movie/the-road-to-guantanamo,,1078635.0,95
9742,The Road to Mandalay,https://www.metacritic.com/movie/the-road-to-mandalay,,,108
9743,The Roads Not Taken,https://www.metacritic.com/movie/the-roads-not-taken,,105413.0,85
9744,The Robber,https://www.metacritic.com/movie/the-robber,,,90
9745,The Rocker,https://www.metacritic.com/movie/the-rocker,15000000.0,8767338.0,102
9746,The Rocket,https://www.metacritic.com/movie/the-rocket,,591749.0,96
9747,The Romantics,https://www.metacritic.com/movie/the-romantics,,,95
9748,The Rookie,https://www.metacritic.com/movie/the-rookie,22000000.0,80491516.0,127
9749,The Roommate,https://www.metacritic.com/movie/the-roommate,16000000.0,52545707.0,
9750,The Roost,https://www.metacritic.com/movie/the-roost,,,80
9751,The Rover,https://www.metacritic.com/movie/the-rover,8500000.0,3180252.0,103
9752,The Royal Tenenbaums,https://www.metacritic.com/movie/the-royal-tenenbaums,28000000.0,71430876.0,110
9753,The Ruins,https://www.metacritic.com/movie/the-ruins,25000000.0,22910563.0,90
9754,The Rules of Attraction,https://www.metacritic.com/movie/the-rules-of-attraction,4000000.0,11799060.0,110
9755,The Rum Diary,https://www.metacritic.com/movie/the-rum-diary,45000000.0,21544732.0,110
9756,The Runaways,https://www.metacritic.com/movie/the-runaways,9500000.0,5278632.0,106
9757,The Rundown,https://www.metacritic.com/movie/the-rundown,85000000.0,80831893.0,104
9758,The Runner,https://www.metacritic.com/movie/the-runner,,20106.0,90
9759,The Russian Woodpecker,https://www.metacritic.com/movie/the-russian-woodpecker,,1644.0,80
9760,The Sacrament,https://www.metacritic.com/movie/the-sacrament,,,95
9761,The Saddest Music in the World,https://www.metacritic.com/movie/the-saddest-music-in-the-world,,,100
9762,The Safety of Objects,https://www.metacritic.com/movie/the-safety-of-objects,,,121
9763,The Salesman,https://www.metacritic.com/movie/the-salesman,,,124
9764,The Salon,https://www.metacritic.com/movie/the-salon,1500000.0,,
9765,The Salt of Life,https://www.metacritic.com/movie/the-salt-of-life,,,90
9766,The Salt of Tears,https://www.metacritic.com/movie/the-salt-of-tears,,,100
9767,The Salt of the Earth,https://www.metacritic.com/movie/the-salt-of-the-earth,,14543275.0,110
9768,The Salton Sea,https://www.metacritic.com/movie/the-salton-sea,18000000.0,,103
9769,The Salvation,https://www.metacritic.com/movie/the-salvation,14000000.0,2947737.0,92
9770,The Samaritan,https://www.metacritic.com/movie/the-samaritan,,15220.0,90
9771,The Same River Twice,https://www.metacritic.com/movie/the-same-river-twice,,,78
9772,The Santa Clause 2,https://www.metacritic.com/movie/the-santa-clause-2,65000000.0,172825854.0,104
9773,The Santa Clause 3: The Escape Clause,https://www.metacritic.com/movie/the-santa-clause-3-the-escape-clause,,107500122.0,97
9774,The Sapphires,https://www.metacritic.com/movie/the-sapphires,9000000.0,20395040.0,103
9775,The Savages,https://www.metacritic.com/movie/the-savages,9000000.0,10642023.0,113
9776,The Scandal,https://www.metacritic.com/movie/the-scandal,,,
9777,The Scary of Sixty-First,https://www.metacritic.com/movie/the-scary-of-sixty-first,,56281.0,81
9778,The Science of Sleep,https://www.metacritic.com/movie/the-science-of-sleep,,,105
9779,The Score,https://www.metacritic.com/movie/the-score,68000000.0,113542091.0,124
9780,The Scorpion King,https://www.metacritic.com/movie/the-scorpion-king,60000000.0,165890634.0,92
9781,The Scribbler,https://www.metacritic.com/movie/the-scribbler,,,88
9782,The Sculptress,https://www.metacritic.com/movie/the-sculptress,,,101
9783,The Sea,https://www.metacritic.com/movie/the-sea,,,109
9784,The Sea,https://www.metacritic.com/movie/the-sea-2014,,,86
9785,The Sea Inside,https://www.metacritic.com/movie/the-sea-inside,,,125
9786,The Sea Is Watching,https://www.metacritic.com/movie/the-sea-is-watching,,,119
9787,The Sea of Trees,https://www.metacritic.com/movie/the-sea-of-trees,,908927.0,110
9788,The Seagull,https://www.metacritic.com/movie/the-seagull,,1841656.0,98
9789,The Seagull's Laughter,https://www.metacritic.com/movie/the-seagulls-laughter,,90439.0,102
9790,The Search for General Tso,https://www.metacritic.com/movie/the-search-for-general-tso,,,71
9791,The Seasons in Quincy: Four Portraits of John Berger,https://www.metacritic.com/movie/the-seasons-in-quincy-four-portraits-of-john-berger-2016,,49517.0,90
9792,The Second Best Exotic Marigold Hotel,https://www.metacritic.com/movie/the-second-best-exotic-marigold-hotel,10000000.0,89400862.0,122
9793,The Second Chance,https://www.metacritic.com/movie/the-second-chance,,,102
9794,The Second Mother,https://www.metacritic.com/movie/the-second-mother,,,112
9795,The Secret: Dare to Dream,https://www.metacritic.com/movie/the-secret-dare-to-dream,,3311907.0,107
9796,The Secret Disco Revolution,https://www.metacritic.com/movie/the-secret-disco-revolution,,,90
9797,The Secret Garden,https://www.metacritic.com/movie/the-secret-garden-2020,,7809322.0,99
9798,The Secret in Their Eyes,https://www.metacritic.com/movie/the-secret-in-their-eyes,,,127
9799,The Secret Life of Bees,https://www.metacritic.com/movie/the-secret-life-of-bees,11000000.0,39994347.0,
9800,The Secret Life of Pets,https://www.metacritic.com/movie/the-secret-life-of-pets,75000000.0,885302500.0,87
9801,The Secret Life of Pets 2,https://www.metacritic.com/movie/the-secret-life-of-pets-2,80000000.0,446275938.0,86
9802,The Secret Life of Walter Mitty,https://www.metacritic.com/movie/the-secret-life-of-walter-mitty,91000000.0,187861183.0,114
9803,The Secret Life of Words,https://www.metacritic.com/movie/the-secret-life-of-words,,6076115.0,115
9804,The Secret Lives of Dentists,https://www.metacritic.com/movie/the-secret-lives-of-dentists,,,104
9805,The Secret Lives of Dorks,https://www.metacritic.com/movie/the-secret-lives-of-dorks,,,
9806,The Secret of Kells,https://www.metacritic.com/movie/the-secret-of-kells,8000000.0,3582797.0,75
9807,The Secret of the Grain,https://www.metacritic.com/movie/the-secret-of-the-grain,,,151
9808,The Secret Scripture,https://www.metacritic.com/movie/the-secret-scripture,,646363.0,108
9809,The Secret World of Arrietty,https://www.metacritic.com/movie/the-secret-world-of-arrietty,,,94
9810,The Secrets We Keep,https://www.metacritic.com/movie/the-secrets-we-keep,,638459.0,97
9811,The Seeker: The Dark Is Rising,https://www.metacritic.com/movie/the-seeker-the-dark-is-rising,45000000.0,31852619.0,99
9812,The Selfish Giant,https://www.metacritic.com/movie/the-selfish-giant,,715865.0,91
9813,The Sense of an Ending,https://www.metacritic.com/movie/the-sense-of-an-ending,,4842617.0,108
9814,The Sentence,https://www.metacritic.com/movie/the-sentence,,,85
9815,The Sentinel,https://www.metacritic.com/movie/the-sentinel,60000000.0,78080697.0,108
9816,The September Issue,https://www.metacritic.com/movie/the-september-issue,,7081682.0,90
9817,The Sessions,https://www.metacritic.com/movie/the-sessions,1000000.0,11495204.0,95
9818,The Settlers,https://www.metacritic.com/movie/the-settlers,,,107
9819,The Seven Five,https://www.metacritic.com/movie/the-seven-five,,74176.0,104
9820,The Seventh Fire,https://www.metacritic.com/movie/the-seventh-fire,,31004.0,76
9821,The Shack,https://www.metacritic.com/movie/the-shack,20000000.0,96908458.0,132
9822,The Shaggy Dog,https://www.metacritic.com/movie/the-shaggy-dog,60000000.0,87123569.0,98
9823,The Shallows,https://www.metacritic.com/movie/the-shallows,13000000.0,118763442.0,86
9824,The Shape of Things,https://www.metacritic.com/movie/the-shape-of-things,,1058340.0,96
9825,The Shape of Water,https://www.metacritic.com/movie/the-shape-of-water,19500000.0,195790794.0,123
9826,The Shipping News,https://www.metacritic.com/movie/the-shipping-news,35000000.0,24405825.0,111
9827,The Short Game,https://www.metacritic.com/movie/the-short-game,,,99
9828,The Short History of the Long Road,https://www.metacritic.com/movie/the-short-history-of-the-long-road,,,90
9829,The Sicilian Girl,https://www.metacritic.com/movie/the-sicilian-girl,,,115
9830,The Signal,https://www.metacritic.com/movie/the-signal,50000.0,406299.0,103
9831,The Signal,https://www.metacritic.com/movie/the-signal-2014,4000000.0,2665322.0,97
9832,The Silence,https://www.metacritic.com/movie/the-silence,,,118
9833,The Simian Line,https://www.metacritic.com/movie/the-simian-line,,,106
9834,The Simpsons Movie,https://www.metacritic.com/movie/the-simpsons-movie,72500000.0,527071022.0,87
9835,The Singing Detective,https://www.metacritic.com/movie/the-singing-detective,8000000.0,524747.0,109
9836,The Singing Forest,https://www.metacritic.com/movie/the-singing-forest,,,95
9837,The Sisterhood of Night,https://www.metacritic.com/movie/the-sisterhood-of-night,1000000.0,,104
9838,The Sisterhood of the Traveling Pants,https://www.metacritic.com/movie/the-sisterhood-of-the-traveling-pants,25000000.0,41560117.0,119
9839,The Sisterhood of the Traveling Pants 2,https://www.metacritic.com/movie/the-sisterhood-of-the-traveling-pants-2,27000000.0,44270131.0,117
9840,The Sisters,https://www.metacritic.com/movie/the-sisters,,,113
9841,The Sisters Brothers,https://www.metacritic.com/movie/the-sisters-brothers,38000000.0,14636067.0,121
9842,The Sitter,https://www.metacritic.com/movie/the-sitter,25000000.0,38749404.0,81
9843,The Situation,https://www.metacritic.com/movie/the-situation,,,111
9844,The Skeleton Key,https://www.metacritic.com/movie/the-skeleton-key,40000000.0,92256918.0,104
9845,The Skeleton Twins,https://www.metacritic.com/movie/the-skeleton-twins,1000000.0,5797192.0,93
9846,The Skin I Live In,https://www.metacritic.com/movie/the-skin-i-live-in,,,117
9847,The Skulls,https://www.metacritic.com/movie/the-skulls,15000000.0,,106
9848,The Skyjacker's Tale,https://www.metacritic.com/movie/the-skyjackers-tale,,,75
9849,The Slammin' Salmon,https://www.metacritic.com/movie/the-slammin-salmon,,60430.0,90
9850,The Slaughter Rule,https://www.metacritic.com/movie/the-slaughter-rule,500000.0,,112
9851,The Sleeping Beauty,https://www.metacritic.com/movie/the-sleeping-beauty,,,82
9852,The Sleepover,https://www.metacritic.com/movie/the-sleepover,,,100
9853,The Sleepwalker,https://www.metacritic.com/movie/the-sleepwalker,1100000.0,53240.0,91
9854,The Sleepy Time Gal,https://www.metacritic.com/movie/the-sleepy-time-gal,,,108
9855,The Smurfs,https://www.metacritic.com/movie/the-smurfs,110000000.0,563749323.0,86
9856,The Smurfs 2,https://www.metacritic.com/movie/the-smurfs-2,110000000.0,348547523.0,105
9857,The Snowman,https://www.metacritic.com/movie/the-snowman,35000000.0,43164679.0,119
9858,The Snowtown Murders,https://www.metacritic.com/movie/the-snowtown-murders,,,119
9859,The Social Dilemma,https://www.metacritic.com/movie/the-social-dilemma,,,89
9860,The Social Network,https://www.metacritic.com/movie/the-social-network,40000000.0,224922135.0,120
9861,The Soloist,https://www.metacritic.com/movie/the-soloist,60000000.0,38522450.0,117
9862,The Son,https://www.metacritic.com/movie/the-son,,3254009.0,
9863,The Son of Joseph,https://www.metacritic.com/movie/the-son-of-joseph,,,113
9864,The Son of No One,https://www.metacritic.com/movie/the-son-of-no-one,15000000.0,1148578.0,95
9865,The Sonata,https://www.metacritic.com/movie/the-sonata,,139436.0,90
9866,The Song of Names,https://www.metacritic.com/movie/the-song-of-names,,1119832.0,113
9867,The Song of Sparrows,https://www.metacritic.com/movie/the-song-of-sparrows,,,96
9868,The Song of Sway Lake,https://www.metacritic.com/movie/the-song-of-sway-lake,,,100
9869,The Sons of Tennessee Williams,https://www.metacritic.com/movie/the-sons-of-tennessee-williams,,,75
9870,The Son's Room,https://www.metacritic.com/movie/the-sons-room,,11714416.0,99
9871,The Sorcerer and the White Snake,https://www.metacritic.com/movie/the-sorcerer-and-the-white-snake,,,100
9872,The Sorcerer's Apprentice,https://www.metacritic.com/movie/the-sorcerers-apprentice,160000000.0,217986320.0,109
9873,The Sound of Silence,https://www.metacritic.com/movie/the-sound-of-silence,,22152.0,85
9874,The Source Family,https://www.metacritic.com/movie/the-source-family,,,98
9875,The Souvenir,https://www.metacritic.com/movie/the-souvenir,,1832985.0,120
9876,The Souvenir: Part II,https://www.metacritic.com/movie/the-souvenir-part-ii,,378985.0,107
9877,The Space Between Us,https://www.metacritic.com/movie/the-space-between-us,30000000.0,16481405.0,120
9878,The Sparks Brothers,https://www.metacritic.com/movie/the-sparks-brothers,,1124256.0,140
9879,The Specialist,https://www.metacritic.com/movie/the-specialist,,,128
9880,The Specials,https://www.metacritic.com/movie/the-specials,1000000.0,,82
9881,The Spectacular Now,https://www.metacritic.com/movie/the-spectacular-now,2500000.0,6916951.0,95
9882,The Spiderwick Chronicles,https://www.metacritic.com/movie/the-spiderwick-chronicles,92500000.0,162839667.0,96
9883,The Spirit,https://www.metacritic.com/movie/the-spirit,60000000.0,39006188.0,103
9884,The SpongeBob Movie: Sponge on the Run,https://www.metacritic.com/movie/the-spongebob-movie-sponge-on-the-run,,,91
9885,The SpongeBob Movie: Sponge Out of Water,https://www.metacritic.com/movie/the-spongebob-movie-sponge-out-of-water,74000000.0,311013181.0,92
9886,The SpongeBob SquarePants Movie,https://www.metacritic.com/movie/the-spongebob-squarepants-movie,,,87
9887,The Spy Behind Home Plate,https://www.metacritic.com/movie/the-spy-behind-home-plate,,,101
9888,The Spy Who Dumped Me,https://www.metacritic.com/movie/the-spy-who-dumped-me,40000000.0,77303614.0,117
9889,The Square,https://www.metacritic.com/movie/the-square,1900000.0,740932.0,105
9890,The Square,https://www.metacritic.com/movie/the-square-2013,1500000.0,176262.0,95
9891,The Square,https://www.metacritic.com/movie/the-square-2017,,8758343.0,142
9892,The Squeeze,https://www.metacritic.com/movie/the-squeeze,,11910.0,95
9893,The Squid and the Whale,https://www.metacritic.com/movie/the-squid-and-the-whale,1500000.0,11191423.0,81
9894,The Stand In,https://www.metacritic.com/movie/the-stand-in,,46468.0,101
9895,The Standoff at Sparrow Creek,https://www.metacritic.com/movie/the-standoff-at-sparrow-creek,,,88
9896,The Stanford Prison Experiment,https://www.metacritic.com/movie/the-stanford-prison-experiment,,668550.0,122
9897,The Star,https://www.metacritic.com/movie/the-star,20000000.0,62695827.0,86
9898,The Starling,https://www.metacritic.com/movie/the-starling,,,102
9899,The Statement,https://www.metacritic.com/movie/the-statement,27000000.0,1545064.0,120
9900,The Station Agent,https://www.metacritic.com/movie/the-station-agent,500000.0,9470209.0,89
9901,The Stepfather,https://www.metacritic.com/movie/the-stepfather,20000000.0,29227561.0,101
9902,The Stepford Wives,https://www.metacritic.com/movie/the-stepford-wives,100000000.0,96150482.0,93
9903,The Stone Roses: Made of Stone,https://www.metacritic.com/movie/the-stone-roses-made-of-stone,,,97
9904,The Stoning of Soraya M.,https://www.metacritic.com/movie/the-stoning-of-soraya-m,,1313014.0,114
9905,The Story of the Weeping Camel,https://www.metacritic.com/movie/the-story-of-the-weeping-camel,,3966448.0,
9906,The Strange Case of Angelica,https://www.metacritic.com/movie/the-strange-case-of-angelica,,,97
9907,The Strange Color of Your Body's Tears,https://www.metacritic.com/movie/the-strange-color-of-your-bodys-tears,,,102
9908,The Strange Little Cat,https://www.metacritic.com/movie/the-strange-little-cat,,,72
9909,The Strange Ones,https://www.metacritic.com/movie/the-strange-ones,,28374.0,81
9910,The Strangers,https://www.metacritic.com/movie/the-strangers,9000000.0,83051676.0,86
9911,The Strangers: Prey at Night,https://www.metacritic.com/movie/the-strangers-prey-at-night,5000000.0,32144262.0,85
9912,The Strip,https://www.metacritic.com/movie/the-strip,,,91
9913,The Student,https://www.metacritic.com/movie/the-student-2016,,,118
9914,The Suicide Squad,https://www.metacritic.com/movie/the-suicide-squad,185000000.0,167120232.0,132
9915,The Sum of All Fears,https://www.metacritic.com/movie/the-sum-of-all-fears,68000000.0,193500000.0,124
9916,The Summer of Sangaile,https://www.metacritic.com/movie/the-summer-of-sangaile,,,88
9917,The Summit,https://www.metacritic.com/movie/the-summit,,253447.0,95
9918,The Summit of the Gods,https://www.metacritic.com/movie/the-summit-of-the-gods,,,95
9919,The Sun,https://www.metacritic.com/movie/the-sun,,,115
9920,The Sun Behind the Clouds: Tibet's Struggle for Freedom,https://www.metacritic.com/movie/the-sun-behind-the-clouds-tibets-struggle-for-freedom,,,79
9921,The Sun Is Also a Star,https://www.metacritic.com/movie/the-sun-is-also-a-star,9000000.0,5680796.0,100
9922,The Sunlit Night,https://www.metacritic.com/movie/the-sunlit-night,,1434.0,106
9923,The Surrogate,https://www.metacritic.com/movie/the-surrogate-2020,,1988.0,93
9924,The Survivalist,https://www.metacritic.com/movie/the-survivalist,,33973.0,104
9925,The Swan,https://www.metacritic.com/movie/the-swan,,,91
9926,The Sweeney,https://www.metacritic.com/movie/the-sweeney,4500000.0,8000366.0,112
9927,The Sweetest Thing,https://www.metacritic.com/movie/the-sweetest-thing,43000000.0,63078756.0,88
9928,The Swell Season,https://www.metacritic.com/movie/the-swell-season,,10020.0,91
9929,The Swenkas,https://www.metacritic.com/movie/the-swenkas,,,72
9930,The Switch,https://www.metacritic.com/movie/the-switch,19000000.0,49858465.0,101
9931,The Syrian Bride,https://www.metacritic.com/movie/the-syrian-bride,,,97
9932,The Tailor of Panama,https://www.metacritic.com/movie/the-tailor-of-panama,18000000.0,27491653.0,109
9933,The Take,https://www.metacritic.com/movie/the-take,,,96
9934,The Take,https://www.metacritic.com/movie/the-take-2004,,,87
9935,The Take,https://www.metacritic.com/movie/the-take-2016,,,92
9936,The Taking of Pelham 1 2 3,https://www.metacritic.com/movie/the-taking-of-pelham-1-2-3,110000000.0,152364370.0,106
9937,The Taking of Tiger Mountain,https://www.metacritic.com/movie/the-taking-of-tiger-mountain,,255742933.0,141
9938,The Tale,https://www.metacritic.com/movie/the-tale,,,114
9939,The Tale of Despereaux,https://www.metacritic.com/movie/the-tale-of-despereaux,60000000.0,90482317.0,93
9940,The Tale of The Princess Kaguya,https://www.metacritic.com/movie/the-tale-of-the-princess-kaguya,,,137
9941,The Talent Given Us,https://www.metacritic.com/movie/the-talent-given-us,,,97
9942,The Tall Man,https://www.metacritic.com/movie/the-tall-man,,6770790.0,106
9943,The Tao of Steve,https://www.metacritic.com/movie/the-tao-of-steve,,4406030.0,87
9944,The Taqwacores,https://www.metacritic.com/movie/the-taqwacores,,,83
9945,The Taste of Money,https://www.metacritic.com/movie/the-taste-of-money,,,115
9946,The Taste of Others,https://www.metacritic.com/movie/the-taste-of-others,,,112
9947,The Tavern,https://www.metacritic.com/movie/the-tavern,,,95
9948,The Tax Collector,https://www.metacritic.com/movie/the-tax-collector,30000000.0,1309971.0,95
9949,The Teacher,https://www.metacritic.com/movie/the-teacher,,,102
9950,The Tempest,https://www.metacritic.com/movie/the-tempest,20000000.0,,110
9951,The Ten,https://www.metacritic.com/movie/the-ten,5250000.0,786677.0,96
9952,The Tenants,https://www.metacritic.com/movie/the-tenants,,,31
9953,The Tender Bar,https://www.metacritic.com/movie/the-tender-bar,,,106
9954,The Tenth Man,https://www.metacritic.com/movie/the-tenth-man,,,82
9955,The Terminal,https://www.metacritic.com/movie/the-terminal,75000000.0,218673959.0,128
9956,The Texas Chainsaw Massacre,https://www.metacritic.com/movie/the-texas-chainsaw-massacre,9000000.0,107967319.0,98
9957,The Texas Chainsaw Massacre: The Beginning,https://www.metacritic.com/movie/the-texas-chainsaw-massacre-the-beginning,16000000.0,50517763.0,91
9958,The Theory of Everything,https://www.metacritic.com/movie/the-theory-of-everything,15000000.0,123327692.0,123
9959,The Thing,https://www.metacritic.com/movie/the-thing,38000000.0,27573078.0,103
9960,The Thing About My Folks,https://www.metacritic.com/movie/the-thing-about-my-folks,,,96
9961,The Third Murder,https://www.metacritic.com/movie/the-third-murder,,,124
9962,The Third Wife,https://www.metacritic.com/movie/the-third-wife,,179693.0,96
9963,The Thorn in the Heart,https://www.metacritic.com/movie/the-thorn-in-the-heart,,,86
9964,The Three Burials of Melquiades Estrada,https://www.metacritic.com/movie/the-three-burials-of-melquiades-estrada,,,121
9965,The Three Marias,https://www.metacritic.com/movie/the-three-marias,,,90
9966,The Three Musketeers,https://www.metacritic.com/movie/the-three-musketeers,90000000.0,139877913.0,110
9967,The Three Stooges,https://www.metacritic.com/movie/the-three-stooges,30000000.0,54052249.0,92
9968,The Tic Code,https://www.metacritic.com/movie/the-tic-code,,,91
9969,The Ticket,https://www.metacritic.com/movie/the-ticket,,,97
9970,The Tiger and the Snow,https://www.metacritic.com/movie/the-tiger-and-the-snow,,,110
9971,The Tiger Hunter,https://www.metacritic.com/movie/the-tiger-hunter,,,94
9972,The Tigger Movie,https://www.metacritic.com/movie/the-tigger-movie,20000000.0,96147688.0,77
9973,The Tillman Story,https://www.metacritic.com/movie/the-tillman-story,,,94
9974,The Time Being,https://www.metacritic.com/movie/the-time-being,,,85
9975,The Time Machine,https://www.metacritic.com/movie/the-time-machine,80000000.0,98983590.0,96
9976,The Time That Remains,https://www.metacritic.com/movie/the-time-that-remains,,,109
9977,The Time Traveler's Wife,https://www.metacritic.com/movie/the-time-travelers-wife,39000000.0,102332135.0,107
9978,The Times of Bill Cunningham,https://www.metacritic.com/movie/the-times-of-bill-cunningham,,,74
9979,The To Do List,https://www.metacritic.com/movie/the-to-do-list,1500000.0,4128828.0,104
9980,The Tobacconist,https://www.metacritic.com/movie/the-tobacconist,,,117
9981,The Tollbooth,https://www.metacritic.com/movie/the-tollbooth,,,85
9982,The Tomorrow Man,https://www.metacritic.com/movie/the-tomorrow-man,,,94
9983,The Tomorrow War,https://www.metacritic.com/movie/the-tomorrow-war,,,138
9984,The Topp Twins: Untouchable Girls,https://www.metacritic.com/movie/the-topp-twins-untouchable-girls,,,84
9985,The Tortured,https://www.metacritic.com/movie/the-tortured-1969,,,79
9986,The Tourist,https://www.metacritic.com/movie/the-tourist,100000000.0,278731369.0,103
9987,The Town,https://www.metacritic.com/movie/the-town,37000000.0,152566881.0,125
9988,The Town Is Quiet,https://www.metacritic.com/movie/the-town-is-quiet,,,133
9989,The Tracey Fragments,https://www.metacritic.com/movie/the-tracey-fragments,,,77
9990,The Tracker,https://www.metacritic.com/movie/the-tracker,,,90
9991,The Tragedy of Macbeth,https://www.metacritic.com/movie/the-tragedy-of-macbeth,,176248.0,105
9992,The Traitor,https://www.metacritic.com/movie/the-traitor,,,153
9993,The Transfiguration,https://www.metacritic.com/movie/the-transfiguration,,28450.0,97
9994,The Transporter,https://www.metacritic.com/movie/the-transporter,21000000.0,43928932.0,92
9995,The Transporter Refueled,https://www.metacritic.com/movie/the-transporter-refueled,22000000.0,69698495.0,96
9996,The Treasure,https://www.metacritic.com/movie/the-treasure,,,89
9997,The Treatment,https://www.metacritic.com/movie/the-treatment,,,86
9998,The Tree,https://www.metacritic.com/movie/the-tree,,,100
9999,The Tree of Life,https://www.metacritic.com/movie/the-tree-of-life,35000000.0,61721826.0,139
10000,The Trench,https://www.metacritic.com/movie/the-trench,,,98
10001,The Trial of the Chicago 7,https://www.metacritic.com/movie/the-trial-of-the-chicago-7,35000000.0,115709.0,129
10002,The Trials of Henry Kissinger,https://www.metacritic.com/movie/the-trials-of-henry-kissinger,,,80
10003,The Trials of Muhammad Ali,https://www.metacritic.com/movie/the-trials-of-muhammad-ali,,,86
10004,The Tribe,https://www.metacritic.com/movie/the-tribe,,,132
10005,The Tribes of Palos Verdes,https://www.metacritic.com/movie/the-tribes-of-palos-verdes,,,104
10006,The Trip,https://www.metacritic.com/movie/the-trip,,,95
10007,The Trip,https://www.metacritic.com/movie/the-trip-2011,,3455221.0,109
10008,The Trip to Greece,https://www.metacritic.com/movie/the-trip-to-greece,,279331.0,112
10009,The Trip to Italy,https://www.metacritic.com/movie/the-trip-to-italy,,5984607.0,108
10010,The Trip to Spain,https://www.metacritic.com/movie/the-trip-to-spain,,1982058.0,108
10011,The Triplets of Belleville,https://www.metacritic.com/movie/the-triplets-of-belleville,,,78
10012,The Triumph of Love,https://www.metacritic.com/movie/the-triumph-of-love,,,112
10013,The Trouble with Bliss,https://www.metacritic.com/movie/the-trouble-with-bliss,,,97
10014,The True Adventures of Wolfboy,https://www.metacritic.com/movie/the-true-adventures-of-wolfboy,,,88
10015,The Truffle Hunters,https://www.metacritic.com/movie/the-truffle-hunters,,1541944.0,84
10016,The Trumpet of the Swan,https://www.metacritic.com/movie/the-trumpet-of-the-swan,,,75
10017,The Trust,https://www.metacritic.com/movie/the-trust,,60231.0,92
10018,The Truth,https://www.metacritic.com/movie/the-truth,,670133.0,106
10019,The Truth About Charlie,https://www.metacritic.com/movie/the-truth-about-charlie,,6003000.0,104
10020,The Truth About Emanuel,https://www.metacritic.com/movie/the-truth-about-emanuel,,,96
10021,The Tunnel,https://www.metacritic.com/movie/the-tunnel,,,150
10022,The Turandot Project,https://www.metacritic.com/movie/the-turandot-project,,,87
10023,The Turin Horse,https://www.metacritic.com/movie/the-turin-horse,,,146
10024,The Turning,https://www.metacritic.com/movie/the-turning-2020,12000000.0,18460739.0,94
10025,The Tuxedo,https://www.metacritic.com/movie/the-tuxedo,60000000.0,104429625.0,98
10026,The TV Set,https://www.metacritic.com/movie/the-tv-set,,,88
10027,The Twentieth Century,https://www.metacritic.com/movie/the-twentieth-century,,,90
10028,The Twilight Saga: Breaking Dawn - Part 1,https://www.metacritic.com/movie/the-twilight-saga-breaking-dawn---part-1,127500000.0,689420051.0,117
10029,The Twilight Saga: Breaking Dawn - Part 2,https://www.metacritic.com/movie/the-twilight-saga-breaking-dawn---part-2,136200000.0,829724737.0,115
10030,The Twilight Saga: Eclipse,https://www.metacritic.com/movie/the-twilight-saga-eclipse,68000000.0,706102828.0,124
10031,The Twilight Saga: New Moon,https://www.metacritic.com/movie/the-twilight-saga-new-moon,50000000.0,687557727.0,130
10032,The Twilight Samurai,https://www.metacritic.com/movie/the-twilight-samurai,,556546.0,129
10033,The Two Faces of January,https://www.metacritic.com/movie/the-two-faces-of-january,,10201340.0,96
10034,The Two Popes,https://www.metacritic.com/movie/the-two-popes,,246283.0,125
10035,The Ugly Truth,https://www.metacritic.com/movie/the-ugly-truth,38000000.0,205298907.0,96
10036,The Ultimate Gift,https://www.metacritic.com/movie/the-ultimate-gift,9000000.0,,114
10037,The Ultimate Life,https://www.metacritic.com/movie/the-ultimate-life,,,
10038,The Umbrellas of Cherbourg (re-released),https://www.metacritic.com/movie/the-umbrellas-of-cherbourg,,,91
10039,The Unbelievers,https://www.metacritic.com/movie/the-unbelievers,,,77
10040,The Unborn,https://www.metacritic.com/movie/the-unborn,16000000.0,78208812.0,88
10041,The Undefeated,https://www.metacritic.com/movie/the-undefeated,,,119
10042,The Unforeseen,https://www.metacritic.com/movie/the-unforeseen,,,88
10043,The Unforgivable,https://www.metacritic.com/movie/the-unforgivable,,13023.0,112
10044,The Unholy,https://www.metacritic.com/movie/the-unholy,10000000.0,30831182.0,99
10045,The Uninvited,https://www.metacritic.com/movie/the-uninvited,,42778961.0,87
10046,The United States of Leland,https://www.metacritic.com/movie/the-united-states-of-leland,,,108
10047,The United States vs. Billie Holiday,https://www.metacritic.com/movie/the-united-states-vs-billie-holiday,,1135988.0,130
10048,The Universe of Keith Haring,https://www.metacritic.com/movie/the-universe-of-keith-haring,,,90
10049,The Unknown Girl,https://www.metacritic.com/movie/the-unknown-girl,,,113
10050,The Unknown Known,https://www.metacritic.com/movie/the-unknown-known,,,103
10051,The Unknown Woman,https://www.metacritic.com/movie/the-unknown-woman,,,118
10052,The Unspoken,https://www.metacritic.com/movie/the-unspoken,,126668.0,91
10053,The Untamed,https://www.metacritic.com/movie/the-untamed,,,98
10054,The Untold Story of Emmett Louis Till,https://www.metacritic.com/movie/the-untold-story-of-emmett-louis-till,,,70
10055,The Upside,https://www.metacritic.com/movie/the-upside,37500000.0,125818440.0,126
10056,The Upside of Anger,https://www.metacritic.com/movie/the-upside-of-anger,12000000.0,28915761.0,118
10057,The U.S. vs. John Lennon,https://www.metacritic.com/movie/the-us-vs-john-lennon,,1387320.0,99
10058,The Valet,https://www.metacritic.com/movie/the-valet,,,85
10059,The Vanishing,https://www.metacritic.com/movie/the-vanishing-2019,,760869.0,107
10060,The Vanishing Of Sidney Hall,https://www.metacritic.com/movie/the-vanishing-of-sidney-hall,,,119
10061,The Vast of Night,https://www.metacritic.com/movie/the-vast-of-night,,,91
10062,The Vatican Tapes,https://www.metacritic.com/movie/the-vatican-tapes,13000000.0,14929184.0,91
10063,The Velvet Queen,https://www.metacritic.com/movie/the-velvet-queen,,,92
10064,The Velvet Underground,https://www.metacritic.com/movie/the-velvet-underground,,,121
10065,The Vessel,https://www.metacritic.com/movie/the-vessel,,,86
10066,The Vigil,https://www.metacritic.com/movie/the-vigil,,1829636.0,90
10067,The Village,https://www.metacritic.com/movie/the-village,71682975.0,257641634.0,108
10068,The Villainess,https://www.metacritic.com/movie/the-villainess,,,129
10069,The Violent Heart,https://www.metacritic.com/movie/the-violent-heart,,,107
10070,The Virgin Suicides,https://www.metacritic.com/movie/the-virgin-suicides,6000000.0,10619770.0,97
10071,The Virginity Hit,https://www.metacritic.com/movie/the-virginity-hit,2000000.0,,
10072,The Virtuoso,https://www.metacritic.com/movie/the-virtuoso,,,110
10073,The Visit,https://www.metacritic.com/movie/the-visit,,11715992.0,107
10074,The Visit,https://www.metacritic.com/movie/the-visit-2015,5000000.0,98677816.0,94
10075,The Visitor,https://www.metacritic.com/movie/the-visitor,4000000.0,19174817.0,104
10076,The Visual Bible: The Gospel of John,https://www.metacritic.com/movie/the-visual-bible-the-gospel-of-john,,,125
10077,The Voices,https://www.metacritic.com/movie/the-voices,,2243672.0,103
10078,The Void,https://www.metacritic.com/movie/the-void,,377624.0,90
10079,The Vow,https://www.metacritic.com/movie/the-vow,30000000.0,197618160.0,104
10080,The Voyeurs,https://www.metacritic.com/movie/the-voyeurs,,,
10081,The Wackness,https://www.metacritic.com/movie/the-wackness,6000000.0,3330012.0,99
10082,The Wages of Fear (1953),https://www.metacritic.com/movie/the-wages-of-fear-1953,,,147
10083,The Wailing,https://www.metacritic.com/movie/the-wailing,,,156
10084,The Wait,https://www.metacritic.com/movie/the-wait,,6852.0,96
10085,The Waiting Room,https://www.metacritic.com/movie/the-waiting-room,,,81
10086,The Waldheim Waltz,https://www.metacritic.com/movie/the-waldheim-waltz,,,93
10087,The Walk,https://www.metacritic.com/movie/the-walk,35000000.0,61492104.0,123
10088,The Walker,https://www.metacritic.com/movie/the-walker,,508203.0,108
10089,The Wall,https://www.metacritic.com/movie/the-wall,,,108
10090,The Wall,https://www.metacritic.com/movie/the-wall-2017,3000000.0,4495262.0,88
10091,The Wandering Earth,https://www.metacritic.com/movie/the-wandering-earth,,,125
10092,The Wannabe,https://www.metacritic.com/movie/the-wannabe,,272.0,90
10093,The Wanting Mare,https://www.metacritic.com/movie/the-wanting-mare,,,89
10094,The War Tapes,https://www.metacritic.com/movie/the-war-tapes,,,97
10095,The War with Grandpa,https://www.metacritic.com/movie/the-war-with-grandpa,38000000.0,40229719.0,94
10096,The War Within,https://www.metacritic.com/movie/the-war-within,,,90
10097,The Ward,https://www.metacritic.com/movie/the-ward,,1252014.0,88
10098,The Warrior,https://www.metacritic.com/movie/the-warrior,,,86
10099,The Warrior Queen of Jhansi,https://www.metacritic.com/movie/the-warrior-queen-of-jhansi,,187915.0,102
10100,The Warrior's Way,https://www.metacritic.com/movie/the-warriors-way,42000000.0,8514325.0,100
10101,The Wash,https://www.metacritic.com/movie/the-wash,4000000.0,,93
10102,The Watch,https://www.metacritic.com/movie/the-watch,55000000.0,67130045.0,102
10103,The Watcher,https://www.metacritic.com/movie/the-watcher,33000000.0,47267829.0,97
10104,The Water Diviner,https://www.metacritic.com/movie/the-water-diviner,22500000.0,31054727.0,111
10105,The Water Horse,https://www.metacritic.com/movie/the-water-horse,,,112
10106,The Water Man,https://www.metacritic.com/movie/the-water-man,,,91
10107,The Wave,https://www.metacritic.com/movie/the-wave,,,105
10108,The Wave,https://www.metacritic.com/movie/the-wave-2020,,,90
10109,The Way,https://www.metacritic.com/movie/the-way,,11882191.0,115
10110,The Way Back,https://www.metacritic.com/movie/the-way-back,,26524989.0,133
10111,The Way Back,https://www.metacritic.com/movie/the-way-back-2020,23000000.0,14563409.0,108
10112,The Way He Looks,https://www.metacritic.com/movie/the-way-he-looks,,,96
10113,The Way Home,https://www.metacritic.com/movie/the-way-home,,,80
10114,The Way I See It,https://www.metacritic.com/movie/the-way-i-see-it,,,100
10115,The Way of the Gun,https://www.metacritic.com/movie/the-way-of-the-gun,9000000.0,13061935.0,119
10116,"The Way, Way Back",https://www.metacritic.com/movie/the-way-way-back,5000000.0,26853810.0,103
10117,The Way We Get By,https://www.metacritic.com/movie/the-way-we-get-by,,,
10118,The Wayward Cloud,https://www.metacritic.com/movie/the-wayward-cloud,,,112
10119,The We and the I,https://www.metacritic.com/movie/the-we-and-the-i,,295144.0,103
10120,The Weather Man,https://www.metacritic.com/movie/the-weather-man,20000000.0,15466961.0,102
10121,The Weather Underground,https://www.metacritic.com/movie/the-weather-underground,,,92
10122,The Wedding Date,https://www.metacritic.com/movie/the-wedding-date,15000000.0,47175038.0,90
10123,The Wedding Guest,https://www.metacritic.com/movie/the-wedding-guest,,,97
10124,The Wedding Plan,https://www.metacritic.com/movie/the-wedding-plan,,,110
10125,The Wedding Planner,https://www.metacritic.com/movie/the-wedding-planner,28000000.0,94728529.0,103
10126,The Wedding Ringer,https://www.metacritic.com/movie/the-wedding-ringer,23000000.0,80171596.0,101
10127,The Wedding Song,https://www.metacritic.com/movie/the-wedding-song,,,100
10128,The Wedding Video,https://www.metacritic.com/movie/the-wedding-video,,1776543.0,94
10129,The Wedding Weekend,https://www.metacritic.com/movie/the-wedding-weekend,,,96
10130,The Week Of,https://www.metacritic.com/movie/the-week-of,,,116
10131,The Weekend,https://www.metacritic.com/movie/the-weekend,,,97
10132,The Weight of Water,https://www.metacritic.com/movie/the-weight-of-water,,,113
10133,The Well Digger's Daughter,https://www.metacritic.com/movie/the-well-diggers-daughter,,,107
10134,The Wendell Baker Story,https://www.metacritic.com/movie/the-wendell-baker-story,8000000.0,,99
10135,The Whale,https://www.metacritic.com/movie/the-whale,,,89
10136,The Whistleblower,https://www.metacritic.com/movie/the-whistleblower,,2203654.0,112
10137,The Whistlers,https://www.metacritic.com/movie/the-whistlers,,,97
10138,The White Countess,https://www.metacritic.com/movie/the-white-countess,16000000.0,2814566.0,135
10139,The White Crow,https://www.metacritic.com/movie/the-white-crow,,10857680.0,127
10140,The White Diamond,https://www.metacritic.com/movie/the-white-diamond,,,90
10141,The White Ribbon,https://www.metacritic.com/movie/the-white-ribbon,,,144
10142,The White Tiger,https://www.metacritic.com/movie/the-white-tiger,,680.0,125
10143,The Whole Nine Yards,https://www.metacritic.com/movie/the-whole-nine-yards,24000000.0,85527867.0,98
10144,The Whole Ten Yards,https://www.metacritic.com/movie/the-whole-ten-yards,30000000.0,26323969.0,98
10145,The Whole Truth,https://www.metacritic.com/movie/the-whole-truth,,1772492.0,93
10146,The Whore's Son,https://www.metacritic.com/movie/the-whores-son,,,86
10147,The Wicker Man,https://www.metacritic.com/movie/the-wicker-man,,37721827.0,102
10148,The Widow of Saint-Pierre,https://www.metacritic.com/movie/the-widow-of-saint-pierre,,,112
10149,The Wife,https://www.metacritic.com/movie/the-wife,,18731409.0,100
10150,The Wild,https://www.metacritic.com/movie/the-wild,80000000.0,99010667.0,94
10151,The Wild Blue Yonder,https://www.metacritic.com/movie/the-wild-blue-yonder,,,80
10152,The Wild Goose Lake,https://www.metacritic.com/movie/the-wild-goose-lake,,,113
10153,The Wild Life,https://www.metacritic.com/movie/the-wild-life,,,91
10154,The Wild Parrots of Telegraph Hill,https://www.metacritic.com/movie/the-wild-parrots-of-telegraph-hill,,3218709.0,83
10155,The Wild Pear Tree,https://www.metacritic.com/movie/the-wild-pear-tree,,,188
10156,The Wild Thornberrys Movie,https://www.metacritic.com/movie/the-wild-thornberrys-movie,25000000.0,60694737.0,85
10157,The Wildest Dream,https://www.metacritic.com/movie/the-wildest-dream,,,94
10158,The Willoughbys,https://www.metacritic.com/movie/the-willoughbys,,,90
10159,The Wind,https://www.metacritic.com/movie/the-wind,,115515.0,86
10160,The Wind Rises,https://www.metacritic.com/movie/the-wind-rises,,,126
10161,The Wind That Shakes the Barley,https://www.metacritic.com/movie/the-wind-that-shakes-the-barley,8300000.0,25670174.0,127
10162,The Wind Will Carry Us,https://www.metacritic.com/movie/the-wind-will-carry-us,,,118
10163,The Winning Season,https://www.metacritic.com/movie/the-winning-season,,,104
10164,The Wisdom of Crocodiles,https://www.metacritic.com/movie/the-wisdom-of-crocodiles,,,98
10165,The Witch,https://www.metacritic.com/movie/the-witch,3500000.0,40438974.0,92
10166,The Witches,https://www.metacritic.com/movie/the-witches,,,106
10167,The Witness,https://www.metacritic.com/movie/the-witness,,163092.0,89
10168,The Witnesses,https://www.metacritic.com/movie/the-witnesses,,,112
10169,The Wolf House,https://www.metacritic.com/movie/the-wolf-house,,,75
10170,The Wolf of Snow Hollow,https://www.metacritic.com/movie/the-wolf-of-snow-hollow,,266963.0,83
10171,The Wolf of Wall Street,https://www.metacritic.com/movie/the-wolf-of-wall-street,100000000.0,389918903.0,180
10172,The Wolfman,https://www.metacritic.com/movie/the-wolfman,150000000.0,142634358.0,103
10173,The Wolfpack,https://www.metacritic.com/movie/the-wolfpack,,1632774.0,90
10174,The Wolverine,https://www.metacritic.com/movie/the-wolverine,115000000.0,416456852.0,126
10175,The Wolves of Kromer,https://www.metacritic.com/movie/the-wolves-of-kromer,,,82
10176,The Woman,https://www.metacritic.com/movie/the-woman,,,101
10177,The Woman Chaser,https://www.metacritic.com/movie/the-woman-chaser,150000.0,,90
10178,The Woman in Black,https://www.metacritic.com/movie/the-woman-in-black,15000000.0,128955898.0,95
10179,The Woman in Black 2: Angel of Death,https://www.metacritic.com/movie/the-woman-in-black-2-angel-of-death,,45006692.0,98
10180,The Woman in the Fifth,https://www.metacritic.com/movie/the-woman-in-the-fifth,,203413.0,85
10181,The Woman in the Window,https://www.metacritic.com/movie/the-woman-in-the-window,,,100
10182,The Woman on the 6th Floor,https://www.metacritic.com/movie/the-woman-on-the-6th-floor,,,104
10183,The Woman Who Left,https://www.metacritic.com/movie/the-woman-who-left,,,226
10184,The Woman Who Loves Giraffes,https://www.metacritic.com/movie/the-woman-who-loves-giraffes,,,123
10185,The Woman Who Ran,https://www.metacritic.com/movie/the-woman-who-ran,,,77
10186,The Woman with the 5 Elephants,https://www.metacritic.com/movie/the-woman-with-the-5-elephants,,,98
10187,The Women,https://www.metacritic.com/movie/the-women,16000000.0,50103808.0,114
10188,The Women's Balcony,https://www.metacritic.com/movie/the-womens-balcony,,,96
10189,The Wonders,https://www.metacritic.com/movie/the-wonders,,,110
10190,The Woodmans,https://www.metacritic.com/movie/the-woodmans,,,82
10191,The Woodsman,https://www.metacritic.com/movie/the-woodsman,,1703768.0,87
10192,The Words,https://www.metacritic.com/movie/the-words,6000000.0,16369708.0,97
10193,The Work,https://www.metacritic.com/movie/the-work,,20574.0,89
10194,The Workers Cup,https://www.metacritic.com/movie/the-workers-cup,,,92
10195,The Workshop,https://www.metacritic.com/movie/the-workshop,,,113
10196,The World,https://www.metacritic.com/movie/the-world,,,143
10197,The World Is Yours,https://www.metacritic.com/movie/the-world-is-yours,,,94
10198,The World Made Straight,https://www.metacritic.com/movie/the-world-made-straight,,,119
10199,The World to Come,https://www.metacritic.com/movie/the-world-to-come,,202878.0,105
10200,The World's End,https://www.metacritic.com/movie/the-worlds-end,20000000.0,47124638.0,109
10201,The World's Fastest Indian,https://www.metacritic.com/movie/the-worlds-fastest-indian,25000000.0,18991288.0,127
10202,The Wound,https://www.metacritic.com/movie/the-wound,,,88
10203,The Wrecking Crew,https://www.metacritic.com/movie/the-wrecking-crew,,809437.0,101
10204,The Wrestler,https://www.metacritic.com/movie/the-wrestler,6000000.0,46634275.0,109
10205,The Wretched,https://www.metacritic.com/movie/the-wretched,66000.0,4594221.0,95
10206,The Wrong Missy,https://www.metacritic.com/movie/the-wrong-missy,,,90
10207,The X Files: I Want to Believe,https://www.metacritic.com/movie/the-x-files-i-want-to-believe,35000000.0,68170792.0,104
10208,The Yards,https://www.metacritic.com/movie/the-yards,20000000.0,2282710.0,115
10209,The Year My Parents Went on Vacation,https://www.metacritic.com/movie/the-year-my-parents-went-on-vacation,,,110
10210,The Year of Spectacular Men,https://www.metacritic.com/movie/the-year-of-spectacular-men,,,102
10211,The Year of the Everlasting Storm,https://www.metacritic.com/movie/the-year-of-the-everlasting-storm,,,115
10212,The Year of the Yao,https://www.metacritic.com/movie/the-year-of-the-yao,,,88
10213,The Yellow Birds,https://www.metacritic.com/movie/the-yellow-birds,,9770.0,94
10214,The Yellow Handkerchief,https://www.metacritic.com/movie/the-yellow-handkerchief,15500000.0,,102
10215,The Yellow Sea,https://www.metacritic.com/movie/the-yellow-sea,,,136
10216,The Yes Men,https://www.metacritic.com/movie/the-yes-men,,274204.0,83
10217,The Yes Men Are Revolting,https://www.metacritic.com/movie/the-yes-men-are-revolting,,,91
10218,The Yes Men Fix the World,https://www.metacritic.com/movie/the-yes-men-fix-the-world,,,87
10219,The Young and Prodigious T.S. Spivet,https://www.metacritic.com/movie/the-young-and-prodigious-ts-spivet,33000000.0,357687.0,105
10220,The Young Black Stallion,https://www.metacritic.com/movie/the-young-black-stallion,,,45
10221,The Young Girl and the Monsoon,https://www.metacritic.com/movie/the-young-girl-and-the-monsoon,,,90
10222,The Young Karl Marx,https://www.metacritic.com/movie/the-young-karl-marx,,,118
10223,The Young Messiah,https://www.metacritic.com/movie/the-young-messiah,16800000.0,7313697.0,111
10224,The Young Unknowns,https://www.metacritic.com/movie/the-young-unknowns,800000.0,,87
10225,The Young Victoria,https://www.metacritic.com/movie/the-young-victoria,35000000.0,31878891.0,105
10226,The Zen of Bennett,https://www.metacritic.com/movie/the-zen-of-bennett,,,84
10227,The Zero Theorem,https://www.metacritic.com/movie/the-zero-theorem,,1023053.0,107
10228,The Zookeeper's Wife,https://www.metacritic.com/movie/the-zookeepers-wife,20000000.0,26308749.0,127
10229,Theater of War,https://www.metacritic.com/movie/theater-of-war,,,95
10230,Theeb,https://www.metacritic.com/movie/theeb,,490229.0,100
10231,Theeviravaathi: The Terrorist,https://www.metacritic.com/movie/theeviravaathi-the-terrorist,,,95
10232,Their Finest,https://www.metacritic.com/movie/their-finest,,13807089.0,117
10233,Thelma,https://www.metacritic.com/movie/thelma,,1471656.0,116
10234,Them,https://www.metacritic.com/movie/them,,,77
10235,Them That Follow,https://www.metacritic.com/movie/them-that-follow,,172843.0,98
10236,Then Came You,https://www.metacritic.com/movie/then-came-you,,635964.0,97
10237,Then She Found Me,https://www.metacritic.com/movie/then-she-found-me,,7162920.0,100
10238,Theo Who Lived,https://www.metacritic.com/movie/theo-who-lived,,,86
10239,Therapy for a Vampire,https://www.metacritic.com/movie/therapy-for-a-vampire,,,87
10240,Thérèse,https://www.metacritic.com/movie/thercse,,,110
10241,There Be Dragons,https://www.metacritic.com/movie/there-be-dragons,36000000.0,4020990.0,120
10242,There Is No Evil,https://www.metacritic.com/movie/there-is-no-evil,,,150
10243,There Will Be Blood,https://www.metacritic.com/movie/there-will-be-blood,25000000.0,77208711.0,158
10244,There's Someone Inside Your House,https://www.metacritic.com/movie/theres-someone-inside-your-house,,,96
10245,Thérèse: The Story of Saint Thérèse of Lisieux,https://www.metacritic.com/movie/therese-the-story-of-saint-therese-of-lisieux,,,96
10246,These Birds Walk,https://www.metacritic.com/movie/these-birds-walk,,,71
10247,These Final Hours,https://www.metacritic.com/movie/these-final-hours,,,87
10248,They,https://www.metacritic.com/movie/they,17000000.0,16140842.0,89
10249,They Call It Myanmar: Lifting the Curtain,https://www.metacritic.com/movie/they-call-it-myanmar-lifting-the-curtain,,,84
10250,They Call Us Monsters,https://www.metacritic.com/movie/they-call-us-monsters,,,82
10251,They Came Together,https://www.metacritic.com/movie/they-came-together,3000000.0,82780.0,83
10252,They Remain,https://www.metacritic.com/movie/they-remain,,,102
10253,They Shall Not Grow Old,https://www.metacritic.com/movie/they-shall-not-grow-old,,20978283.0,99
10254,They'll Love Me When I'm Dead,https://www.metacritic.com/movie/theyll-love-me-when-im-dead,,,98
10255,They're Watching,https://www.metacritic.com/movie/theyre-watching,,,95
10256,Thin Ice,https://www.metacritic.com/movie/thin-ice,,,93
10257,Things Heard & Seen,https://www.metacritic.com/movie/things-heard-seen,,,119
10258,Things to Come,https://www.metacritic.com/movie/things-to-come,,,102
10259,Things We Lost in the Fire,https://www.metacritic.com/movie/things-we-lost-in-the-fire,16000000.0,8120148.0,118
10260,Things You Can Tell Just by Looking at Her,https://www.metacritic.com/movie/things-you-can-tell-just-by-looking-at-her,,,109
10261,Think Like a Man,https://www.metacritic.com/movie/think-like-a-man,12000000.0,113373764.0,122
10262,Think Like a Man Too,https://www.metacritic.com/movie/think-like-a-man-too,24000000.0,70027933.0,106
10263,Third Person,https://www.metacritic.com/movie/third-person,,2089310.0,137
10264,Third World Cop,https://www.metacritic.com/movie/third-world-cop,,,98
10265,Thirst,https://www.metacritic.com/movie/thirst,,13158962.0,133
10266,Thirst Street,https://www.metacritic.com/movie/thirst-street,,,83
10267,Thirteen,https://www.metacritic.com/movie/thirteen,2000000.0,9505996.0,100
10268,Thirteen,https://www.metacritic.com/movie/thirteen-2000,,,87
10269,Thirteen Conversations About One Thing,https://www.metacritic.com/movie/thirteen-conversations-about-one-thing,3000000.0,3705923.0,104
10270,Thirteen Days,https://www.metacritic.com/movie/thirteen-days,80000000.0,66554547.0,145
10271,Thirteen Ghosts,https://www.metacritic.com/movie/thirteen-ghosts,19000000.0,68467960.0,91
10272,This Ain't California,https://www.metacritic.com/movie/this-aint-california,,,90
10273,This Beautiful Fantastic,https://www.metacritic.com/movie/this-beautiful-fantastic,,297066.0,100
10274,This Changes Everything,https://www.metacritic.com/movie/this-changes-everything,,19052.0,89
10275,This Changes Everything,https://www.metacritic.com/movie/this-changes-everything-2019,,60339.0,96
10276,This Christmas,https://www.metacritic.com/movie/this-christmas,13000000.0,49733545.0,117
10277,This Divided State,https://www.metacritic.com/movie/this-divided-state,,,88
10278,This Film Is Not Yet Rated,https://www.metacritic.com/movie/this-film-is-not-yet-rated,,341768.0,97
10279,This Is 40,https://www.metacritic.com/movie/this-is-40,35000000.0,90221182.0,134
10280,This Is Congo,https://www.metacritic.com/movie/this-is-congo,,8908.0,93
10281,This Is England,https://www.metacritic.com/movie/this-is-england,2380000.0,8739576.0,101
10282,This Is Everything: Gigi Gorgeous,https://www.metacritic.com/movie/this-is-everything-gigi-gorgeous,,,91
10283,This Is It,https://www.metacritic.com/movie/this-is-it,,,111
10284,This Is Martin Bonner,https://www.metacritic.com/movie/this-is-martin-bonner,42000.0,,83
10285,"This Is Not a Burial, It's a Resurrection",https://www.metacritic.com/movie/this-is-not-a-burial-its-a-resurrection,,,120
10286,This Is Not a Film,https://www.metacritic.com/movie/this-is-not-a-film,,,75
10287,This Is Not a Movie,https://www.metacritic.com/movie/this-is-not-a-movie,,165.0,106
10288,This Is Not Berlin,https://www.metacritic.com/movie/this-is-not-berlin,,,115
10289,This Is Our Land,https://www.metacritic.com/movie/this-is-our-land,,,117
10290,This Is the End,https://www.metacritic.com/movie/this-is-the-end,32000000.0,126539117.0,107
10291,This Is Where I Leave You,https://www.metacritic.com/movie/this-is-where-i-leave-you,20000000.0,41296320.0,103
10292,This Means War,https://www.metacritic.com/movie/this-means-war,65000000.0,156974557.0,98
10293,This Must Be the Place,https://www.metacritic.com/movie/this-must-be-the-place,,14176657.0,118
10294,This One's for the Ladies,https://www.metacritic.com/movie/this-ones-for-the-ladies,,,82
10295,This Revolution,https://www.metacritic.com/movie/this-revolution,,,95
10296,This So-Called Disaster: Sam Shepard Directs the Late Henry Moss,https://www.metacritic.com/movie/this-so-called-disaster-sam-shepard-directs-the-late-henry-moss,,,89
10297,This Thing of Ours,https://www.metacritic.com/movie/this-thing-of-ours,2000000.0,,100
10298,Thomas and the Magic Railroad,https://www.metacritic.com/movie/thomas-and-the-magic-railroad,19000000.0,,85
10299,Thomas in Love,https://www.metacritic.com/movie/thomas-in-love,,,97
10300,Thor,https://www.metacritic.com/movie/thor,150000000.0,449326618.0,114
10301,Thor: Ragnarok,https://www.metacritic.com/movie/thor-ragnarok,180000000.0,850482778.0,130
10302,Thor: The Dark World,https://www.metacritic.com/movie/thor-the-dark-world,150000000.0,644602516.0,112
10303,Thoroughbreds,https://www.metacritic.com/movie/thoroughbreds,5000000.0,3474221.0,92
10304,Those Who Wish Me Dead,https://www.metacritic.com/movie/those-who-wish-me-dead,,17601631.0,100
10305,Thou Wast Mild and Lovely,https://www.metacritic.com/movie/thou-wast-mild-and-lovely,,,94
10306,Thr3e,https://www.metacritic.com/movie/thr3e,2400000.0,1420418.0,101
10307,Three,https://www.metacritic.com/movie/three-2016,,15143255.0,88
10308,"Three Billboards Outside Ebbing, Missouri",https://www.metacritic.com/movie/three-billboards-outside-ebbing-missouri,12000000.0,161456746.0,115
10309,Three Christs,https://www.metacritic.com/movie/three-christs,,,109
10310,Three Days of Rain,https://www.metacritic.com/movie/three-days-of-rain,,,
10311,Three... Extremes,https://www.metacritic.com/movie/three-extremes,,176532.0,125
10312,Three Identical Strangers,https://www.metacritic.com/movie/three-identical-strangers,,13367948.0,96
10313,Three Monkeys,https://www.metacritic.com/movie/three-monkeys,,,109
10314,Three of Hearts: A Postmodern Family,https://www.metacritic.com/movie/three-of-hearts-a-postmodern-family,,,95
10315,Three Peaks,https://www.metacritic.com/movie/three-peaks,,19530.0,94
10316,Three Stars,https://www.metacritic.com/movie/three-stars,,,90
10317,Three Times,https://www.metacritic.com/movie/three-times,,,120
10318,Through a Lens Darkly: Black Photographers And The Emergence Of A People,https://www.metacritic.com/movie/through-a-lens-darkly-black-photographers-and-the-emergence-of-a-people,,,90
10319,Through the Fire,https://www.metacritic.com/movie/through-the-fire,,,103
10320,Throw Down Your Heart,https://www.metacritic.com/movie/throw-down-your-heart,,,97
10321,Thumbsucker,https://www.metacritic.com/movie/thumbsucker,4000000.0,1919197.0,96
10322,Thunder and the House of Magic,https://www.metacritic.com/movie/thunder-and-the-house-of-magic,34000000.0,62582520.0,85
10323,Thunder Force,https://www.metacritic.com/movie/thunder-force,,,105
10324,Thunder Road,https://www.metacritic.com/movie/thunder-road,,448184.0,92
10325,Thunder Soul,https://www.metacritic.com/movie/thunder-soul,,,83
10326,Thunderbirds,https://www.metacritic.com/movie/thunderbirds,55000000.0,28231444.0,95
10327,Tibet: A Buddhist Trilogy,https://www.metacritic.com/movie/tibet-a-buddhist-trilogy,,,134
10328,Tibet: Cry of the Snow Lion,https://www.metacritic.com/movie/tibet-cry-of-the-snow-lion,,672850.0,104
10329,"tick, tick...Boom!",https://www.metacritic.com/movie/tick-tickboom!,,110813.0,115
10330,Tickled,https://www.metacritic.com/movie/tickled,,1025945.0,92
10331,Tickling Giants,https://www.metacritic.com/movie/tickling-giants,,,111
10332,Tideland,https://www.metacritic.com/movie/tideland,,1072932.0,120
10333,Tiger Eyes,https://www.metacritic.com/movie/tiger-eyes,,,92
10334,Tigerland,https://www.metacritic.com/movie/tigerland,,,100
10335,Tigers Are Not Afraid,https://www.metacritic.com/movie/tigers-are-not-afraid,,,83
10336,Tigertail,https://www.metacritic.com/movie/tigertail,,,91
10337,Tikkun,https://www.metacritic.com/movie/tikkun,,,120
10338,Till Human Voices Wake Us,https://www.metacritic.com/movie/till-human-voices-wake-us,,,101
10339,Tim and Eric's Billion Dollar Movie,https://www.metacritic.com/movie/tim-and-erics-billion-dollar-movie,3000000.0,223652.0,94
10340,Timbuktu,https://www.metacritic.com/movie/timbuktu,,6815821.0,97
10341,Time,https://www.metacritic.com/movie/time,,,97
10342,Time,https://www.metacritic.com/movie/time-2020,,351083.0,81
10343,Time and Tide,https://www.metacritic.com/movie/time-and-tide,,,113
10344,Time of the Wolf,https://www.metacritic.com/movie/time-of-the-wolf,,,114
10345,Time Out,https://www.metacritic.com/movie/time-out,,,134
10346,Time Out of Mind,https://www.metacritic.com/movie/time-out-of-mind,,311847.0,120
10347,Time to Choose,https://www.metacritic.com/movie/time-to-choose,3500000.0,,100
10348,Time to Leave,https://www.metacritic.com/movie/time-to-leave,,,81
10349,Timecode,https://www.metacritic.com/movie/timecode,,,97
10350,Timecrimes,https://www.metacritic.com/movie/timecrimes,,,92
10351,Timeline,https://www.metacritic.com/movie/timeline,80000000.0,26703184.0,116
10352,Timmy Failure: Mistakes Were Made,https://www.metacritic.com/movie/timmy-failure-mistakes-were-made,,,99
10353,Tim's Vermeer,https://www.metacritic.com/movie/tims-vermeer,,1724484.0,80
10354,Tina,https://www.metacritic.com/movie/tina,,,118
10355,Tinker Tailor Soldier Spy,https://www.metacritic.com/movie/tinker-tailor-soldier-spy,21000000.0,81428388.0,127
10356,Tiny Furniture,https://www.metacritic.com/movie/tiny-furniture,50000.0,424149.0,98
10357,Tiny Tim: King for a Day,https://www.metacritic.com/movie/tiny-tim-king-for-a-day,,,78
10358,Tip Top,https://www.metacritic.com/movie/tip-top,,7727.0,106
10359,'Tis Autumn: The Search for Jackie Paris,https://www.metacritic.com/movie/tis-autumn-the-search-for-jackie-paris,,4043.0,100
10360,Titan A.E.,https://www.metacritic.com/movie/titan-ae,75000000.0,36751979.0,94
10361,Titane,https://www.metacritic.com/movie/titane,,4915987.0,108
10362,Titanic Town,https://www.metacritic.com/movie/titanic-town,,,100
10363,Tito and the Birds,https://www.metacritic.com/movie/tito-and-the-birds,,,73
10364,TMNT,https://www.metacritic.com/movie/tmnt,35000000.0,96096018.0,87
10365,To All the Boys: Always and Forever,https://www.metacritic.com/movie/to-all-the-boys-always-and-forever,,,
10366,To All the Boys I've Loved Before,https://www.metacritic.com/movie/to-all-the-boys-ive-loved-before,,,99
10367,To All the Boys: P.S. I Still Love You,https://www.metacritic.com/movie/to-all-the-boys-ps-i-still-love-you,,,101
10368,To Be and to Have,https://www.metacritic.com/movie/to-be-and-to-have,,22176599.0,104
10369,To Be Heard,https://www.metacritic.com/movie/to-be-heard,,,86
10370,To Be Takei,https://www.metacritic.com/movie/to-be-takei,,,94
10371,To Die Like a Man,https://www.metacritic.com/movie/to-die-like-a-man,,,133
10372,To Dust,https://www.metacritic.com/movie/to-dust,,,105
10373,To Rome with Love,https://www.metacritic.com/movie/to-rome-with-love,21500000.0,74290305.0,112
10374,To Save a Life,https://www.metacritic.com/movie/to-save-a-life,500000.0,3824868.0,120
10375,To the Arctic,https://www.metacritic.com/movie/to-the-arctic,,,40
10376,To the Bone,https://www.metacritic.com/movie/to-the-bone,,,107
10377,To the Ends of the Earth,https://www.metacritic.com/movie/to-the-ends-of-the-earth,,,120
10378,Alamar (To the Sea),https://www.metacritic.com/movie/to-the-sea,,,73
10379,To the Stars,https://www.metacritic.com/movie/to-the-stars,,,109
10380,To the Wonder,https://www.metacritic.com/movie/to-the-wonder,,1561940.0,112
10381,Toast,https://www.metacritic.com/movie/toast,,168968.0,96
10382,Today's Special,https://www.metacritic.com/movie/todays-special,,,99
10383,Together,https://www.metacritic.com/movie/together,,,116
10384,Together,https://www.metacritic.com/movie/together-2001,,3349928.0,106
10385,Together,https://www.metacritic.com/movie/together-2021,,,91
10386,Together Together,https://www.metacritic.com/movie/together-together,,,90
10387,Togo,https://www.metacritic.com/movie/togo,,,113
10388,Tokyo!,https://www.metacritic.com/movie/tokyo!,,1134059.0,112
10389,Tokyo Eyes,https://www.metacritic.com/movie/tokyo-eyes,,,97
10390,Tokyo Godfathers,https://www.metacritic.com/movie/tokyo-godfathers,,847106.0,92
10391,Tokyo Sonata,https://www.metacritic.com/movie/tokyo-sonata,,281473.0,120
10392,Tokyo Tribe,https://www.metacritic.com/movie/tokyo-tribe,,,116
10393,Tokyo Waka: A City Poem,https://www.metacritic.com/movie/tokyo-waka-a-city-poem,,,63
10394,Tolkien,https://www.metacritic.com/movie/tolkien,20000000.0,8967531.0,112
10395,Tom at the Farm,https://www.metacritic.com/movie/tom-at-the-farm,,,102
10396,Tom Clancy’s Without Remorse,https://www.metacritic.com/movie/tom-clancys-without-remorse,,,109
10397,Tom Dowd & the Language of Music,https://www.metacritic.com/movie/tom-dowd-the-language-of-music,,,82
10398,Tom & Jerry,https://www.metacritic.com/movie/tom-jerry,,,101
10399,Tom of Finland,https://www.metacritic.com/movie/tom-of-finland,,534568.0,115
10400,"Tom Petty, Somewhere You Feel Free",https://www.metacritic.com/movie/tom-petty-somewhere-you-feel-free,,,89
10401,Tomb Raider,https://www.metacritic.com/movie/tomb-raider,90000000.0,273477501.0,118
10402,Tomboy,https://www.metacritic.com/movie/tomboy,,4280325.0,82
10403,Tomcats,https://www.metacritic.com/movie/tomcats,11000000.0,,95
10404,Tommaso,https://www.metacritic.com/movie/tommaso,,,115
10405,Tommy's Honour,https://www.metacritic.com/movie/tommys-honour,,752698.0,112
10406,Tomorrow,https://www.metacritic.com/movie/tomorrow,,,118
10407,Tomorrowland,https://www.metacritic.com/movie/tomorrowland,170000000.0,206627518.0,130
10408,Toni Erdmann,https://www.metacritic.com/movie/toni-erdmann,,11301232.0,162
10409,Toni Morrison: The Pieces I Am,https://www.metacritic.com/movie/toni-morrison-the-pieces-i-am,,946128.0,120
10410,Tonight You're Mine,https://www.metacritic.com/movie/tonight-youre-mine,,18203.0,80
10411,Tony Robbins: I Am Not Your Guru,https://www.metacritic.com/movie/tony-robbins-i-am-not-your-guru,,,115
10412,Tony Takitani,https://www.metacritic.com/movie/tony-takitani,,,75
10413,Too Late,https://www.metacritic.com/movie/too-late,,,107
10414,Too Late to Die Young,https://www.metacritic.com/movie/too-late-to-die-young,,,110
10415,Too Much Sleep,https://www.metacritic.com/movie/too-much-sleep,,,
10416,Tooth Fairy,https://www.metacritic.com/movie/tooth-fairy,48000000.0,112610386.0,101
10417,Top Five,https://www.metacritic.com/movie/top-five,12000000.0,26001741.0,102
10418,Torn,https://www.metacritic.com/movie/torn,,,80
10419,Torque,https://www.metacritic.com/movie/torque,40000000.0,46176322.0,84
10420,Torremolinos 73,https://www.metacritic.com/movie/torremolinos-73,,2416771.0,91
10421,Tortilla Soup,https://www.metacritic.com/movie/tortilla-soup,,4554161.0,102
10422,Tosca,https://www.metacritic.com/movie/tosca,,,126
10423,Total Recall (2012),https://www.metacritic.com/movie/total-recall-2012,,,118
10424,Totally Under Control,https://www.metacritic.com/movie/totally-under-control,,,123
10425,Touch Me Not,https://www.metacritic.com/movie/touch-me-not,,40578.0,123
10426,Touch of Pink,https://www.metacritic.com/movie/touch-of-pink,,599758.0,91
10427,Touch the Sound: A Sound Journey with Evelyn Glennie,https://www.metacritic.com/movie/touch-the-sound-a-sound-journey-with-evelyn-glennie,,,99
10428,Touched With Fire,https://www.metacritic.com/movie/touched-with-fire,,154869.0,106
10429,Touching Home,https://www.metacritic.com/movie/touching-home,,,108
10430,Touching the Void,https://www.metacritic.com/movie/touching-the-void,2000000.0,15396525.0,106
10431,Touchy Feely,https://www.metacritic.com/movie/touchy-feely,,,89
10432,Tove,https://www.metacritic.com/movie/tove,,2324060.0,103
10433,Towelhead,https://www.metacritic.com/movie/towelhead,,400755.0,124
10434,Tower,https://www.metacritic.com/movie/tower,,,96
10435,Tower Heist,https://www.metacritic.com/movie/tower-heist,85000000.0,150422946.0,104
10436,Town & Country,https://www.metacritic.com/movie/town-country,105000000.0,10364769.0,104
10437,Toy Story 3,https://www.metacritic.com/movie/toy-story-3,200000000.0,1068879522.0,103
10438,Toy Story 4,https://www.metacritic.com/movie/toy-story-4,200000000.0,1073080329.0,100
10439,Toys in the Attic,https://www.metacritic.com/movie/toys-in-the-attic,,,80
10440,Tracers,https://www.metacritic.com/movie/tracers,,2880901.0,94
10441,Tracks,https://www.metacritic.com/movie/tracks,,7406230.0,112
10442,Tracktown,https://www.metacritic.com/movie/tracktown,,,88
10443,Trade,https://www.metacritic.com/movie/trade,12000000.0,1513388.0,120
10444,Traffic,https://www.metacritic.com/movie/traffic,48000000.0,208300000.0,147
10445,Traffik,https://www.metacritic.com/movie/traffik,4000000.0,9561231.0,96
10446,Tragedy Girls,https://www.metacritic.com/movie/tragedy-girls,,133169.0,98
10447,Train to Busan,https://www.metacritic.com/movie/train-to-busan,,,118
10448,Train to Busan Presents: Peninsula,https://www.metacritic.com/movie/train-to-busan-presents-peninsula,,,116
10449,Training Day,https://www.metacritic.com/movie/training-day,45000000.0,104505362.0,122
10450,Trainwreck,https://www.metacritic.com/movie/trainwreck,35000000.0,141123897.0,125
10451,Traitor,https://www.metacritic.com/movie/traitor,22000000.0,27882226.0,114
10452,Tramps,https://www.metacritic.com/movie/tramps,,,82
10453,Trance,https://www.metacritic.com/movie/trance,16000000.0,22594052.0,101
10454,Transamerica,https://www.metacritic.com/movie/transamerica,1000000.0,16553163.0,103
10455,Transcendence,https://www.metacritic.com/movie/transcendence,100000000.0,103039258.0,119
10456,Transformers,https://www.metacritic.com/movie/transformers,151000000.0,708272592.0,144
10457,Transformers: Age Of Extinction,https://www.metacritic.com/movie/transformers-age-of-extinction,210000000.0,1104054072.0,165
10458,Transformers: Dark of the Moon,https://www.metacritic.com/movie/transformers-dark-of-the-moon,195000000.0,1123794079.0,154
10459,Transformers: Revenge of the Fallen,https://www.metacritic.com/movie/transformers-revenge-of-the-fallen,210000000.0,836519699.0,150
10460,Transformers: The Last Knight,https://www.metacritic.com/movie/transformers-the-last-knight,217000000.0,602893340.0,149
10461,Transit,https://www.metacritic.com/movie/transit,,1454256.0,101
10462,Transpecos,https://www.metacritic.com/movie/transpecos,,,86
10463,Transporter 2,https://www.metacritic.com/movie/transporter-2,,,87
10464,Transporter 3,https://www.metacritic.com/movie/transporter-3,40000000.0,112930957.0,104
10465,Transsiberian,https://www.metacritic.com/movie/transsiberian,15000000.0,6379575.0,111
10466,Transylmania,https://www.metacritic.com/movie/transylmania,,408229.0,92
10467,Trapped,https://www.metacritic.com/movie/trapped,30000000.0,7005468.0,106
10468,Trapped,https://www.metacritic.com/movie/trapped-2016,,,90
10469,Trash,https://www.metacritic.com/movie/trash,12000000.0,6553186.0,114
10470,Trash Fire,https://www.metacritic.com/movie/trash-fire,,,91
10471,Trash Humpers,https://www.metacritic.com/movie/trash-humpers,,24998.0,78
10472,Travelers and Magicians,https://www.metacritic.com/movie/travelers-and-magicians,,,108
10473,Treasure Planet,https://www.metacritic.com/movie/treasure-planet,100000000.0,91800000.0,95
10474,Treeless Mountain,https://www.metacritic.com/movie/treeless-mountain,,,89
10475,Trembling Before G-d,https://www.metacritic.com/movie/trembling-before-g-d,,814801.0,
10476,Trespass,https://www.metacritic.com/movie/trespass,35000000.0,786532.0,91
10477,Trespass Against Us,https://www.metacritic.com/movie/trespass-against-us,,1201442.0,99
10478,Trespassers,https://www.metacritic.com/movie/trespassers,,,88
10479,Triad Election,https://www.metacritic.com/movie/triad-election,,,92
10480,Trial by Fire,https://www.metacritic.com/movie/trial-by-fire,,,127
10481,Trilogy: The Weeping Meadow,https://www.metacritic.com/movie/trilogy-the-weeping-meadow,,,170
10482,Triple 9,https://www.metacritic.com/movie/triple-9,20000000.0,25943792.0,115
10483,Triple Frontier,https://www.metacritic.com/movie/triple-frontier,115000000.0,,125
10484,Trishna,https://www.metacritic.com/movie/trishna,,1148956.0,117
10485,Tristan and Isolde,https://www.metacritic.com/movie/tristan-and-isolde,,,125
10486,Tristram Shandy: A Cock and Bull Story,https://www.metacritic.com/movie/tristram-shandy-a-cock-and-bull-story,4750000.0,3061763.0,94
10487,Trixie,https://www.metacritic.com/movie/trixie,,,116
10488,Trollhunter,https://www.metacritic.com/movie/trollhunter,,,90
10489,Trolls,https://www.metacritic.com/movie/trolls,125000000.0,343242613.0,92
10490,Trolls World Tour,https://www.metacritic.com/movie/trolls-world-tour,,48822837.0,90
10491,Trolösa,https://www.metacritic.com/movie/trolosa,,,142
10492,TRON: Legacy,https://www.metacritic.com/movie/tron-legacy,200000000.0,399866199.0,125
10493,Troop Zero,https://www.metacritic.com/movie/troop-zero,,,94
10494,Trophy,https://www.metacritic.com/movie/trophy,,25038.0,108
10495,Tropic Thunder,https://www.metacritic.com/movie/tropic-thunder,90000000.0,191145256.0,107
10496,Tropical Malady,https://www.metacritic.com/movie/tropical-malady,,,118
10497,Troubadours,https://www.metacritic.com/movie/troubadours,,,101
10498,Trouble Every Day,https://www.metacritic.com/movie/trouble-every-day,,,101
10499,Trouble the Water,https://www.metacritic.com/movie/trouble-the-water,,522751.0,93
10500,Trouble with the Curve,https://www.metacritic.com/movie/trouble-with-the-curve,60000000.0,47818913.0,111
10501,Troublemakers: The Story of Land Art,https://www.metacritic.com/movie/troublemakers-the-story-of-land-art,,38571.0,72
10502,Troy,https://www.metacritic.com/movie/troy,150000000.0,483152040.0,163
10503,Trucker,https://www.metacritic.com/movie/trucker,1500000.0,,90
10504,Trudell,https://www.metacritic.com/movie/trudell,,,80
10505,True Grit,https://www.metacritic.com/movie/true-grit,35000000.0,252276928.0,110
10506,True History of the Kelly Gang,https://www.metacritic.com/movie/true-history-of-the-kelly-gang,,452899.0,124
10507,True Legend,https://www.metacritic.com/movie/true-legend,,,115
10508,True Mothers,https://www.metacritic.com/movie/true-mothers,,,140
10509,True Story,https://www.metacritic.com/movie/true-story,,5894210.0,99
10510,Truman,https://www.metacritic.com/movie/truman,,8954850.0,108
10511,Truman & Tennessee: An Intimate Conversation,https://www.metacritic.com/movie/truman-tennessee-an-intimate-conversation,,,81
10512,Trumbo,https://www.metacritic.com/movie/trumbo,,,
10513,Trumbo,https://www.metacritic.com/movie/trumbo-2015,15000000.0,13300181.0,124
10514,Trust,https://www.metacritic.com/movie/trust-1969,4000000.0,,104
10515,Trust Me,https://www.metacritic.com/movie/trust-me,,247123.0,90
10516,Trust the Man,https://www.metacritic.com/movie/trust-the-man,9000000.0,2548378.0,103
10517,Truth,https://www.metacritic.com/movie/truth-2015,9600000.0,6842580.0,125
10518,Tsotsi,https://www.metacritic.com/movie/tsotsi,3000000.0,11537539.0,94
10519,Tu Dors Nicole,https://www.metacritic.com/movie/tu-dors-nicole,,10349.0,93
10520,Tuck Everlasting,https://www.metacritic.com/movie/tuck-everlasting,15000000.0,19344615.0,90
10521,Tucker & Dale vs Evil,https://www.metacritic.com/movie/tucker-dale-vs-evil,5000000.0,5476793.0,89
10522,"Tuesday, After Christmas",https://www.metacritic.com/movie/tuesday-after-christmas,,,99
10523,Tulip Fever,https://www.metacritic.com/movie/tulip-fever,25000000.0,6792768.0,105
10524,Tully,https://www.metacritic.com/movie/tully,,,102
10525,Tully,https://www.metacritic.com/movie/tully-2018,,15952688.0,95
10526,Tulpan,https://www.metacritic.com/movie/tulpan,,,100
10527,Tumbledown,https://www.metacritic.com/movie/tumbledown,,,105
10528,Tupac: Resurrection,https://www.metacritic.com/movie/tupac-resurrection,300000.0,7808524.0,112
10529,Turbo,https://www.metacritic.com/movie/turbo,135000000.0,286896578.0,96
10530,Turistas,https://www.metacritic.com/movie/turistas,10000000.0,14321070.0,93
10531,Turn It Up,https://www.metacritic.com/movie/turn-it-up,,,86
10532,"Turn Me On, Dammit!",https://www.metacritic.com/movie/turn-me-on-dammit!,,,76
10533,Turn the River,https://www.metacritic.com/movie/turn-the-river,,,92
10534,Turtle: The Incredible Journey,https://www.metacritic.com/movie/turtle-the-incredible-journey,,1358840.0,81
10535,Turtles Can Fly,https://www.metacritic.com/movie/turtles-can-fly,,1080367.0,98
10536,Tusk,https://www.metacritic.com/movie/tusk,3000000.0,1887554.0,102
10537,Tuvalu,https://www.metacritic.com/movie/tuvalu,,,101
10538,Tuya's Marriage,https://www.metacritic.com/movie/tuyas-marriage,,,86
10539,Twelve,https://www.metacritic.com/movie/twelve,,,93
10540,Twelve and Holding,https://www.metacritic.com/movie/twelve-and-holding,,314017.0,94
10541,Twelve Thirty,https://www.metacritic.com/movie/twelve-thirty,,,120
10542,Twentynine Palms,https://www.metacritic.com/movie/twentynine-palms,,81517.0,119
10543,Twice Born,https://www.metacritic.com/movie/twice-born,,,127
10544,Twilight,https://www.metacritic.com/movie/twilight,37000000.0,402280159.0,122
10545,Twilight's Kiss,https://www.metacritic.com/movie/twilights-kiss,,,92
10546,Twinsters,https://www.metacritic.com/movie/twinsters,,100575.0,89
10547,Twist,https://www.metacritic.com/movie/twist,,,97
10548,Twist of Faith,https://www.metacritic.com/movie/twist-of-faith,,,87
10549,Twisted,https://www.metacritic.com/movie/twisted,50000000.0,40119848.0,97
10550,Two Brothers,https://www.metacritic.com/movie/two-brothers,72000000.0,62176754.0,109
10551,Two Can Play That Game,https://www.metacritic.com/movie/two-can-play-that-game,13000000.0,22391450.0,90
10552,"Two Days, One Night",https://www.metacritic.com/movie/two-days-one-night,,,95
10553,Two Drifters,https://www.metacritic.com/movie/two-drifters,,,98
10554,Two Family House,https://www.metacritic.com/movie/two-family-house,,1020695.0,108
10555,Two for the Money,https://www.metacritic.com/movie/two-for-the-money,,,122
10556,Two Gods,https://www.metacritic.com/movie/two-gods,,,
10557,Two in the Wave,https://www.metacritic.com/movie/two-in-the-wave,,,91
10558,Two Lovers,https://www.metacritic.com/movie/two-lovers,12000000.0,16349034.0,110
10559,Two Lovers and a Bear,https://www.metacritic.com/movie/two-lovers-and-a-bear,,,96
10560,Two Men Went to War,https://www.metacritic.com/movie/two-men-went-to-war,,191080.0,109
10561,Two Night Stand,https://www.metacritic.com/movie/two-night-stand,1600000.0,868081.0,86
10562,Two Ninas,https://www.metacritic.com/movie/two-ninas,,,88
10563,Two of Us,https://www.metacritic.com/movie/two-of-us,,,99
10564,Two Plains & a Fancy,https://www.metacritic.com/movie/two-plains-a-fancy,,,90
10565,Two Step,https://www.metacritic.com/movie/two-step,,,93
10566,Two Weeks,https://www.metacritic.com/movie/two-weeks,,,102
10567,Two Weeks Notice,https://www.metacritic.com/movie/two-weeks-notice,60000000.0,199043309.0,101
10568,Tycoon: A New Russian,https://www.metacritic.com/movie/tycoon-a-new-russian,,,123
10569,Tying the Knot,https://www.metacritic.com/movie/tying-the-knot,,,81
10570,Tyler Perry's A Madea Christmas,https://www.metacritic.com/movie/tyler-perrys-a-madea-christmas,25000000.0,,100
10571,Tyler Perry's A Madea Family Funeral,https://www.metacritic.com/movie/tyler-perrys-a-madea-family-funeral,20000000.0,74781999.0,109
10572,Tyler Perry's Acrimony,https://www.metacritic.com/movie/tyler-perrys-acrimony,,,120
10573,Tyler Perry's Boo 2! A Madea Halloween,https://www.metacritic.com/movie/tyler-perrys-boo-2!-a-madea-halloween,20000000.0,47879572.0,101
10574,Tyler Perry's Temptation,https://www.metacritic.com/movie/tyler-perrys-temptation,37000000.0,53143144.0,111
10575,Tyler Perry's The Single Moms Club,https://www.metacritic.com/movie/tyler-perrys-the-single-moms-club,,,111
10576,Typhoon,https://www.metacritic.com/movie/typhoon,,,124
10577,Tyrannosaur,https://www.metacritic.com/movie/tyrannosaur,,299088.0,91
10578,Tyrel,https://www.metacritic.com/movie/tyrel,,,86
10579,Tyson,https://www.metacritic.com/movie/tyson,,967296.0,90
10580,U-571,https://www.metacritic.com/movie/u-571,62000000.0,127630030.0,116
10581,U-Carmen e-Khayelitsha,https://www.metacritic.com/movie/u-carmen-e-khayelitsha,,503288.0,122
10582,U Want Me 2 Kill Him?,https://www.metacritic.com/movie/u-want-me-2-kill-him,,,92
10583,U2 3D,https://www.metacritic.com/movie/u2-3d,15000000.0,26170402.0,85
10584,UglyDolls,https://www.metacritic.com/movie/uglydolls,45000000.0,28363146.0,87
10585,Ultimate X: The Movie,https://www.metacritic.com/movie/ultimate-x-the-movie,,,47
10586,Ultrasuede: In Search of Halston,https://www.metacritic.com/movie/ultrasuede-in-search-of-halston,,,89
10587,Ultraviolet,https://www.metacritic.com/movie/ultraviolet,30000000.0,30962112.0,88
10588,U.N. Me,https://www.metacritic.com/movie/un-me,,,90
10589,Una,https://www.metacritic.com/movie/una,,432418.0,94
10590,Una Noche,https://www.metacritic.com/movie/una-noche,,609579.0,90
10591,Unaccompanied Minors,https://www.metacritic.com/movie/unaccompanied-minors,25000000.0,21970831.0,90
10592,Unbreakable,https://www.metacritic.com/movie/unbreakable,73243106.0,248099143.0,106
10593,Unbroken,https://www.metacritic.com/movie/unbroken,65000000.0,163527824.0,137
10594,Unbroken: Path to Redemption,https://www.metacritic.com/movie/unbroken-path-to-redemption,6000000.0,,98
10595,Uncertain,https://www.metacritic.com/movie/uncertain,,,82
10596,Uncertain Terms,https://www.metacritic.com/movie/uncertain-terms,,,75
10597,Uncertainty,https://www.metacritic.com/movie/uncertainty,,,101
10598,Uncle Boonmee Who Can Recall His Past Lives,https://www.metacritic.com/movie/uncle-boonmee-who-can-recall-his-past-lives,,,114
10599,Uncle Drew,https://www.metacritic.com/movie/uncle-drew,18000000.0,46594261.0,103
10600,Uncle Frank,https://www.metacritic.com/movie/uncle-frank,,,95
10601,Uncle Howard,https://www.metacritic.com/movie/uncle-howard,,2202.0,96
10602,Uncle Nino,https://www.metacritic.com/movie/uncle-nino,,,104
10603,Unconscious,https://www.metacritic.com/movie/unconscious,,,100
10604,Uncorked,https://www.metacritic.com/movie/uncorked,,,104
10605,Uncovered: The Whole Truth About the Iraq War,https://www.metacritic.com/movie/uncovered-the-whole-truth-about-the-iraq-war,,,56
10606,Uncut Gems,https://www.metacritic.com/movie/uncut-gems,,,135
10607,Undead,https://www.metacritic.com/movie/undead,750000.0,229250.0,97
10608,Undefeated,https://www.metacritic.com/movie/undefeated,,585833.0,113
10609,Under African Skies,https://www.metacritic.com/movie/under-african-skies,,,108
10610,Under Fire: Journalists in Combat,https://www.metacritic.com/movie/under-fire-journalists-in-combat,,,90
10611,Under Our Skin,https://www.metacritic.com/movie/under-our-skin,,,104
10612,Under solen,https://www.metacritic.com/movie/under-solen,,,130
10613,Under Suspicion,https://www.metacritic.com/movie/under-suspicion,,,110
10614,Under the City's Skin,https://www.metacritic.com/movie/under-the-citys-skin,,,92
10615,Under the Eiffel Tower,https://www.metacritic.com/movie/under-the-eiffel-tower,,,87
10616,Under the Electric Sky,https://www.metacritic.com/movie/under-the-electric-sky,,,85
10617,Under the Same Moon (La misma luna),https://www.metacritic.com/movie/under-the-same-moon-la-misma-luna,,,106
10618,Under the Sand,https://www.metacritic.com/movie/under-the-sand,,,92
10619,Under the Sea 3D,https://www.metacritic.com/movie/under-the-sea-3d,,46890944.0,40
10620,Under the Shadow,https://www.metacritic.com/movie/under-the-shadow,,151923.0,84
10621,Under the Silver Lake,https://www.metacritic.com/movie/under-the-silver-lake,,2804142.0,139
10622,Under the Skin,https://www.metacritic.com/movie/under-the-skin,13300000.0,7229933.0,108
10623,Under the Sun,https://www.metacritic.com/movie/under-the-sun,,,106
10624,Under the Tree,https://www.metacritic.com/movie/under-the-tree,,,89
10625,Under the Tuscan Sun,https://www.metacritic.com/movie/under-the-tuscan-sun,18000000.0,57490024.0,113
10626,Under The Wire,https://www.metacritic.com/movie/under-the-wire,,23876.0,95
10627,Underclassman,https://www.metacritic.com/movie/underclassman,25000000.0,,95
10628,Undercover Brother,https://www.metacritic.com/movie/undercover-brother,25000000.0,40796145.0,86
10629,Underdog,https://www.metacritic.com/movie/underdog,,65033328.0,84
10630,Undergods,https://www.metacritic.com/movie/undergods,,7742.0,92
10631,Undertow,https://www.metacritic.com/movie/undertow,,,108
10632,Undertow,https://www.metacritic.com/movie/undertow-1969,,,100
10633,Underwater,https://www.metacritic.com/movie/underwater,65000000.0,39194264.0,95
10634,Underworld,https://www.metacritic.com/movie/underworld,22000000.0,95708457.0,121
10635,Underworld: Awakening,https://www.metacritic.com/movie/underworld-awakening,70000000.0,160379930.0,88
10636,Underworld: Blood Wars,https://www.metacritic.com/movie/underworld-blood-wars,35000000.0,81209222.0,91
10637,Underworld: Evolution,https://www.metacritic.com/movie/underworld-evolution,45000000.0,113417762.0,106
10638,Underworld: Rise of the Lycans,https://www.metacritic.com/movie/underworld-rise-of-the-lycans,,,92
10639,Undine,https://www.metacritic.com/movie/undine,,1288792.0,90
10640,Undiscovered,https://www.metacritic.com/movie/undiscovered,9000000.0,,97
10641,Undisputed,https://www.metacritic.com/movie/undisputed,20000000.0,,94
10642,Unexpected,https://www.metacritic.com/movie/unexpected,,,90
10643,Unfaithful,https://www.metacritic.com/movie/unfaithful,50000000.0,119114494.0,124
10644,Unfinished Business,https://www.metacritic.com/movie/unfinished-business,35000000.0,13214051.0,91
10645,Unfinished Song,https://www.metacritic.com/movie/unfinished-song,,11210717.0,93
10646,Unforgettable,https://www.metacritic.com/movie/unforgettable,12000000.0,16221211.0,100
10647,Unforgivable,https://www.metacritic.com/movie/unforgivable,,,111
10648,Unfreedom,https://www.metacritic.com/movie/unfreedom,,,102
10649,Unfriended,https://www.metacritic.com/movie/unfriended,1000000.0,64364198.0,83
10650,Unfriended: Dark Web,https://www.metacritic.com/movie/unfriended-dark-web,1000000.0,16434588.0,92
10651,Unhinged,https://www.metacritic.com/movie/unhinged,33000000.0,37321536.0,90
10652,Unicorn Store,https://www.metacritic.com/movie/unicorn-store,,,92
10653,Union Square,https://www.metacritic.com/movie/union-square,,,90
10654,Union Square,https://www.metacritic.com/movie/union-square-1969,,,80
10655,United 93,https://www.metacritic.com/movie/united-93,18000000.0,77635035.0,111
10656,United Passions,https://www.metacritic.com/movie/united-passions,30000000.0,168832.0,110
10657,Universal Soldier: Day of Reckoning,https://www.metacritic.com/movie/universal-soldier-day-of-reckoning,,1545188.0,114
10658,Unknown,https://www.metacritic.com/movie/unknown,3700000.0,3355048.0,85
10659,Unknown,https://www.metacritic.com/movie/unknown-2011,40000000.0,136123083.0,113
10660,Unknown Pleasures,https://www.metacritic.com/movie/unknown-pleasures,,,112
10661,Unknown White Male,https://www.metacritic.com/movie/unknown-white-male,,,88
10662,Unleashed,https://www.metacritic.com/movie/unleashed,,,102
10663,Unlocked,https://www.metacritic.com/movie/unlocked,,6607476.0,98
10664,Unlocking the Cage,https://www.metacritic.com/movie/unlocking-the-cage,,,91
10665,Unlovable,https://www.metacritic.com/movie/unlovable,,,80
10666,Unmade Beds,https://www.metacritic.com/movie/unmade-beds,,,92
10667,Unmade in China,https://www.metacritic.com/movie/unmade-in-china,,,87
10668,Unmistaken Child,https://www.metacritic.com/movie/unmistaken-child,,,102
10669,Unplanned,https://www.metacritic.com/movie/unplanned,6000000.0,21294302.0,106
10670,Unpregnant,https://www.metacritic.com/movie/unpregnant,,,
10671,Unrelated,https://www.metacritic.com/movie/unrelated,,,100
10672,Unrest,https://www.metacritic.com/movie/unrest,,72518.0,98
10673,Unsane,https://www.metacritic.com/movie/unsane,1500000.0,14296709.0,98
10674,Unstoppable,https://www.metacritic.com/movie/unstoppable,95000000.0,165720921.0,98
10675,Until the Light Takes Us,https://www.metacritic.com/movie/until-the-light-takes-us,,,93
10676,(Untitled),https://www.metacritic.com/movie/untitled,,,96
10677,Untogether,https://www.metacritic.com/movie/untogether,,,98
10678,Untouchable,https://www.metacritic.com/movie/untouchable,,226184.0,98
10679,Untraceable,https://www.metacritic.com/movie/untraceable,35000000.0,52649951.0,101
10680,Up,https://www.metacritic.com/movie/up,175000000.0,731463377.0,96
10681,Up and Down,https://www.metacritic.com/movie/up-and-down,,,108
10682,Up at the Villa,https://www.metacritic.com/movie/up-at-the-villa,,3740113.0,115
10683,Up for Grabs,https://www.metacritic.com/movie/up-for-grabs,,,90
10684,Up in the Air,https://www.metacritic.com/movie/up-in-the-air,25000000.0,166842739.0,
10685,Up the Yangtze,https://www.metacritic.com/movie/up-the-yangtze,,,93
10686,Upgrade,https://www.metacritic.com/movie/upgrade,3000000.0,16976561.0,100
10687,Uppercase Print,https://www.metacritic.com/movie/uppercase-print,,,128
10688,Uprising (2013),https://www.metacritic.com/movie/uprising-2013,,,85
10689,Upside Down,https://www.metacritic.com/movie/upside-down,50000000.0,26387039.0,100
10690,Upstream Color,https://www.metacritic.com/movie/upstream-color,,584881.0,96
10691,Uptown Girls,https://www.metacritic.com/movie/uptown-girls,,,92
10692,Urban Hymn,https://www.metacritic.com/movie/urban-hymn,,1118.0,114
10693,Urban Legends: Final Cut,https://www.metacritic.com/movie/urban-legends-final-cut,15000000.0,38574362.0,97
10694,Urbania,https://www.metacritic.com/movie/urbania,225000.0,,103
10695,Us,https://www.metacritic.com/movie/us,20000000.0,256091919.0,116
10696,Us and Them,https://www.metacritic.com/movie/us-and-them,,49.0,83
10697,Us Kids,https://www.metacritic.com/movie/us-kids,,,98
10698,Ushpizin,https://www.metacritic.com/movie/ushpizin,,,90
10699,USS Indianapolis: Men of Courage,https://www.metacritic.com/movie/uss-indianapolis-men-of-courage,40000000.0,1663785.0,128
10700,V for Vendetta,https://www.metacritic.com/movie/v-for-vendetta,50000000.0,130214162.0,132
10701,Va Savoir (Who Knows?),https://www.metacritic.com/movie/va-savoir-who-knows,,,154
10702,Vacancy,https://www.metacritic.com/movie/vacancy,,24363007.0,85
10703,Vacation,https://www.metacritic.com/movie/vacation-2015,31000000.0,102306500.0,99
10704,Vacation Friends,https://www.metacritic.com/movie/vacation-friends,,,103
10705,Vajra Sky Over Tibet,https://www.metacritic.com/movie/vajra-sky-over-tibet,,,89
10706,Val,https://www.metacritic.com/movie/val,,,109
10707,Valentin,https://www.metacritic.com/movie/valentin,,,86
10708,Valentine,https://www.metacritic.com/movie/valentine,10000000.0,,96
10709,Valentine's Day,https://www.metacritic.com/movie/valentines-day,52000000.0,217569328.0,125
10710,Valentino: The Last Emperor,https://www.metacritic.com/movie/valentino-the-last-emperor,,2204738.0,96
10711,Valerian and the City of a Thousand Planets,https://www.metacritic.com/movie/valerian-and-the-city-of-a-thousand-planets,180000000.0,215098356.0,137
10712,Valhalla Rising,https://www.metacritic.com/movie/valhalla-rising,5700000.0,731613.0,93
10713,Valiant,https://www.metacritic.com/movie/valiant,35000000.0,64188387.0,76
10714,Valkyrie,https://www.metacritic.com/movie/valkyrie,90000000.0,203932174.0,115
10715,Valley Girl,https://www.metacritic.com/movie/valley-girl,,,102
10716,Valley of Love,https://www.metacritic.com/movie/valley-of-love,,1172689.0,91
10717,Valley of Tears,https://www.metacritic.com/movie/valley-of-tears,,,82
10718,Vampire Academy,https://www.metacritic.com/movie/vampire-academy,,7834825.0,104
10719,Vampire Hunter D,https://www.metacritic.com/movie/vampire-hunter-d,,,103
10720,Vampires Suck,https://www.metacritic.com/movie/vampires-suck,20000000.0,81424988.0,82
10721,Vamps,https://www.metacritic.com/movie/vamps,16000000.0,94812.0,92
10722,Van Helsing,https://www.metacritic.com/movie/van-helsing,170000000.0,300150546.0,131
10723,Van Wilder,https://www.metacritic.com/movie/van-wilder,,,92
10724,Van Wilder 2: The Rise of Taj,https://www.metacritic.com/movie/van-wilder-2-the-rise-of-taj,,,97
10725,Vanguard,https://www.metacritic.com/movie/vanguard,,,107
10726,Vanilla Sky,https://www.metacritic.com/movie/vanilla-sky,70000000.0,202726605.0,136
10727,Vanishing on 7th Street,https://www.metacritic.com/movie/vanishing-on-7th-street,,,90
10728,Vanity Fair,https://www.metacritic.com/movie/vanity-fair,23000000.0,19123851.0,141
10729,Vanquish,https://www.metacritic.com/movie/vanquish,,62673.0,94
10730,Vantage Point,https://www.metacritic.com/movie/vantage-point,40000000.0,150886329.0,90
10731,Varda by Agnès,https://www.metacritic.com/movie/varda-by-agncs,,,115
10732,Vatel,https://www.metacritic.com/movie/vatel,,,103
10733,Vazante,https://www.metacritic.com/movie/vazante,,25095.0,116
10734,Vehicle 19,https://www.metacritic.com/movie/vehicle-19,,1217880.0,85
10735,Velvet Buzzsaw,https://www.metacritic.com/movie/velvet-buzzsaw,21000000.0,,113
10736,Vengo,https://www.metacritic.com/movie/vengo,,,90
10737,Venom,https://www.metacritic.com/movie/venom,25000000.0,,85
10738,Venom,https://www.metacritic.com/movie/venom-2018,116000000.0,856081053.0,112
10739,Venom: Let There Be Carnage,https://www.metacritic.com/movie/venom-let-there-be-carnage,110000000.0,501600379.0,97
10740,Venus,https://www.metacritic.com/movie/venus,6000000.0,7818479.0,95
10741,Venus and Mars,https://www.metacritic.com/movie/venus-and-mars,,,94
10742,Venus and Serena,https://www.metacritic.com/movie/venus-and-serena,,,99
10743,Vénus beauté (institut),https://www.metacritic.com/movie/venus-beaute-institut,,,105
10744,Venus Boyz,https://www.metacritic.com/movie/venus-boyz,,54394.0,102
10745,Venus in Fur,https://www.metacritic.com/movie/venus-in-fur,,,96
10746,Vera Drake,https://www.metacritic.com/movie/vera-drake,11000000.0,13353855.0,125
10747,Veronica Guerin,https://www.metacritic.com/movie/veronica-guerin,17000000.0,9438074.0,92
10748,Veronica Mars,https://www.metacritic.com/movie/veronica-mars,6000000.0,3485383.0,107
10749,Vertical Limit,https://www.metacritic.com/movie/vertical-limit,75000000.0,213500000.0,124
10750,Very Annie Mary,https://www.metacritic.com/movie/very-annie-mary,,74002.0,104
10751,Very Good Girls,https://www.metacritic.com/movie/very-good-girls,,,91
10752,Very Semi-Serious,https://www.metacritic.com/movie/very-semi-serious,,,83
10753,VFW,https://www.metacritic.com/movie/vfw,,,92
10754,V/H/S,https://www.metacritic.com/movie/vhs,,1925329.0,116
10755,V/H/S: Viral,https://www.metacritic.com/movie/vhs-viral,,59981.0,82
10756,V/H/S/2,https://www.metacritic.com/movie/vhs2,,,96
10757,V/H/S/94,https://www.metacritic.com/movie/vhs94,,,100
10758,VHYes,https://www.metacritic.com/movie/vhyes,,,72
10759,Vice,https://www.metacritic.com/movie/vice-2015,,935485.0,96
10760,Vice,https://www.metacritic.com/movie/vice-2018,60000000.0,70893782.0,132
10761,Viceroy's House,https://www.metacritic.com/movie/viceroys-house,,11905791.0,106
10762,Vicky Cristina Barcelona,https://www.metacritic.com/movie/vicky-cristina-barcelona,16000000.0,104504817.0,96
10763,Victor Frankenstein,https://www.metacritic.com/movie/victor-frankenstein,40000000.0,31124367.0,110
10764,Victoria,https://www.metacritic.com/movie/victoria,,6725950.0,138
10765,Victoria and Abdul,https://www.metacritic.com/movie/victoria-and-abdul,21000000.0,68271146.0,111
10766,Vidal Sassoon: The Movie,https://www.metacritic.com/movie/vidal-sassoon-the-movie,,,90
10767,Video Games: The Movie,https://www.metacritic.com/movie/video-games-the-movie,,,105
10768,Videocracy,https://www.metacritic.com/movie/videocracy,,,85
10769,View from the Top,https://www.metacritic.com/movie/view-from-the-top,,19526014.0,87
10770,Viktoria,https://www.metacritic.com/movie/viktoria,,,155
10771,Villains,https://www.metacritic.com/movie/villains,,,90
10772,Vincent N Roxxy,https://www.metacritic.com/movie/vincent-n-roxxy,,,102
10773,Vincent Wants to Sea,https://www.metacritic.com/movie/vincent-wants-to-sea,,,96
10774,Vincere,https://www.metacritic.com/movie/vincere,,1412865.0,128
10775,Viola,https://www.metacritic.com/movie/viola,,,65
10776,Violation,https://www.metacritic.com/movie/violation,,,107
10777,Violet,https://www.metacritic.com/movie/violet-2021,,,92
10778,Violet & Daisy,https://www.metacritic.com/movie/violet-daisy,,,88
10779,Violeta Went to Heaven,https://www.metacritic.com/movie/violeta-went-to-heaven,,,110
10780,Violette,https://www.metacritic.com/movie/violette,,,139
10781,Viper Club,https://www.metacritic.com/movie/viper-club,,,109
10782,Viral: Antisemitism in Four Mutations,https://www.metacritic.com/movie/viral-antisemitism-in-four-mutations,,,84
10783,Virgil Bliss,https://www.metacritic.com/movie/virgil-bliss,,,93
10784,Virgin,https://www.metacritic.com/movie/virgin,,,114
10785,Virginia,https://www.metacritic.com/movie/virginia,,,116
10786,Virtual JFK: Vietnam If Kennedy Had Lived,https://www.metacritic.com/movie/virtual-jfk-vietnam-if-kennedy-had-lived,,,80
10787,Vision: From the Life of Hildegard Von Bingen,https://www.metacritic.com/movie/vision-from-the-life-of-hildegard-von-bingen,,,110
10788,Vision Portraits,https://www.metacritic.com/movie/vision-portraits,,,78
10789,Visitors,https://www.metacritic.com/movie/visitors,,,87
10790,Visual Acoustics,https://www.metacritic.com/movie/visual-acoustics,,,83
10791,Vita Activa: The Spirit of Hannah Arendt,https://www.metacritic.com/movie/vita-activa-the-spirit-of-hannah-arendt,,106891.0,125
10792,Vita & Virginia,https://www.metacritic.com/movie/vita-virginia,,840149.0,110
10793,Vitalina Varela,https://www.metacritic.com/movie/vitalina-varela,,55716.0,124
10794,Vitus,https://www.metacritic.com/movie/vitus,,6079556.0,123
10795,Viva,https://www.metacritic.com/movie/viva,,423891.0,100
10796,Viva,https://www.metacritic.com/movie/viva-2008,,,120
10797,Viva Riva!,https://www.metacritic.com/movie/viva-riva!,,,98
10798,Vivarium,https://www.metacritic.com/movie/vivarium,,289902.0,97
10799,Vivo,https://www.metacritic.com/movie/vivo,,41059088.0,95
10800,Évocateur: The Morton Downey Jr. Movie,https://www.metacritic.com/movie/vocateur-the-morton-downey-jr-movie,,,
10801,Vodka Lemon,https://www.metacritic.com/movie/vodka-lemon,,,90
10802,Voice from the Stone,https://www.metacritic.com/movie/voice-from-the-stone,,72034.0,94
10803,Voices in Wartime,https://www.metacritic.com/movie/voices-in-wartime,,,74
10804,Voices of Iraq,https://www.metacritic.com/movie/voices-of-iraq,,,80
10805,Volver,https://www.metacritic.com/movie/volver,9400000.0,87226613.0,121
10806,Vox Lux,https://www.metacritic.com/movie/vox-lux,,1283981.0,114
10807,Voyage of Time: The IMAX Experience,https://www.metacritic.com/movie/voyage-of-time-the-imax-experience,,,44
10808,Voyagers,https://www.metacritic.com/movie/voyagers,29000000.0,4131130.0,108
10809,Voyeur,https://www.metacritic.com/movie/voyeur,,,96
10810,Vulgar,https://www.metacritic.com/movie/vulgar,,,87
10811,W.,https://www.metacritic.com/movie/w,25100000.0,28575778.0,129
10812,Wadd: The Life & Times of John C. Holmes,https://www.metacritic.com/movie/wadd-the-life-times-of-john-c-holmes,,,105
10813,Wadjda,https://www.metacritic.com/movie/wadjda,,14505102.0,98
10814,Waga jinsei saiaku no toki,https://www.metacritic.com/movie/waga-jinsei-saiaku-no-toki,,,92
10815,Waging a Living,https://www.metacritic.com/movie/waging-a-living,,,85
10816,Wagner & Me,https://www.metacritic.com/movie/wagner-me,,54215.0,89
10817,Wagner's Dream,https://www.metacritic.com/movie/wagners-dream,,,115
10818,Wah Do Dem,https://www.metacritic.com/movie/wah-do-dem,,,76
10819,Wah-Wah,https://www.metacritic.com/movie/wah-wah,7000000.0,463039.0,120
10820,Waist Deep,https://www.metacritic.com/movie/waist-deep,,,97
10821,Wait for Your Laugh,https://www.metacritic.com/movie/wait-for-your-laugh,,,85
10822,Waiting...,https://www.metacritic.com/movie/waiting,1125000.0,18673274.0,94
10823,Waiting for Armageddon,https://www.metacritic.com/movie/waiting-for-armageddon,,,74
10824,Waiting for Forever,https://www.metacritic.com/movie/waiting-for-forever,,,
10825,Waiting for Lightning,https://www.metacritic.com/movie/waiting-for-lightning,,23094.0,
10826,Waiting for 'Superman',https://www.metacritic.com/movie/waiting-for-superman,,6446066.0,111
10827,Waiting for the Barbarians,https://www.metacritic.com/movie/waiting-for-the-barbarians,,745818.0,112
10828,Waitress,https://www.metacritic.com/movie/waitress,1500000.0,22217183.0,108
10829,Wake,https://www.metacritic.com/movie/wake,,,90
10830,Wakefield,https://www.metacritic.com/movie/wakefield,,874187.0,106
10831,Waking Life,https://www.metacritic.com/movie/waking-life,,,99
10832,Waking Sleeping Beauty,https://www.metacritic.com/movie/waking-sleeping-beauty,,,86
10833,Waking the Dead,https://www.metacritic.com/movie/waking-the-dead,,,105
10834,Waking Up in Reno,https://www.metacritic.com/movie/waking-up-in-reno,,269729.0,91
10835,Wal-Mart: The High Cost of Low Price,https://www.metacritic.com/movie/wal-mart-the-high-cost-of-low-price,1500000.0,58692.0,98
10836,Walk Away Renee,https://www.metacritic.com/movie/walk-away-renee,,,90
10837,Walk Hard: The Dewey Cox Story,https://www.metacritic.com/movie/walk-hard-the-dewey-cox-story,35000000.0,20606053.0,96
10838,Walk of Shame,https://www.metacritic.com/movie/walk-of-shame,,5565259.0,95
10839,Walk on Water,https://www.metacritic.com/movie/walk-on-water,,4443069.0,103
10840,Walk the Line,https://www.metacritic.com/movie/walk-the-line,29000000.0,187707495.0,136
10841,Walking on the Sky,https://www.metacritic.com/movie/walking-on-the-sky,,,94
10842,Walking on Water,https://www.metacritic.com/movie/walking-on-water,,183120.0,105
10843,Walking Out,https://www.metacritic.com/movie/walking-out,,162521.0,95
10844,Walking Tall,https://www.metacritic.com/movie/walking-tall,56000000.0,47856383.0,86
10845,Walking with Dinosaurs,https://www.metacritic.com/movie/walking-with-dinosaurs,80000000.0,123368842.0,87
10846,Walking with the Enemy,https://www.metacritic.com/movie/walking-with-the-enemy,,,124
10847,Wall,https://www.metacritic.com/movie/wall,,,96
10848,WALL-E,https://www.metacritic.com/movie/wall-e,180000000.0,532508025.0,98
10849,Wall Street: Money Never Sleeps,https://www.metacritic.com/movie/wall-street-money-never-sleeps,,,133
10850,Wallace & Gromit: The Curse of the Were-Rabbit,https://www.metacritic.com/movie/wallace-gromit-the-curse-of-the-were-rabbit,30000000.0,197593152.0,85
10851,Walt & El Grupo,https://www.metacritic.com/movie/walt-el-grupo,,,106
10852,Waltz with Bashir,https://www.metacritic.com/movie/waltz-with-bashir,2000000.0,13912289.0,90
10853,Wander Darkly,https://www.metacritic.com/movie/wander-darkly,,,97
10854,Wanderlust,https://www.metacritic.com/movie/wanderlust,32500000.0,24159934.0,98
10855,Wanted,https://www.metacritic.com/movie/wanted,75000000.0,342416460.0,110
10856,War,https://www.metacritic.com/movie/war,25000000.0,40686409.0,103
10857,War Dance,https://www.metacritic.com/movie/war-dance,,115928.0,
10858,War Dogs,https://www.metacritic.com/movie/war-dogs,50000000.0,86234503.0,114
10859,War for the Planet of the Apes,https://www.metacritic.com/movie/war-for-the-planet-of-the-apes,152000000.0,489592267.0,140
10860,War Horse,https://www.metacritic.com/movie/war-horse,70000000.0,156815529.0,146
10861,"War, Inc.",https://www.metacritic.com/movie/war-inc,10000000.0,1299855.0,107
10862,War Machine,https://www.metacritic.com/movie/war-machine,,,122
10863,War of the Buttons,https://www.metacritic.com/movie/war-of-the-buttons,,,100
10864,War of the Worlds,https://www.metacritic.com/movie/war-of-the-worlds,132000000.0,606836535.0,116
10865,War of the Worlds: Goliath,https://www.metacritic.com/movie/war-of-the-worlds-goliath,,,85
10866,War on Everyone,https://www.metacritic.com/movie/war-on-everyone,,708278.0,98
10867,War Photographer,https://www.metacritic.com/movie/war-photographer,,,96
10868,War Room,https://www.metacritic.com/movie/war-room,3000000.0,73986904.0,120
10869,War Story,https://www.metacritic.com/movie/war-story,,,90
10870,War Witch,https://www.metacritic.com/movie/war-witch,,,90
10871,Warcraft,https://www.metacritic.com/movie/warcraft,160000000.0,438899824.0,123
10872,Warlords,https://www.metacritic.com/movie/warlords,,,126
10873,Warm Bodies,https://www.metacritic.com/movie/warm-bodies,30000000.0,114834312.0,98
10874,Warm Water Under a Red Bridge,https://www.metacritic.com/movie/warm-water-under-a-red-bridge,,,119
10875,Warrior,https://www.metacritic.com/movie/warrior,25000000.0,24215385.0,139
10876,Warriors of Heaven and Earth,https://www.metacritic.com/movie/warriors-of-heaven-and-earth,,1318382.0,114
10877,Warriors of the Rainbow: Seediq Bale,https://www.metacritic.com/movie/warriors-of-the-rainbow-seediq-bale,,,154
10878,Wasabi,https://www.metacritic.com/movie/wasabi,15300000.0,7000000.0,94
10879,Washington Heights,https://www.metacritic.com/movie/washington-heights,,,89
10880,Wasp Network,https://www.metacritic.com/movie/wasp-network,,1541585.0,127
10881,Wassup Rockers,https://www.metacritic.com/movie/wassup-rockers,,627077.0,111
10882,Waste Land,https://www.metacritic.com/movie/waste-land,,,90
10883,Wasteland,https://www.metacritic.com/movie/wasteland,,,108
10884,Watchers of the Sky,https://www.metacritic.com/movie/watchers-of-the-sky,,,120
10885,Watching TV with the Red Chinese,https://www.metacritic.com/movie/watching-tv-with-the-red-chinese,,,105
10886,Watchmen,https://www.metacritic.com/movie/watchmen,138000000.0,186976250.0,162
10887,Water,https://www.metacritic.com/movie/water,3000000.0,11322573.0,117
10888,Water Drops on Burning Rocks,https://www.metacritic.com/movie/water-drops-on-burning-rocks,,,90
10889,Water for Elephants,https://www.metacritic.com/movie/water-for-elephants,38000000.0,116809717.0,122
10890,Water Lilies,https://www.metacritic.com/movie/water-lilies,,,85
10891,Watergate,https://www.metacritic.com/movie/watergate,,,260
10892,Watermark,https://www.metacritic.com/movie/watermark,,,92
10893,Watermarks,https://www.metacritic.com/movie/watermarks,,,80
10894,Wattstax (re-released),https://www.metacritic.com/movie/wattstax,,,98
10895,Waves,https://www.metacritic.com/movie/waves,,2575613.0,135
10896,Waydowntown,https://www.metacritic.com/movie/waydowntown,,,87
10897,W.E.,https://www.metacritic.com/movie/we,,939745.0,115
10898,We Are Freestyle Love Supreme,https://www.metacritic.com/movie/we-are-freestyle-love-supreme,,,90
10899,We Are Little Zombies,https://www.metacritic.com/movie/we-are-little-zombies,,,120
10900,We Are Marshall,https://www.metacritic.com/movie/we-are-marshall,65000000.0,,131
10901,We Are Still Here,https://www.metacritic.com/movie/we-are-still-here,,34362.0,84
10902,We Are the Best!,https://www.metacritic.com/movie/we-are-the-best!,,,102
10903,We Are the Flesh,https://www.metacritic.com/movie/we-are-the-flesh,,,79
10904,We Are the Giant,https://www.metacritic.com/movie/we-are-the-giant,,,92
10905,We Are What We Are,https://www.metacritic.com/movie/we-are-what-we-are,,,90
10906,We Are What We Are,https://www.metacritic.com/movie/we-are-what-we-are-2013,,353070.0,105
10907,We Are Wizards,https://www.metacritic.com/movie/we-are-wizards,,,79
10908,We Are X,https://www.metacritic.com/movie/we-are-x,,3132486.0,93
10909,We Are Your Friends,https://www.metacritic.com/movie/we-are-your-friends,2000000.0,10153415.0,96
10910,We Bought a Zoo,https://www.metacritic.com/movie/we-bought-a-zoo,50000000.0,118729073.0,124
10911,We Broke Up,https://www.metacritic.com/movie/we-broke-up,,,80
10912,We Can Be Heroes,https://www.metacritic.com/movie/we-can-be-heroes,,,
10913,We Come as Friends,https://www.metacritic.com/movie/we-come-as-friends,,,110
10914,We Don't Live Here Anymore,https://www.metacritic.com/movie/we-dont-live-here-anymore,,2313805.0,101
10915,We Have a Pope,https://www.metacritic.com/movie/we-have-a-pope,,,102
10916,We Have Always Lived in the Castle,https://www.metacritic.com/movie/we-have-always-lived-in-the-castle,,52071.0,90
10917,We Jam Econo: The Story of the Minutemen,https://www.metacritic.com/movie/we-jam-econo-the-story-of-the-minutemen,,,91
10918,We Live in Public,https://www.metacritic.com/movie/we-live-in-public,,54706.0,
10919,We Need to Do Something,https://www.metacritic.com/movie/we-need-to-do-something,,,97
10920,We Need to Talk About Kevin,https://www.metacritic.com/movie/we-need-to-talk-about-kevin,7000000.0,10765283.0,110
10921,We Own the Night,https://www.metacritic.com/movie/we-own-the-night,28000000.0,55307857.0,117
10922,We Steal Secrets: The Story of WikiLeaks,https://www.metacritic.com/movie/we-steal-secrets-the-story-of-wikileaks,,602042.0,130
10923,We Summon the Darkness,https://www.metacritic.com/movie/we-summon-the-darkness,,,91
10924,We the Animals,https://www.metacritic.com/movie/we-the-animals,,452319.0,94
10925,We the Party,https://www.metacritic.com/movie/we-the-party,,,
10926,We Were Here,https://www.metacritic.com/movie/we-were-here,,,90
10927,We Were Soldiers,https://www.metacritic.com/movie/we-were-soldiers,70000000.0,114658262.0,138
10928,Weathering with You,https://www.metacritic.com/movie/weathering-with-you,,,112
10929,Web Junkie,https://www.metacritic.com/movie/web-junkie,,,74
10930,Wedding Crashers,https://www.metacritic.com/movie/wedding-crashers,40000000.0,283218368.0,119
10931,Wedding Doll,https://www.metacritic.com/movie/wedding-doll,,,82
10932,Wedding Palace,https://www.metacritic.com/movie/wedding-palace,,,98
10933,Weekend,https://www.metacritic.com/movie/weekend,190000.0,1577585.0,96
10934,Weekend of a Champion,https://www.metacritic.com/movie/weekend-of-a-champion,,,80
10935,Weightless,https://www.metacritic.com/movie/weightless,,,93
10936,Weiner,https://www.metacritic.com/movie/weiner,,1751120.0,96
10937,Welcome,https://www.metacritic.com/movie/welcome,,4316974.0,110
10938,"Welcome Home, Roscoe Jenkins",https://www.metacritic.com/movie/welcome-home-roscoe-jenkins,27500000.0,43607627.0,114
10939,Welcome to Chechnya,https://www.metacritic.com/movie/welcome-to-chechnya,,,107
10940,Welcome to Collinwood,https://www.metacritic.com/movie/welcome-to-collinwood,12000000.0,4606284.0,86
10941,Welcome to Leith,https://www.metacritic.com/movie/welcome-to-leith,,36391.0,85
10942,Welcome To Marwen,https://www.metacritic.com/movie/welcome-to-marwen,45000000.0,13086137.0,116
10943,Welcome to Me,https://www.metacritic.com/movie/welcome-to-me,,629886.0,87
10944,Welcome to Mooseport,https://www.metacritic.com/movie/welcome-to-mooseport,26000000.0,14494770.0,110
10945,Welcome to New York,https://www.metacritic.com/movie/welcome-to-new-york,,27866.0,125
10946,Welcome to Pine Hill,https://www.metacritic.com/movie/welcome-to-pine-hill,,,81
10947,Welcome to the Jungle,https://www.metacritic.com/movie/welcome-to-the-jungle,,,95
10948,Welcome to the Punch,https://www.metacritic.com/movie/welcome-to-the-punch,,4207102.0,99
10949,Welcome to the Rileys,https://www.metacritic.com/movie/welcome-to-the-rileys,10000000.0,355919.0,110
10950,We'll Never Have Paris,https://www.metacritic.com/movie/well-never-have-paris,,,92
10951,Wendigo,https://www.metacritic.com/movie/wendigo,,,91
10952,Wendy,https://www.metacritic.com/movie/wendy,,266770.0,111
10953,Wendy and Lucy,https://www.metacritic.com/movie/wendy-and-lucy,300000.0,1416046.0,80
10954,Went to Coney Island on a Mission from God... Be Back by Five,https://www.metacritic.com/movie/went-to-coney-island-on-a-mission-from-god-be-back-by-five,,,94
10955,Werckmeister Harmonies,https://www.metacritic.com/movie/werckmeister-harmonies,,,145
10956,We're the Millers,https://www.metacritic.com/movie/were-the-millers,37000000.0,267816276.0,110
10957,Werewolf,https://www.metacritic.com/movie/werewolf,,,80
10958,Werewolves Within,https://www.metacritic.com/movie/werewolves-within,,823329.0,97
10959,West of Memphis,https://www.metacritic.com/movie/west-of-memphis,,407517.0,147
10960,West of Sunshine,https://www.metacritic.com/movie/west-of-sunshine,,,78
10961,West of the Jordan River,https://www.metacritic.com/movie/west-of-the-jordan-river,,,84
10962,West Side Story,https://www.metacritic.com/movie/west-side-story-2020,100000000.0,74146087.0,156
10963,Western,https://www.metacritic.com/movie/western,,,92
10964,Western,https://www.metacritic.com/movie/western-2017,,155551.0,121
10965,Western Stars,https://www.metacritic.com/movie/western-stars,,3581681.0,83
10966,"Westwood: Punk, Icon, Activist",https://www.metacritic.com/movie/westwood-punk-icon-activist,,356793.0,83
10967,Wet Hot American Summer,https://www.metacritic.com/movie/wet-hot-american-summer,,,97
10968,Wet Season,https://www.metacritic.com/movie/wet-season,,,103
10969,Wetlands,https://www.metacritic.com/movie/wetlands,,,105
10970,WeWork: Or the Making and Breaking of a $47 Billion Unicorn,https://www.metacritic.com/movie/wework-or-the-making-and-breaking-of-a-47-billion-unicorn,,,104
10971,Whale Rider,https://www.metacritic.com/movie/whale-rider,4300000.0,39374600.0,101
10972,What a Girl Wants,https://www.metacritic.com/movie/what-a-girl-wants,25000000.0,37216643.0,105
10973,What Alice Found,https://www.metacritic.com/movie/what-alice-found,,,96
10974,What Do We See When We Look at the Sky?,https://www.metacritic.com/movie/what-do-we-see-when-we-look-at-the-sky,,,150
10975,What Doesn't Kill You,https://www.metacritic.com/movie/what-doesnt-kill-you,,45370.0,100
10976,What Goes Up,https://www.metacritic.com/movie/what-goes-up,,,
10977,"What Happened, Miss Simone?",https://www.metacritic.com/movie/what-happened-miss-simone,,,101
10978,What Happened to Monday,https://www.metacritic.com/movie/what-happened-to-monday,,25956932.0,123
10979,What Happens in Vegas,https://www.metacritic.com/movie/what-happens-in-vegas,35000000.0,218535708.0,99
10980,What If,https://www.metacritic.com/movie/what-if-2014,,3590207.0,98
10981,What Is Democracy?,https://www.metacritic.com/movie/what-is-democracy,,,107
10982,What Keeps You Alive,https://www.metacritic.com/movie/what-keeps-you-alive,,,98
10983,What Lies Beneath,https://www.metacritic.com/movie/what-lies-beneath,90000000.0,288693989.0,130
10984,What Love Is,https://www.metacritic.com/movie/what-love-is,,,93
10985,What Maisie Knew,https://www.metacritic.com/movie/what-maisie-knew,,1286501.0,99
10986,What Men Want,https://www.metacritic.com/movie/what-men-want,20000000.0,69911903.0,117
10987,What Our Fathers Did: A Nazi Legacy,https://www.metacritic.com/movie/what-our-fathers-did-a-nazi-legacy,,53098.0,96
10988,What Planet Are You From?,https://www.metacritic.com/movie/what-planet-are-you-from,50000000.0,,105
10989,What Richard Did,https://www.metacritic.com/movie/what-richard-did,,488327.0,88
10990,What She Said: The Art of Pauline Kael,https://www.metacritic.com/movie/what-she-said-the-art-of-pauline-kael,,,98
10991,What the #$*! Do We (K)now!?,https://www.metacritic.com/movie/what-the-!-do-we-know!,4000000.0,11704768.0,109
10992,What the Bleep!?: Down the Rabbit Hole,https://www.metacritic.com/movie/what-the-bleep!-down-the-rabbit-hole,,,156
10993,What the Constitution Means to Me,https://www.metacritic.com/movie/what-the-constitution-means-to-me,,,100
10994,What They Had,https://www.metacritic.com/movie/what-they-had,,500441.0,101
10995,What Time Is It Over There?,https://www.metacritic.com/movie/what-time-is-it-over-there,,,116
10996,What to Do in Case of Fire,https://www.metacritic.com/movie/what-to-do-in-case-of-fire,,,101
10997,What to Expect When You're Expecting,https://www.metacritic.com/movie/what-to-expect-when-youre-expecting,37500000.0,88473016.0,110
10998,What We Become,https://www.metacritic.com/movie/what-we-become,,,85
10999,What We Did on Our Holiday,https://www.metacritic.com/movie/what-we-did-on-our-holiday,,3753965.0,95
11000,What We Do in the Shadows,https://www.metacritic.com/movie/what-we-do-in-the-shadows,,8257983.0,86
11001,What We Do Is Secret,https://www.metacritic.com/movie/what-we-do-is-secret,,,92
11002,What Will People Say,https://www.metacritic.com/movie/what-will-people-say,,,106
11003,What Women Want,https://www.metacritic.com/movie/what-women-want,65000000.0,374105123.0,127
11004,What Would Jesus Buy?,https://www.metacritic.com/movie/what-would-jesus-buy,,229270.0,
11005,What You Gonna Do When the World's on Fire?,https://www.metacritic.com/movie/what-you-gonna-do-when-the-worlds-on-fire,,66495.0,123
11006,Whatever It Takes,https://www.metacritic.com/movie/whatever-it-takes,15000000.0,,94
11007,Whatever Works,https://www.metacritic.com/movie/whatever-works,15000000.0,35106706.0,
11008,What's Cooking?,https://www.metacritic.com/movie/whats-cooking,,1705143.0,109
11009,What's the Matter with Kansas?,https://www.metacritic.com/movie/whats-the-matter-with-kansas,,,90
11010,What's the Worst That Could Happen?,https://www.metacritic.com/movie/whats-the-worst-that-could-happen,30000000.0,38462071.0,94
11011,What's Your Number?,https://www.metacritic.com/movie/whats-your-number,20000000.0,30163785.0,106
11012,Wheel of Fortune and Fantasy,https://www.metacritic.com/movie/wheel-of-fortune-and-fantasy,,194444.0,121
11013,Wheel of Time,https://www.metacritic.com/movie/wheel-of-time,,,80
11014,When a Stranger Calls,https://www.metacritic.com/movie/when-a-stranger-calls,15000000.0,67215435.0,87
11015,When Animals Dream,https://www.metacritic.com/movie/when-animals-dream,,,84
11016,When Brendan Met Trudy,https://www.metacritic.com/movie/when-brendan-met-trudy,,,
11017,When Comedy Went to School,https://www.metacritic.com/movie/when-comedy-went-to-school,,,83
11018,When Do We Eat?,https://www.metacritic.com/movie/when-do-we-eat,,,86
11019,When Evening Falls on Bucharest or Metabolism,https://www.metacritic.com/movie/when-evening-falls-on-bucharest-or-metabolism,,,89
11020,When I Saw You,https://www.metacritic.com/movie/when-i-saw-you,,,93
11021,When in Rome,https://www.metacritic.com/movie/when-in-rome,,43796937.0,91
11022,When Lambs Become Lions,https://www.metacritic.com/movie/when-lambs-become-lions,,10196.0,79
11023,When Marnie Was There,https://www.metacritic.com/movie/when-marnie-was-there,,,103
11024,When the Bough Breaks,https://www.metacritic.com/movie/when-the-bough-breaks,10000000.0,30768449.0,107
11025,When the Game Stands Tall,https://www.metacritic.com/movie/when-the-game-stands-tall,15000000.0,30138912.0,115
11026,When the Levees Broke: A Requiem in Four Acts,https://www.metacritic.com/movie/when-the-levees-broke-a-requiem-in-four-acts,,,255
11027,When the Road Bends: Tales of a Gypsy Caravan,https://www.metacritic.com/movie/when-the-road-bends-tales-of-a-gypsy-caravan,,697062.0,110
11028,When the Sea Rises,https://www.metacritic.com/movie/when-the-sea-rises,,,89
11029,When Two Worlds Collide,https://www.metacritic.com/movie/when-two-worlds-collide,,,103
11030,When We Leave,https://www.metacritic.com/movie/when-we-leave,,,119
11031,When Will I Be Loved,https://www.metacritic.com/movie/when-will-i-be-loved,,,81
11032,When You're Strange,https://www.metacritic.com/movie/when-youre-strange,,,
11033,Where Do We Go Now?,https://www.metacritic.com/movie/where-do-we-go-now,,,110
11034,Where Hands Touch,https://www.metacritic.com/movie/where-hands-touch,,100057.0,122
11035,Where Hope Grows,https://www.metacritic.com/movie/where-hope-grows,,1166052.0,95
11036,Where in the World Is Osama Bin Laden?,https://www.metacritic.com/movie/where-in-the-world-is-osama-bin-laden,,,90
11037,Where Is Kyra?,https://www.metacritic.com/movie/where-is-kyra,,,98
11038,Where Soldiers Come From,https://www.metacritic.com/movie/where-soldiers-come-from,,,91
11039,Where the Heart Is,https://www.metacritic.com/movie/where-the-heart-is,15000000.0,40862054.0,120
11040,Where the Money Is,https://www.metacritic.com/movie/where-the-money-is,,,89
11041,Where the Truth Lies,https://www.metacritic.com/movie/where-the-truth-lies,25000000.0,1415656.0,107
11042,Where the Wild Things Are,https://www.metacritic.com/movie/where-the-wild-things-are,100000000.0,99123656.0,101
11043,Where to Invade Next,https://www.metacritic.com/movie/where-to-invade-next,,4604687.0,120
11044,"Where'd You Go, Bernadette",https://www.metacritic.com/movie/whered-you-go-bernadette,20000000.0,10840632.0,109
11045,Where's My Roy Cohn?,https://www.metacritic.com/movie/wheres-my-roy-cohn,,722109.0,97
11046,Where's the Party Yaar?,https://www.metacritic.com/movie/wheres-the-party-yaar,,,110
11047,Which Way Is the Front Line from Here? The Life and Time of Tim Hetherington,https://www.metacritic.com/movie/which-way-is-the-front-line-from-here-the-life-and-time-of-tim-hetherington,,,78
11048,While We're Young,https://www.metacritic.com/movie/while-were-young,10000000.0,17503828.0,97
11049,Whip It,https://www.metacritic.com/movie/whip-it,15000000.0,18889972.0,111
11050,Whiplash,https://www.metacritic.com/movie/whiplash,3300000.0,39123993.0,107
11051,Whipped,https://www.metacritic.com/movie/whipped,3000000.0,,82
11052,Whiskey Tango Foxtrot,https://www.metacritic.com/movie/whiskey-tango-foxtrot,35000000.0,25350747.0,112
11053,Whisky,https://www.metacritic.com/movie/whisky,,,94
11054,Whisky Galore!,https://www.metacritic.com/movie/whisky-galore!,,661232.0,98
11055,White Bird in a Blizzard,https://www.metacritic.com/movie/white-bird-in-a-blizzard,,617419.0,91
11056,White Boy Rick,https://www.metacritic.com/movie/white-boy-rick,30000000.0,25947983.0,111
11057,White Chicks,https://www.metacritic.com/movie/white-chicks,20000000.0,111448997.0,109
11058,White Elephant,https://www.metacritic.com/movie/white-elephant,,,105
11059,White Girl,https://www.metacritic.com/movie/white-girl,,,88
11060,White God,https://www.metacritic.com/movie/white-god,,,121
11061,White House Down,https://www.metacritic.com/movie/white-house-down,150000000.0,205440387.0,131
11062,White Irish Drinkers,https://www.metacritic.com/movie/white-irish-drinkers,,,109
11063,"White King, Red Rubber, Black Death",https://www.metacritic.com/movie/white-king-red-rubber-black-death,,,84
11064,White Material,https://www.metacritic.com/movie/white-material,,,106
11065,White Noise,https://www.metacritic.com/movie/white-noise,,1295735.0,101
11066,White Oleander,https://www.metacritic.com/movie/white-oleander,16000000.0,21657770.0,109
11067,White on Rice,https://www.metacritic.com/movie/white-on-rice,,,83
11068,White Rabbit,https://www.metacritic.com/movie/white-rabbit,,,90
11069,White Reindeer,https://www.metacritic.com/movie/white-reindeer,,,82
11070,White Riot,https://www.metacritic.com/movie/white-riot,,185528.0,80
11071,White Sun,https://www.metacritic.com/movie/white-sun-seto-surya,,,89
11072,White Wedding,https://www.metacritic.com/movie/white-wedding,,,93
11073,Whiteout,https://www.metacritic.com/movie/whiteout,35000000.0,12254746.0,101
11074,Whitey: United States of America v. James J. Bulger,https://www.metacritic.com/movie/whitey-united-states-of-america-v-james-j-bulger,,,107
11075,Whitney,https://www.metacritic.com/movie/whitney,,4703709.0,120
11076,Whitney: Can I Be Me,https://www.metacritic.com/movie/whitney-can-i-be-me,,403589.0,105
11077,Whiz Kids,https://www.metacritic.com/movie/whiz-kids,,,82
11078,Who Do You Love,https://www.metacritic.com/movie/who-do-you-love,,,91
11079,Who Gets to Call It Art?,https://www.metacritic.com/movie/who-gets-to-call-it-art,,,78
11080,Who Is Cletis Tout?,https://www.metacritic.com/movie/who-is-cletis-tout,,,92
11081,Who Is Harry Nilsson (And Why Is Everybody Talkin' About Him?),https://www.metacritic.com/movie/who-is-harry-nilsson-and-why-is-everybody-talkin-about-him,,,116
11082,Who Killed Bambi?,https://www.metacritic.com/movie/who-killed-bambi,,1181825.0,126
11083,Who Killed Nancy?,https://www.metacritic.com/movie/who-killed-nancy,,,89
11084,Who Killed the Electric Car?,https://www.metacritic.com/movie/who-killed-the-electric-car,1000000.0,1849392.0,92
11085,Who the #$&% Is Jackson Pollock?,https://www.metacritic.com/movie/who-the--is-jackson-pollock,,,74
11086,Who We Are Now,https://www.metacritic.com/movie/who-we-are-now,,,95
11087,Who You Think I Am,https://www.metacritic.com/movie/who-you-think-i-am,,,101
11088,Whole New Thing,https://www.metacritic.com/movie/whole-new-thing,,,92
11089,Whores' Glory,https://www.metacritic.com/movie/whores-glory,,630541.0,110
11090,Who's Your Caddy?,https://www.metacritic.com/movie/whos-your-caddy,7000000.0,,93
11091,Whose Streets?,https://www.metacritic.com/movie/whose-streets,,,90
11092,Why Did I Get Married?,https://www.metacritic.com/movie/why-did-i-get-married,15000000.0,55934178.0,113
11093,Why Did I Get Married Too?,https://www.metacritic.com/movie/why-did-i-get-married-too,20000000.0,60831067.0,121
11094,Why Don't You Just Die!,https://www.metacritic.com/movie/why-dont-you-just-die!,,,99
11095,Why Don't You Play in Hell?,https://www.metacritic.com/movie/why-dont-you-play-in-hell,,,129
11096,Why Him?,https://www.metacritic.com/movie/why-him,38000000.0,117425156.0,111
11097,Why Stop Now,https://www.metacritic.com/movie/why-stop-now,,,85
11098,Why We Fight,https://www.metacritic.com/movie/why-we-fight,,,98
11099,Wicker Park,https://www.metacritic.com/movie/wicker-park,30000000.0,21577076.0,114
11100,Widows,https://www.metacritic.com/movie/widows,40000000.0,75984700.0,129
11101,Wiener-Dog,https://www.metacritic.com/movie/wiener-dog,,727927.0,88
11102,Wife of a Spy,https://www.metacritic.com/movie/wife-of-a-spy,,,115
11103,Wilbur Wants to Kill Himself,https://www.metacritic.com/movie/wilbur-wants-to-kill-himself,,,109
11104,Wild,https://www.metacritic.com/movie/wild,15000000.0,52460543.0,115
11105,Wild Canaries,https://www.metacritic.com/movie/wild-canaries,,,96
11106,Wild Card,https://www.metacritic.com/movie/wild-card,30000000.0,4315789.0,92
11107,Wild Grass,https://www.metacritic.com/movie/wild-grass,,,104
11108,Wild Hogs,https://www.metacritic.com/movie/wild-hogs,60000000.0,253555383.0,100
11109,Wild Horses,https://www.metacritic.com/movie/wild-horses,,,100
11110,Wild Indian,https://www.metacritic.com/movie/wild-indian,,,90
11111,Wild Mountain Thyme,https://www.metacritic.com/movie/wild-mountain-thyme,,1482272.0,102
11112,Wild Nights with Emily,https://www.metacritic.com/movie/wild-nights-with-emily,,,84
11113,Wild Rose,https://www.metacritic.com/movie/wild-rose,,6826420.0,101
11114,Wild Side,https://www.metacritic.com/movie/wild-side,,,93
11115,Wild Tales,https://www.metacritic.com/movie/wild-tales,,,122
11116,Wild Target,https://www.metacritic.com/movie/wild-target,8000000.0,5314194.0,98
11117,Wild Tigers I Have Known,https://www.metacritic.com/movie/wild-tigers-i-have-known,,,88
11118,Wild West Comedy Show: 30 Days & 30 Nights - Hollywood to the Heartland,https://www.metacritic.com/movie/wild-west-comedy-show-30-days-30-nights---hollywood-to-the-heartland,,,100
11119,Wildflowers,https://www.metacritic.com/movie/wildflowers,,,93
11120,Wildlife,https://www.metacritic.com/movie/wildlife,,3754539.0,105
11121,Wildling,https://www.metacritic.com/movie/wildling,,357394.0,92
11122,Willard,https://www.metacritic.com/movie/willard,20000000.0,,100
11123,William,https://www.metacritic.com/movie/william,,,100
11124,William Eggleston in the Real World,https://www.metacritic.com/movie/william-eggleston-in-the-real-world,,,87
11125,William Kunstler: Disturbing the Universe,https://www.metacritic.com/movie/william-kunstler-disturbing-the-universe,,,85
11126,William S. Burroughs: A Man Within,https://www.metacritic.com/movie/william-s-burroughs-a-man-within,,,87
11127,Willow Creek,https://www.metacritic.com/movie/willow-creek,,,77
11128,Willy's Wonderland,https://www.metacritic.com/movie/willys-wonderland,,,88
11129,Wilson,https://www.metacritic.com/movie/wilson,,710383.0,94
11130,Wimbledon,https://www.metacritic.com/movie/wimbledon,35000000.0,41666476.0,98
11131,Win a Date with Tad Hamilton!,https://www.metacritic.com/movie/win-a-date-with-tad-hamilton!,24000000.0,17589829.0,95
11132,Win It All,https://www.metacritic.com/movie/win-it-all,,,88
11133,Win Win,https://www.metacritic.com/movie/win-win,5000000.0,11869063.0,106
11134,Winchester,https://www.metacritic.com/movie/winchester,3500000.0,45960255.0,99
11135,Wind Chill,https://www.metacritic.com/movie/wind-chill,,,91
11136,Wind River,https://www.metacritic.com/movie/wind-river,11000000.0,44984979.0,107
11137,Windfall,https://www.metacritic.com/movie/windfall,,,81
11138,Windtalkers,https://www.metacritic.com/movie/windtalkers,115000000.0,77628265.0,134
11139,Wine Country,https://www.metacritic.com/movie/wine-country,,,103
11140,Winged Migration,https://www.metacritic.com/movie/winged-migration,28000000.0,39134983.0,89
11141,Winnebago Man,https://www.metacritic.com/movie/winnebago-man,,,85
11142,Winnie Mandela,https://www.metacritic.com/movie/winnie-mandela,15000000.0,,
11143,Winnie the Pooh,https://www.metacritic.com/movie/winnie-the-pooh,30000000.0,50145607.0,69
11144,Winter Brothers,https://www.metacritic.com/movie/winter-brothers,,,94
11145,Winter in the Blood,https://www.metacritic.com/movie/winter-in-the-blood,,,105
11146,Winter in Wartime,https://www.metacritic.com/movie/winter-in-wartime,5800000.0,9662214.0,103
11147,Winter on Fire: Ukraine's Fight for Freedom,https://www.metacritic.com/movie/winter-on-fire-ukraines-fight-for-freedom,,,102
11148,Winter Passing,https://www.metacritic.com/movie/winter-passing,3500000.0,113783.0,98
11149,Winter Sleep,https://www.metacritic.com/movie/winter-sleep,,,196
11150,Winter Sleepers,https://www.metacritic.com/movie/winter-sleepers,,,122
11151,Winter Solstice,https://www.metacritic.com/movie/winter-solstice,,,90
11152,Winter's Bone,https://www.metacritic.com/movie/winters-bone,2000000.0,16131551.0,100
11153,Winter's Tale,https://www.metacritic.com/movie/winters-tale,60000000.0,29575033.0,118
11154,Wish I Was Here,https://www.metacritic.com/movie/wish-i-was-here,6000000.0,6591365.0,106
11155,Wish Me Away,https://www.metacritic.com/movie/wish-me-away,,,120
11156,Wish Upon,https://www.metacritic.com/movie/wish-upon,12000000.0,23477345.0,90
11157,Wish You Were Here,https://www.metacritic.com/movie/wish-you-were-here,,1456312.0,89
11158,Witching and Bitching,https://www.metacritic.com/movie/witching-and-bitching,,,112
11159,With All Deliberate Speed,https://www.metacritic.com/movie/with-all-deliberate-speed,,,
11160,With God on Our Side: George W. Bush and the Rise of the Religious Right in America,https://www.metacritic.com/movie/with-god-on-our-side-george-w-bush-and-the-rise-of-the-religious-right-in-america,,,100
11161,Without a Paddle,https://www.metacritic.com/movie/without-a-paddle,30000000.0,65121280.0,95
11162,Without the King,https://www.metacritic.com/movie/without-the-king,,,83
11163,WMD: Weapons of Mass Deception,https://www.metacritic.com/movie/wmd-weapons-of-mass-deception,,,98
11164,Wojnarowicz,https://www.metacritic.com/movie/wojnarowicz,,,105
11165,Wolf,https://www.metacritic.com/movie/wolf-2021,,153575.0,98
11166,Wolf Creek,https://www.metacritic.com/movie/wolf-creek,1100000.0,29005064.0,99
11167,Wolf Creek 2,https://www.metacritic.com/movie/wolf-creek-2,,165329.0,106
11168,Wolf Totem,https://www.metacritic.com/movie/wolf-totem,,,121
11169,Wolfgang,https://www.metacritic.com/movie/wolfgang,,,78
11170,Wolfwalkers,https://www.metacritic.com/movie/wolfwalkers,11250000.0,3241142.0,103
11171,Wolke Neun,https://www.metacritic.com/movie/wolke-neun,,,98
11172,Wolves,https://www.metacritic.com/movie/wolves,18000000.0,94953.0,91
11173,Wolves,https://www.metacritic.com/movie/wolves-2017,,,109
11174,Woman at War,https://www.metacritic.com/movie/woman-at-war,,,101
11175,Woman in Gold,https://www.metacritic.com/movie/woman-in-gold,11000000.0,58586407.0,109
11176,Woman Is the Future of Man,https://www.metacritic.com/movie/woman-is-the-future-of-man,,,88
11177,Woman on the Beach,https://www.metacritic.com/movie/woman-on-the-beach,,,100
11178,Woman on Top,https://www.metacritic.com/movie/woman-on-top,8000000.0,10192613.0,92
11179,Woman Thou Art Loosed,https://www.metacritic.com/movie/woman-thou-art-loosed,3000000.0,,94
11180,Woman Walks Ahead,https://www.metacritic.com/movie/woman-walks-ahead,12000000.0,627538.0,101
11181,Womb,https://www.metacritic.com/movie/womb,13000000.0,,111
11182,Women in Trouble,https://www.metacritic.com/movie/women-in-trouble,,,92
11183,Women Without Men,https://www.metacritic.com/movie/women-without-men,,,95
11184,Wonder,https://www.metacritic.com/movie/wonder,20000000.0,311868895.0,113
11185,Wonder Boys,https://www.metacritic.com/movie/wonder-boys,35000000.0,33422485.0,107
11186,Wonder Park,https://www.metacritic.com/movie/wonder-park,100000000.0,115112118.0,85
11187,Wonder Wheel,https://www.metacritic.com/movie/wonder-wheel,,13736872.0,101
11188,Wonder Woman,https://www.metacritic.com/movie/wonder-woman,150000000.0,818058221.0,141
11189,Wonder Woman 1984,https://www.metacritic.com/movie/wonder-woman-1984,200000000.0,166360232.0,151
11190,Wonderful World,https://www.metacritic.com/movie/wonderful-world,,,95
11191,Wonderland,https://www.metacritic.com/movie/wonderland,5500000.0,1128468.0,104
11192,Wonderland,https://www.metacritic.com/movie/wonderland-2000,,1819527.0,108
11193,Wonderstruck,https://www.metacritic.com/movie/wonderstruck,,2948862.0,116
11194,Wondrous Oblivion,https://www.metacritic.com/movie/wondrous-oblivion,,,106
11195,Won't Back Down,https://www.metacritic.com/movie/wont-back-down,19000000.0,5745503.0,121
11196,Won't You Be My Neighbor?,https://www.metacritic.com/movie/wont-you-be-my-neighbor,,22847638.0,94
11197,Woodshock,https://www.metacritic.com/movie/woodshock,,43550.0,100
11198,Woodstock 99: Peace Love and Rage,https://www.metacritic.com/movie/woodstock-99-peace-love-and-rage,,,
11199,Woodstock: Three Days that Defined a Generation,https://www.metacritic.com/movie/woodstock-three-days-that-defined-a-generation,,,106
11200,Word Wars,https://www.metacritic.com/movie/word-wars,,,80
11201,Wordplay,https://www.metacritic.com/movie/wordplay,500000.0,3177636.0,94
11202,Words and Pictures,https://www.metacritic.com/movie/words-and-pictures,,3345795.0,111
11203,Words on Bathroom Walls,https://www.metacritic.com/movie/words-on-bathroom-walls,9300000.0,3117353.0,110
11204,Work It,https://www.metacritic.com/movie/work-it,,,93
11205,Working Woman,https://www.metacritic.com/movie/working-woman,,,93
11206,Workingman's Death,https://www.metacritic.com/movie/workingmans-death,,,122
11207,World on a Wire (1973),https://www.metacritic.com/movie/world-on-a-wire-1973,,,205
11208,World Trade Center,https://www.metacritic.com/movie/world-trade-center,65000000.0,163295654.0,129
11209,World Traveler,https://www.metacritic.com/movie/world-traveler,,,103
11210,World War Z,https://www.metacritic.com/movie/world-war-z,190000000.0,531861650.0,116
11211,World's Greatest Dad,https://www.metacritic.com/movie/worlds-greatest-dad,10000000.0,295750.0,99
11212,Worth,https://www.metacritic.com/movie/worth,,174857.0,118
11213,Would You Rather,https://www.metacritic.com/movie/would-you-rather,,,93
11214,Wounds,https://www.metacritic.com/movie/wounds,,,95
11215,Wrath of Man,https://www.metacritic.com/movie/wrath-of-man,40000000.0,103966489.0,
11216,Wreck-It Ralph,https://www.metacritic.com/movie/wreck-it-ralph,165000000.0,496511521.0,108
11217,Wrecked,https://www.metacritic.com/movie/wrecked,,,91
11218,Wrestle,https://www.metacritic.com/movie/wrestle,,,96
11219,Wrestling with Angels: Playwright Tony Kushner,https://www.metacritic.com/movie/wrestling-with-angels-playwright-tony-kushner,,,98
11220,Wrinkles,https://www.metacritic.com/movie/wrinkles,,,89
11221,Wrinkles the Clown,https://www.metacritic.com/movie/wrinkles-the-clown,,17513.0,75
11222,Wristcutters: A Love Story,https://www.metacritic.com/movie/wristcutters-a-love-story,1000000.0,473769.0,88
11223,Writer of O,https://www.metacritic.com/movie/writer-of-o,,,80
11224,Writing with Fire,https://www.metacritic.com/movie/writing-with-fire,,24973.0,93
11225,Wrong,https://www.metacritic.com/movie/wrong,,100699.0,94
11226,Wrong Cops,https://www.metacritic.com/movie/wrong-cops,,,83
11227,Wrong Turn,https://www.metacritic.com/movie/wrong-turn,10000000.0,28649556.0,84
11228,Wrong Turn,https://www.metacritic.com/movie/wrong-turn-2021,,3643760.0,109
11229,Wuthering Heights,https://www.metacritic.com/movie/wuthering-heights,8000000.0,2721534.0,129
11230,WXIII: Patlabor the Movie 3,https://www.metacritic.com/movie/wxiii-patlabor-the-movie-3,,,102
11231,Wyrmwood: Road of the Dead,https://www.metacritic.com/movie/wyrmwood-road-of-the-dead,,,98
11232,X,https://www.metacritic.com/movie/x,,,97
11233,X Games 3D: The Movie,https://www.metacritic.com/movie/x-games-3d-the-movie,,,92
11234,X-Men,https://www.metacritic.com/movie/x-men,75000000.0,296872367.0,104
11235,X-Men: Apocalypse,https://www.metacritic.com/movie/x-men-apocalypse,178000000.0,542537546.0,144
11236,X-Men: Days of Future Past,https://www.metacritic.com/movie/x-men-days-of-future-past,200000000.0,747862775.0,131
11237,X-Men: First Class,https://www.metacritic.com/movie/x-men-first-class,160000000.0,355408305.0,132
11238,X-Men Origins: Wolverine,https://www.metacritic.com/movie/x-men-origins-wolverine,150000000.0,374825760.0,107
11239,X-Men: The Last Stand,https://www.metacritic.com/movie/x-men-the-last-stand,210000000.0,459260946.0,104
11240,X2: X-Men United,https://www.metacritic.com/movie/x2-x-men-united,,,133
11241,XX,https://www.metacritic.com/movie/xx,,55668.0,80
11242,xXx,https://www.metacritic.com/movie/xxx,70000000.0,267200000.0,124
11243,xXx: Return of Xander Cage,https://www.metacritic.com/movie/xxx-return-of-xander-cage,85000000.0,345033359.0,107
11244,xXx: State of the Union,https://www.metacritic.com/movie/xxx-state-of-the-union,60000000.0,71073932.0,101
11245,XX/XY,https://www.metacritic.com/movie/xxxy,,,91
11246,XXY,https://www.metacritic.com/movie/xxy,,,86
11247,XY Chelsea,https://www.metacritic.com/movie/xy-chelsea,,12918.0,92
11248,Y Tu Mamá También,https://www.metacritic.com/movie/y-tu-mama-tambien,5000000.0,33649881.0,106
11249,Ya lyublyu tebya,https://www.metacritic.com/movie/ya-lyublyu-tebya,,,83
11250,Yakuza Apocalypse,https://www.metacritic.com/movie/yakuza-apocalypse,,,115
11251,Yakuza Princess,https://www.metacritic.com/movie/yakuza-princess,,35763.0,112
11252,"Yalda, a Night for Forgivness",https://www.metacritic.com/movie/yalda-a-night-for-forgivness,,,89
11253,Yang Ban Xi: The 8 Modelworks,https://www.metacritic.com/movie/yang-ban-xi-the-8-modelworks,,,90
11254,Yardie,https://www.metacritic.com/movie/yardie,,1532695.0,101
11255,Yat luk che,https://www.metacritic.com/movie/yat-luk-che,,,
11256,Year by the Sea,https://www.metacritic.com/movie/year-by-the-sea,,,114
11257,Year of the Dog,https://www.metacritic.com/movie/year-of-the-dog,,,97
11258,Year of the Fish,https://www.metacritic.com/movie/year-of-the-fish,,,96
11259,Year One,https://www.metacritic.com/movie/year-one,60000000.0,57604723.0,97
11260,Yelling to the Sky,https://www.metacritic.com/movie/yelling-to-the-sky,,,94
11261,Yellow Rose,https://www.metacritic.com/movie/yellow-rose,,,94
11262,Yes,https://www.metacritic.com/movie/yes,1700000.0,661221.0,100
11263,Yes Day,https://www.metacritic.com/movie/yes-day,,,86
11264,"Yes, God, Yes",https://www.metacritic.com/movie/yes-god-yes,,27.0,78
11265,Yes Man,https://www.metacritic.com/movie/yes-man,50000000.0,225990976.0,104
11266,Yes Nurse! No Nurse!,https://www.metacritic.com/movie/yes-nurse!-no-nurse!,,,100
11267,Yesterday,https://www.metacritic.com/movie/yesterday,,154754398.0,116
11268,Yi Yi,https://www.metacritic.com/movie/yi-yi,,1208123.0,173
11269,Yiddish Theater: A Love Story,https://www.metacritic.com/movie/yiddish-theater-a-love-story,,,90
11270,Yoga Hosers,https://www.metacritic.com/movie/yoga-hosers,5000000.0,38767.0,88
11271,Yogi Bear,https://www.metacritic.com/movie/yogi-bear,80000000.0,204774690.0,80
11272,Yomeddine,https://www.metacritic.com/movie/yomeddine,,81030.0,97
11273,"Yoo-Hoo, Mrs. Goldberg",https://www.metacritic.com/movie/yoo-hoo-mrs-goldberg,,,92
11274,Yosemite,https://www.metacritic.com/movie/yosemite,,,80
11275,Yossi,https://www.metacritic.com/movie/yossi,,,84
11276,Yossi & Jagger,https://www.metacritic.com/movie/yossi-jagger,,270232.0,65
11277,You Again,https://www.metacritic.com/movie/you-again,20000000.0,32838945.0,105
11278,You Ain't Seen Nothin' Yet,https://www.metacritic.com/movie/you-aint-seen-nothin-yet,,,115
11279,You Can Count on Me,https://www.metacritic.com/movie/you-can-count-on-me,1200000.0,10827356.0,111
11280,You Cannot Kill David Arquette,https://www.metacritic.com/movie/you-cannot-kill-david-arquette,,,
11281,You Don't Like the Truth: 4 Days Inside Guantanamo,https://www.metacritic.com/movie/you-dont-like-the-truth-4-days-inside-guantanamo,,,100
11282,You Don't Mess with the Zohan,https://www.metacritic.com/movie/you-dont-mess-with-the-zohan,90000000.0,202910991.0,113
11283,You Don't Nomi,https://www.metacritic.com/movie/you-dont-nomi,,,92
11284,You Got Served,https://www.metacritic.com/movie/you-got-served,8000000.0,50811858.0,95
11285,You Kill Me,https://www.metacritic.com/movie/you-kill-me,4000000.0,3858964.0,93
11286,"You, Me and Dupree",https://www.metacritic.com/movie/you-me-and-dupree,54000000.0,130402010.0,108
11287,You Should Have Left,https://www.metacritic.com/movie/you-should-have-left,,,93
11288,"You, the Living",https://www.metacritic.com/movie/you-the-living,,,95
11289,You Were Never Really Here,https://www.metacritic.com/movie/you-were-never-really-here,,10891281.0,89
11290,You Will Be My Son,https://www.metacritic.com/movie/you-will-be-my-son,,,102
11291,You Will Die At Twenty,https://www.metacritic.com/movie/you-will-die-at-twenty,,,103
11292,You Will Meet a Tall Dark Stranger,https://www.metacritic.com/movie/you-will-meet-a-tall-dark-stranger,15000000.0,38535748.0,98
11293,You Won't Miss Me,https://www.metacritic.com/movie/you-wont-miss-me,,,81
11294,Young Adam,https://www.metacritic.com/movie/young-adam,,857975.0,98
11295,Young Adult,https://www.metacritic.com/movie/young-adult,12000000.0,22750356.0,94
11296,Young Ahmed,https://www.metacritic.com/movie/young-ahmed,,,90
11297,Young & Beautiful,https://www.metacritic.com/movie/young-beautiful,,,95
11298,Young Bodies Heal Quickly,https://www.metacritic.com/movie/young-bodies-heal-quickly,,,102
11299,Young Goethe in Love,https://www.metacritic.com/movie/young-goethe-in-love,,,102
11300,Young Ones,https://www.metacritic.com/movie/young-ones,,112814.0,100
11301,Young@Heart,https://www.metacritic.com/movie/youngheart,,7649255.0,107
11302,Your Highness,https://www.metacritic.com/movie/your-highness,50000000.0,26121638.0,
11303,Your Name.,https://www.metacritic.com/movie/your-name,,,106
11304,Your Sister's Sister,https://www.metacritic.com/movie/your-sisters-sister,120000.0,3090593.0,90
11305,You're Gonna Miss Me,https://www.metacritic.com/movie/youre-gonna-miss-me,,,91
11306,You're Killing Me Susana,https://www.metacritic.com/movie/youre-killing-me-susana,,,100
11307,You're Next,https://www.metacritic.com/movie/youre-next,1000000.0,26887177.0,95
11308,You're Not You,https://www.metacritic.com/movie/youre-not-you,,921741.0,102
11309,"Yours, Mine and Ours",https://www.metacritic.com/movie/yours-mine-and-ours,45000000.0,72359917.0,90
11310,Yourself and Yours,https://www.metacritic.com/movie/yourself-and-yours,,166089.0,86
11311,Youssou Ndour: I Bring What I Love,https://www.metacritic.com/movie/youssou-ndour-i-bring-what-i-love,,,102
11312,Youth,https://www.metacritic.com/movie/youth,13000000.0,24001573.0,124
11313,Youth,https://www.metacritic.com/movie/youth-2017,,,135
11314,Youth in Oregon,https://www.metacritic.com/movie/youth-in-oregon,,,105
11315,Youth in Revolt,https://www.metacritic.com/movie/youth-in-revolt,18000000.0,19685588.0,90
11316,Youth Without Youth,https://www.metacritic.com/movie/youth-without-youth,,2061804.0,124
11317,You've Been Trumped,https://www.metacritic.com/movie/youve-been-trumped,,,95
11318,Yu-Gi-Oh!: The Movie,https://www.metacritic.com/movie/yu-gi-oh!-the-movie,,,90
11319,Yves Saint Laurent,https://www.metacritic.com/movie/yves-saint-laurent,,1493394.0,106
11320,Yves Saint Laurent 5 avenue Marceau 75116 Paris,https://www.metacritic.com/movie/yves-saint-laurent-5-avenue-marceau-75116-paris,,,85
11321,Z for Zachariah,https://www.metacritic.com/movie/z-for-zachariah,,,98
11322,Zack and Miri Make a Porno,https://www.metacritic.com/movie/zack-and-miri-make-a-porno,24000000.0,36856306.0,101
11323,Zack Snyder's Justice League,https://www.metacritic.com/movie/zack-snyders-justice-league,,,240
11324,Zama,https://www.metacritic.com/movie/zama,,631978.0,115
11325,Zappa,https://www.metacritic.com/movie/zappa,,212129.0,129
11326,Zarafa,https://www.metacritic.com/movie/zarafa,,,78
11327,Zathura: A Space Adventure,https://www.metacritic.com/movie/zathura-a-space-adventure,,,113
11328,Zaytoun,https://www.metacritic.com/movie/zaytoun,,160031.0,110
11329,Zebraman,https://www.metacritic.com/movie/zebraman,,,115
11330,Zelary,https://www.metacritic.com/movie/zelary,,,150
11331,Zen Noir,https://www.metacritic.com/movie/zen-noir,,,71
11332,Zero Bridge,https://www.metacritic.com/movie/zero-bridge,,,96
11333,Zero Charisma,https://www.metacritic.com/movie/zero-charisma,,,86
11334,Zero Dark Thirty,https://www.metacritic.com/movie/zero-dark-thirty,52500000.0,134612435.0,157
11335,Zero Day,https://www.metacritic.com/movie/zero-day,,10390.0,92
11336,Zero Days,https://www.metacritic.com/movie/zero-days,,111904.0,116
11337,Zero Motivation,https://www.metacritic.com/movie/zero-motivation,,141863.0,97
11338,Zerophilia,https://www.metacritic.com/movie/zerophilia,,,90
11339,Zeros and Ones,https://www.metacritic.com/movie/zeros-and-ones,,,85
11340,Zeroville,https://www.metacritic.com/movie/zeroville,,65424.0,96
11341,Zhantai,https://www.metacritic.com/movie/zhantai,,,154
11342,Zheng hun qi shi,https://www.metacritic.com/movie/zheng-hun-qi-shi,,,104
11343,Zhou Yu de huo che,https://www.metacritic.com/movie/zhou-yu-de-huo-che,,,97
11344,Ziggy Stardust and the Spiders from Mars,https://www.metacritic.com/movie/ziggy-stardust-and-the-spiders-from-mars,,,90
11345,ZigZag,https://www.metacritic.com/movie/zigzag,,,101
11346,Zipper,https://www.metacritic.com/movie/zipper,4500000.0,,103
11347,Zipper: Coney Island's Last Wild Ride,https://www.metacritic.com/movie/zipper-coney-islands-last-wild-ride,,,77
11348,Zizek!,https://www.metacritic.com/movie/zizek!,,,71
11349,Zodiac,https://www.metacritic.com/movie/zodiac,85000000.0,83080084.0,157
11350,Zoe,https://www.metacritic.com/movie/zoe,,403625.0,104
11351,Zola,https://www.metacritic.com/movie/zola,,4998994.0,86
11352,Zombi Child,https://www.metacritic.com/movie/zombi-child,,200910.0,103
11353,Zombie Honeymoon,https://www.metacritic.com/movie/zombie-honeymoon,,,83
11354,Zombie Strippers!,https://www.metacritic.com/movie/zombie-strippers!,,8259.0,94
11355,Zombieland,https://www.metacritic.com/movie/zombieland,23600000.0,102236596.0,88
11356,Zombieland: Double Tap,https://www.metacritic.com/movie/zombieland-double-tap,48000000.0,122266018.0,99
11357,Zoo,https://www.metacritic.com/movie/zoo,,,
11358,Zookeeper,https://www.metacritic.com/movie/zookeeper,80000000.0,170805525.0,104
11359,Zoolander,https://www.metacritic.com/movie/zoolander,28000000.0,60780981.0,89
11360,Zoolander 2,https://www.metacritic.com/movie/zoolander-2,50000000.0,55348693.0,102
11361,Zoom,https://www.metacritic.com/movie/zoom,35000000.0,12506188.0,83
11362,Zoom,https://www.metacritic.com/movie/zoom-2016,,2784.0,96
11363,Zootopia,https://www.metacritic.com/movie/zootopia,150000000.0,1004629935.0,108
11364,Zus & zo,https://www.metacritic.com/movie/zus-zo,,,106
